;erro
0;0,07752487
1;0,06384774
2;0,059803516
3;0,007722276
4;0,07772789
5;0,0032713423
6;0,12118725
7;0,021618763
8;0,11243796
9;0,096620955
10;0,0011020257
11;0,22238903
12;0,061908204
13;0,09214856
14;0,021787886
15;0,17016767
16;0,105030224
17;0,0016822079
18;0,008063894
19;0,115544364
20;0,117820844
21;0,0705467
22;0,025039192
23;0,063436136
24;0,17049074
25;0,09544223
26;0,058061767
27;0,02152642
28;0,004533486
29;0,07305267
30;0,09754982
31;0,024383254
32;0,089903325
33;0,060796745
34;0,058630373
35;0,20623264
36;0,0003970716
37;0,1393961
38;0,0051044924
39;0,02160617
40;0,5578109
41;0,0015640308
42;0,00079574715
43;0,0014883913
44;0,0008092461
45;0,043073956
46;0,0050300024
47;0,08956922
48;0,06170412
49;0,12727858
50;0,11026509
51;0,00665109
52;0,0022732408
53;0,15003808
54;0,133177
55;0,10445836
56;0,006028719
57;0,12740993
58;0,056862794
59;0,06606696
60;0,040459987
61;0,1305874
62;0,06527488
63;0,2543732
64;0,00035410203
65;0,023172941
66;0,037327547
67;0,018742844
68;0,108520865
69;0,016532116
70;0,004816091
71;0,0007190625
72;0,016278448
73;0,0040742867
74;0,0044153896
75;0,0054890914
76;0,16241746
77;0,044639923
78;0,10218424
79;0,17175376
80;0,0010556707
81;0,0026661167
82;0,08938601
83;0,0035495341
84;0,05812369
85;0,10669274
86;0,0011220936
87;0,38570738
88;0,065280356
89;0,0032433525
90;0,02442147
91;0,0015694755
92;0,016732484
93;0,0076779304
94;0,025428133
95;0,13540104
96;0,09098282
97;0,0014085907
98;0,019622559
99;0,00064603414
100;0,001804509
101;0,19364163
102;0,11862829
103;0,00048712577
104;0,025724048
105;0,12879081
106;0,03934169
107;0,0033284419
108;0,07307264
109;0,00038795138
110;0,120271266
111;0,043918025
112;0,003034772
113;0,14197218
114;0,0017343536
115;0,1642076
116;0,005256949
117;0,0018911915
118;0,022638064
119;0,0018165546
120;0,0018512767
121;0,021527242
122;0,11332677
123;0,11480693
124;0,08718495
125;0,004048852
126;0,023303777
127;0,06269604
128;0,07121502
129;0,006207618
130;0,12309667
131;0,0346561
132;0,002227108
133;0,1413097
134;0,24199718
135;0,02098307
136;0,0006553914
137;0,05134377
138;0,15972298
139;0,0044594295
140;0,131472
141;0,0022162544
142;0,0030965754
143;0,062651955
144;0,09763204
145;0,0019209373
146;0,05640282
147;0,11928938
148;0,004107832
149;0,0042369277
150;0,033556946
151;0,040495355
152;0,09336666
153;0,0999463
154;0,10076528
155;0,0040643048
156;0,05326676
157;0,0026666853
158;0,08854208
159;0,018405005
160;0,019014422
161;0,0029362948
162;0,0028762452
163;0,026685776
164;0,07445913
165;0,040176347
166;0,002166726
167;0,032647453
168;0,0069417376
169;0,023803987
170;0,0024839176
171;0,0015677428
172;0,08161389
173;0,006954539
174;0,0021460757
175;0,08826241
176;0,017109059
177;0,008705435
178;0,070301645
179;0,022979107
180;0,15306696
181;0,071947455
182;0,13387886
183;0,004311883
184;0,02107397
185;0,15600462
186;0,13530898
187;0,17566702
188;0,008413793
189;0,026254198
190;0,09443879
191;0,006381251
192;0,022103872
193;0,005260904
194;0,13304225
195;0,0008879839
196;0,0015307528
197;0,0030890726
198;0,00073349243
199;0,0015895882
200;0,09283301
201;0,00067793636
202;0,0062195403
203;0,063704394
204;0,14176887
205;0,11216228
206;0,00057813834
207;0,0050285948
208;0,012764109
209;0,002037023
210;0,001000982
211;0,069454774
212;0,10024435
213;0,0013074763
214;0,075883254
215;0,060656227
216;0,052431475
217;0,0004813505
218;0,08839683
219;0,18385527
220;0,16611257
221;0,16328426
222;0,022056611
223;0,060551476
224;0,021553421
225;0,15081677
226;0,19433828
227;0,036452215
228;0,016567968
229;0,00076940557
230;0,124373846
231;0,26766816
232;0,15602149
233;0,10900137
234;0,00061174016
235;0,17044745
236;0,16229458
237;0,0036285094
238;0,0011616515
239;0,061829176
240;0,1423982
241;0,0011695948
242;0,01814687
243;0,0059313904
244;0,02432696
245;0,09541324
246;0,0026419885
247;0,05441531
248;0,053665936
249;0,0010759542
250;0,07902538
251;0,1233328
252;0,016219525
253;0,00037571636
254;0,00050344074
255;0,015876967
256;0,05527737
257;0,13608335
258;0,09274629
259;0,08602969
260;0,02268372
261;0,0038861292
262;0,0007166255
263;0,018733518
264;0,017637135
265;0,05987088
266;0,0007517532
267;0,058951646
268;0,12667763
269;0,02524263
270;0,0033387132
271;0,27323833
272;0,06286335
273;0,0025258746
274;0,0018936011
275;0,0013823775
276;0,016711023
277;0,0016166513
278;0,18187681
279;0,004577485
280;0,15053336
281;0,13333705
282;0,074579075
283;0,087298125
284;0,19384682
285;0,13594073
286;0,008575891
287;0,029698158
288;0,07569453
289;0,022410769
290;0,052844007
291;0,22605409
292;0,0031242832
293;0,18120211
294;0,006262176
295;0,0043883827
296;0,005532385
297;0,00062451966
298;0,14530958
299;0,117818445
300;0,18545347
301;0,16897303
302;0,085675456
303;0,116234824
304;0,15109524
305;0,00088919373
306;0,043310847
307;0,0004970147
308;0,001900102
309;0,11600812
310;0,0082577
311;0,038762465
312;0,001454453
313;0,045250874
314;0,07842144
315;0,06418341
316;0,09196502
317;0,090055004
318;0,00059054984
319;0,15103656
320;0,08666529
321;0,0017989136
322;0,0018356564
323;0,084062025
324;0,07399915
325;0,004905184
326;0,06710415
327;0,041406233
328;0,004533916
329;0,00063225906
330;0,09201686
331;0,01583314
332;0,079629324
333;0,14797316
334;0,0988138
335;0,0009539088
336;0,0055705705
337;0,00067570154
338;0,004881188
339;0,0010233852
340;0,15711087
341;0,0010114603
342;0,062348343
343;0,15309688
344;0,05739619
345;0,004320166
346;0,13321263
347;0,004451579
348;0,02359483
349;0,14560483
350;0,0042881244
351;0,13968404
352;0,0009884725
353;0,02166353
354;0,07112703
355;0,107159846
356;0,08999826
357;0,0066042147
358;0,17537338
359;0,04071875
360;0,1521456
361;0,040836696
362;0,21402752
363;0,00058065297
364;0,0006109544
365;0,0005457705
366;0,00089956203
367;0,0239195
368;0,057666294
369;0,0015500144
370;0,17947471
371;0,0035040795
372;0,06663896
373;0,075370535
374;0,17494598
375;0,071802884
376;0,15008311
377;0,13710657
378;0,05234987
379;0,07012096
380;0,16221157
381;0,0012185575
382;0,0017404505
383;0,019863896
384;0,09786482
385;0,15950307
386;0,002639342
387;0,13773912
388;0,004640542
389;0,003698313
390;0,0054764207
391;0,0053402847
392;0,022875657
393;0,102027334
394;0,0006072195
395;0,0232123
396;0,0042174095
397;0,023686377
398;0,11253056
399;0,006135204
400;0,0021933399
401;0,00030768802
402;0,000534334
403;0,0059840027
404;0,061779078
405;0,0013098951
406;0,0860537
407;0,03761465
408;0,20564885
409;0,0018451761
410;0,001050162
411;0,35343647
412;0,006175384
413;0,0029646477
414;0,14492173
415;0,0006311325
416;0,0007180091
417;0,00612555
418;0,11274074
419;0,15688866
420;0,03817465
421;0,08172479
422;0,10184141
423;0,07291549
424;0,09812709
425;0,0013743431
426;0,012374152
427;0,10191589
428;0,0038792477
429;0,0018556876
430;0,00049434084
431;0,15275371
432;0,013597823
433;0,057106
434;0,10521406
435;0,078325264
436;0,05868029
437;0,04744129
438;0,0016736783
439;0,004668053
440;0,0018008773
441;0,12372113
442;0,0008002302
443;0,0010264682
444;0,013101174
445;0,056712575
446;0,070096254
447;0,06445206
448;0,02113182
449;0,0005871474
450;0,12412102
451;0,02055289
452;0,2869887
453;0,0776411
454;0,05279155
455;0,090742625
456;0,059955448
457;0,16673943
458;0,065817945
459;0,12348904
460;0,11608115
461;0,059050467
462;0,17092946
463;0,12166002
464;0,06343177
465;0,0133397505
466;0,07749098
467;0,0004965239
468;0,0005278113
469;0,049787216
470;0,0024294998
471;0,0022841939
472;0,09923828
473;0,10671596
474;0,025862658
475;0,038347714
476;0,08081582
477;0,09020656
478;0,002975579
479;0,054689825
480;0,0037228377
481;0,042611286
482;0,099979185
483;0,032809906
484;0,06563687
485;0,0039121527
486;0,10510533
487;0,14727011
488;0,058630735
489;0,02641228
490;0,11077759
491;0,003161386
492;0,005189192
493;0,0019566459
494;0,09757815
495;0,079028234
496;0,11929963
497;0,065592185
498;0,021156834
499;0,051886223
500;0,08174497
501;0,09537321
502;0,018001439
503;0,002817104
504;0,14243129
505;0,006407546
506;0,05598634
507;0,026633736
508;0,0003800008
509;0,0008808124
510;0,02449598
511;0,12753518
512;0,09590325
513;0,0057813013
514;0,064882316
515;0,087543696
516;0,08282702
517;0,00077981595
518;0,004661165
519;0,05996092
520;0,0006878408
521;0,09897582
522;0,48696363
523;0,004218744
524;0,002226152
525;0,06097284
526;0,0045493953
527;0,15899625
528;0,02479067
529;0,0031652069
530;0,20711069
531;0,0019539786
532;0,12196285
533;0,017572612
534;0,0942667
535;0,00056746043
536;0,05312719
537;0,017433878
538;0,00053541583
539;0,24408162
540;0,004363887
541;0,15106113
542;0,009336909
543;0,004187067
544;0,0836238
545;0,0052101626
546;0,089031905
547;0,00043249206
548;0,10144874
549;0,100667685
550;0,0019101312
551;0,00033085526
552;0,061897337
553;0,07283948
554;0,11273334
555;0,0009897954
556;0,0031088467
557;0,11175241
558;0,016840195
559;0,0009561508
560;0,10372221
561;0,10620474
562;0,0055963635
563;0,12545083
564;0,074060515
565;0,02386193
566;0,00042091438
567;0,06817305
568;0,18037531
569;0,0010484962
570;0,15680033
571;0,0047776788
572;0,083088964
573;0,063891545
574;0,00086533785
575;0,0013754717
576;0,045937147
577;0,021366786
578;0,0013903944
579;0,078951366
580;0,19322062
581;0,004413667
582;0,048793636
583;0,0011351861
584;0,14916708
585;0,101822235
586;0,0045801927
587;0,004287362
588;0,09408304
589;0,0006364729
590;0,08770532
591;0,32325506
592;0,14102879
593;0,09265556
594;0,08463458
595;0,008264221
596;0,0009924524
597;0,0035321335
598;0,00052541005
599;0,0018066055
600;0,004465947
601;0,0324267
602;0,10625881
603;0,042297795
604;0,007690074
605;0,06406048
606;0,04387257
607;0,122149184
608;0,06701589
609;0,015911223
610;0,0034216875
611;0,019383324
612;0,08070196
613;0,07954591
614;0,1451634
615;0,006918651
616;0,17713045
617;0,0389535
618;0,00096667995
619;0,08625905
620;0,07499522
621;0,29098523
622;0,0017178818
623;0,054362845
624;0,09023679
625;0,04441841
626;0,075147815
627;0,10537463
628;0,001593321
629;0,00048989785
630;0,06685664
631;0,07863012
632;0,024365474
633;0,020527327
634;0,13179553
635;0,13096873
636;0,1450879
637;0,047603443
638;0,09221936
639;0,088744804
640;0,12392854
641;0,018180674
642;0,08500113
643;0,0009038347
644;0,007331901
645;0,12139937
646;0,008836741
647;0,12405394
648;0,07121367
649;0,0045574717
650;0,00056054344
651;0,007982042
652;0,119837224
653;0,051418386
654;0,00050970446
655;0,067842945
656;0,15900445
657;0,055458304
658;0,00064348604
659;0,07685645
660;0,060388416
661;0,0046910685
662;0,00048814464
663;0,025617702
664;0,08525632
665;0,11692158
666;0,0007785526
667;0,26813856
668;0,12121507
669;0,0077003986
670;0,0038292995
671;0,0003666489
672;0,06555827
673;0,06441447
674;0,062839225
675;0,05692346
676;0,004933502
677;0,05778759
678;0,0794623
679;0,050781935
680;0,05855093
681;0,005707352
682;0,0020258967
683;0,3061253
684;0,09918553
685;0,0004541265
686;0,0076521435
687;0,0020527393
688;0,08449178
689;0,0023693996
690;0,1621563
691;0,0019651335
692;0,064719886
693;0,073254906
694;0,006797944
695;0,058074377
696;0,06480666
697;0,15318328
698;0,036578216
699;0,0020953482
700;0,03743352
701;0,0050544324
702;0,057861872
703;0,0019173438
704;0,00059287716
705;0,12082736
706;0,0017551355
707;0,040437017
708;0,004602538
709;0,09507216
710;0,004080628
711;0,0465046
712;0,013705951
713;0,117666125
714;0,0047133854
715;0,22687921
716;0,14824933
717;0,037126176
718;0,039990943
719;0,02583921
720;0,015281843
721;0,05378318
722;0,024162352
723;0,061888233
724;0,0011952436
725;0,0019533376
726;0,0019026801
727;0,0017193443
728;0,09605954
729;0,019560438
730;0,22987148
731;0,020587897
732;0,011317987
733;0,1663966
734;0,10905113
735;0,00078977825
736;0,0785223
737;0,00026121916
738;0,0052935723
739;0,0003105647
740;0,0404166
741;0,0006085776
742;0,0074558766
743;0,15599048
744;0,088631585
745;0,07058447
746;0,021359922
747;0,01659228
748;0,11970776
749;0,008996069
750;0,0005546446
751;0,106872566
752;0,056754213
753;0,025496922
754;0,15543438
755;0,054505248
756;0,116472244
757;0,0011202897
758;0,022481082
759;0,12993774
760;0,022376623
761;0,15644243
762;0,0056135147
763;0,10804298
764;0,0006752141
765;0,107455626
766;0,076317586
767;0,25356823
768;0,105001
769;0,22430243
770;0,20300183
771;0,048917696
772;0,0017624542
773;0,0062650237
774;0,005174448
775;0,02402366
776;0,0017179053
777;0,03050539
778;0,0901036
779;0,116298005
780;0,038786422
781;0,05485661
782;0,004099946
783;0,007365892
784;0,0035157455
785;0,12572905
786;0,053950977
787;0,0009776512
788;0,017802307
789;0,02103725
790;0,15048613
791;0,07568383
792;0,15096769
793;0,00072756363
794;0,124221735
795;0,0034571271
796;0,0017118703
797;0,06075898
798;0,039552994
799;0,032251075
800;0,05631768
801;0,0074125133
802;0,0011913994
803;0,0010780188
804;0,0013271044
805;0,11706072
806;0,0015089192
807;0,08909591
808;0,0018708591
809;0,069993936
810;0,13896012
811;0,15693969
812;0,045481943
813;0,0013401727
814;0,0024495786
815;0,0023882268
816;0,039820693
817;0,09737838
818;0,07706501
819;0,2567224
820;0,005151707
821;0,055518694
822;0,07015843
823;0,0052044615
824;0,0019173562
825;0,06124574
826;0,020552382
827;0,11568001
828;0,02029688
829;0,0810367
830;0,091154195
831;0,07009417
832;0,02326979
833;0,0065899715
834;0,14192915
835;0,0005221332
836;0,08924929
837;0,002517729
838;0,06707371
839;0,12505196
840;0,15239741
841;0,15996909
842;0,0019123084
843;0,002388197
844;0,0005075162
845;0,091418095
846;0,06611164
847;0,18896616
848;0,02389046
849;0,16819799
850;0,00076470093
851;0,039619412
852;0,09377255
853;0,0041535427
854;0,0069791246
855;0,040952872
856;0,017612759
857;0,02240628
858;0,04624922
859;0,0695136
860;0,10235424
861;0,07251214
862;0,021738874
863;0,10095232
864;0,003948249
865;0,14368108
866;0,090691954
867;0,16973445
868;0,0014083271
869;0,16882253
870;0,002876234
871;0,05188571
872;0,1285193
873;0,053795937
874;0,07238482
875;0,023695936
876;0,0002473198
877;0,00708674
878;0,0008129233
879;0,17511603
880;0,00476999
881;0,0043697096
882;0,0052119675
883;0,036679182
884;0,058548264
885;0,061840363
886;0,0381853
887;0,027014187
888;0,007399854
889;0,0008628018
890;0,13222732
891;0,08088405
892;0,0015342648
893;0,08971351
894;0,0063730897
895;0,07999101
896;0,111149415
897;0,03908847
898;0,028344838
899;0,00052185566
900;0,0010546091
901;0,032462988
902;0,09782639
903;0,020996353
904;0,020157387
905;0,07374735
906;0,11857492
907;0,0011061823
908;0,13167502
909;0,08032316
910;0,19989309
911;0,007821372
912;0,0021281857
913;0,095491156
914;0,0017208419
915;0,008905174
916;0,00056248246
917;0,003436332
918;0,0046919775
919;0,03667246
920;0,026797902
921;0,17331073
922;0,00045294335
923;0,0072347387
924;0,11471857
925;0,056761052
926;0,0010485128
927;0,03364148
928;0,0008693413
929;0,0006040124
930;0,0043926616
931;0,07111848
932;0,23300456
933;0,14204738
934;0,00060949166
935;0,08745373
936;0,0021165684
937;0,08297771
938;0,03603322
939;0,026530882
940;0,03798374
941;0,08598898
942;0,017249648
943;0,055181462
944;0,060031805
945;0,047429074
946;0,0046652276
947;0,04692476
948;0,08690879
949;0,07072747
950;0,24811715
951;0,0070513957
952;0,048279695
953;0,11483356
954;0,09492895
955;0,00067984103
956;0,059697997
957;0,071614556
958;0,0029811151
959;0,05995716
960;0,004505247
961;0,15176672
962;0,07014095
963;0,0546084
964;0,07648035
965;0,022052815
966;0,058711175
967;0,006828179
968;0,123986095
969;0,12403601
970;0,0988738
971;0,08354829
972;0,00077033223
973;0,14888553
974;0,047453247
975;0,020342667
976;0,00084414345
977;0,16578166
978;0,24789894
979;0,10038062
980;0,003749073
981;0,00919397
982;0,026270723
983;0,008300557
984;0,0048961877
985;0,15010925
986;0,084146544
987;0,042193398
988;0,0016938841
989;0,09962879
990;0,20350718
991;0,06568119
992;0,11860022
993;0,1424219
994;0,003559318
995;0,009817903
996;0,011207388
997;0,0014793505
998;0,07153971
999;0,026228057
1000;0,0950869
1001;0,11530092
1002;0,06903887
1003;0,13005665
1004;0,19004622
1005;0,018120706
1006;0,004583735
1007;0,00084502227
1008;0,10891744
1009;0,09199988
1010;0,10641503
1011;0,00048668034
1012;0,25431055
1013;0,28799617
1014;0,0041595707
1015;0,07274826
1016;0,04001227
1017;0,0006623969
1018;0,020453472
1019;0,08508726
1020;0,09862164
1021;0,09460666
1022;0,12555133
1023;0,063960716
1024;0,0036711008
1025;0,0005190738
1026;0,088845685
1027;0,069365256
1028;0,08583798
1029;0,17399319
1030;0,12196119
1031;0,060089663
1032;0,004044999
1033;0,05488457
1034;0,023762085
1035;0,02301335
1036;0,06190996
1037;0,05068878
1038;0,06598484
1039;0,003380201
1040;0,07739667
1041;0,11542057
1042;0,08987512
1043;0,015249958
1044;0,0053716525
1045;0,07158273
1046;0,092151836
1047;0,003043869
1048;0,022148823
1049;0,08267561
1050;0,11275388
1051;0,0021652936
1052;0,018224318
1053;0,020423805
1054;0,07474017
1055;0,050748203
1056;0,09231479
1057;0,031779245
1058;0,112039454
1059;0,10194072
1060;0,001137746
1061;0,079159446
1062;0,05556373
1063;0,010062413
1064;0,16818932
1065;0,035944067
1066;0,004963752
1067;0,04355334
1068;0,042278606
1069;0,061081994
1070;0,48126054
1071;0,014746566
1072;0,061817303
1073;0,085473225
1074;0,0054888898
1075;0,020436548
1076;0,004371077
1077;0,04097702
1078;0,07306228
1079;0,029756214
1080;0,14836697
1081;0,16903895
1082;0,0007252365
1083;0,0049558426
1084;0,20750958
1085;0,13337158
1086;0,16537824
1087;0,053522795
1088;0,03925379
1089;0,08896149
1090;0,0015734364
1091;0,0018124946
1092;0,007114263
1093;0,022690354
1094;0,018456163
1095;0,116023265
1096;0,001025451
1097;0,1794618
1098;0,00072936935
1099;0,076345384
1100;0,001066812
1101;0,0019671295
1102;0,0187307
1103;0,0012192492
1104;0,07125086
1105;0,090960324
1106;0,034649484
1107;0,00043606677
1108;0,017954579
1109;0,09747638
1110;0,1848912
1111;0,0766069
1112;0,30809447
1113;0,02698373
1114;0,019698402
1115;0,0005927844
1116;0,004538649
1117;0,10567105
1118;0,00063954457
1119;0,07984066
1120;0,004342146
1121;0,0041682837
1122;0,10851839
1123;0,07736527
1124;0,03269857
1125;0,020979982
1126;0,17538966
1127;0,0011079721
1128;0,00078427757
1129;0,073604904
1130;0,020965904
1131;0,1032599
1132;0,00040583423
1133;0,0012828177
1134;0,029262777
1135;0,045522124
1136;0,0040123193
1137;0,06329784
1138;0,0038669638
1139;0,120949924
1140;0,00053310825
1141;0,018049208
1142;0,00047130632
1143;0,022513146
1144;0,00085790746
1145;0,041120462
1146;0,0998472
1147;0,053798232
1148;0,18505299
1149;0,0172195
1150;0,0073928144
1151;0,07862586
1152;0,15470156
1153;0,00061084377
1154;0,0040800166
1155;0,0010138054
1156;0,0023550931
1157;0,19461855
1158;0,18596226
1159;0,00037887355
1160;0,017328221
1161;0,006929888
1162;0,064734295
1163;0,0034086201
1164;0,19954947
1165;0,0006039352
1166;0,06674123
1167;0,22486055
1168;0,00427756
1169;0,12374272
1170;0,1163193
1171;0,117568
1172;0,010538392
1173;0,021878963
1174;0,17303777
1175;0,1129614
1176;0,073332615
1177;0,00669236
1178;0,00052056
1179;0,019857397
1180;0,064125896
1181;0,0008761584
1182;0,0006917118
1183;0,13025267
1184;0,0002969284
1185;0,086390026
1186;0,0016478167
1187;0,12796846
1188;0,054178845
1189;0,0018440787
1190;0,118487515
1191;0,000931998
1192;0,07225989
1193;0,028282518
1194;0,055214178
1195;0,017420307
1196;0,19638067
1197;0,0003394917
1198;0,10145554
1199;0,9832399
1200;0,0012642571
1201;0,005255284
1202;0,10214989
1203;0,061379768
1204;0,19005626
1205;0,06730581
1206;0,09884279
1207;0,019835237
1208;0,11416421
1209;0,01772539
1210;0,10226831
1211;0,023857312
1212;0,16503915
1213;0,03894891
1214;0,1606957
1215;0,1204112
1216;0,0035670844
1217;0,026174167
1218;0,09877425
1219;0,023155343
1220;0,115966305
1221;0,104541436
1222;0,04653901
1223;0,082929194
1224;0,06458928
1225;0,0033222975
1226;0,10454309
1227;0,00063389126
1228;0,00068594894
1229;0,19575414
1230;0,022217484
1231;0,05294835
1232;0,002167732
1233;0,0048593413
1234;0,0006898483
1235;0,072566755
1236;0,068471104
1237;0,0010566419
1238;0,07744555
1239;0,022918455
1240;0,30842528
1241;0,10383853
1242;0,0011132661
1243;0,23431908
1244;0,00068041147
1245;0,10012928
1246;0,00090055744
1247;0,14606535
1248;0,008219469
1249;0,12202096
1250;0,15704668
1251;0,020465689
1252;0,06687625
1253;0,05948554
1254;0,08161487
1255;0,0007200795
1256;0,0034800821
1257;0,06135072
1258;0,0981787
1259;0,0042334837
1260;0,10761014
1261;0,0675062
1262;0,10817073
1263;0,040782593
1264;0,069322385
1265;0,0026456385
1266;0,0060145375
1267;0,0014780317
1268;0,054783918
1269;0,04935294
1270;0,25183362
1271;0,14901301
1272;0,026472094
1273;0,21139558
1274;0,15969083
1275;0,051542666
1276;0,123909205
1277;0,1823775
1278;0,0029571957
1279;0,15057594
1280;0,099299684
1281;0,102047905
1282;0,11298053
1283;0,0045194095
1284;0,019877635
1285;0,12601954
1286;0,08979429
1287;0,020372272
1288;0,0026235105
1289;0,0020824675
1290;0,058435176
1291;0,0006062499
1292;0,13256143
1293;0,0004954812
1294;0,05588952
1295;0,038877867
1296;0,046825655
1297;0,04360342
1298;0,10066558
1299;0,0750184
1300;0,0006168537
1301;0,060339134
1302;0,13465294
1303;0,28403988
1304;0,17851883
1305;0,15703063
1306;0,07713863
1307;0,09881435
1308;0,058324546
1309;0,0052992096
1310;0,099440545
1311;0,1293186
1312;0,024951834
1313;0,016584098
1314;0,095629014
1315;0,0018299265
1316;0,019804368
1317;0,0020556164
1318;0,10037036
1319;0,00091310625
1320;0,14660068
1321;0,02094344
1322;0,0019040119
1323;0,024637168
1324;0,07730404
1325;0,0011213551
1326;0,016554572
1327;0,09120383
1328;0,023099408
1329;0,111612864
1330;0,27288157
1331;0,06656525
1332;0,003184992
1333;0,1252589
1334;0,00045345048
1335;0,0013216147
1336;0,0007842177
1337;0,029725019
1338;0,08656944
1339;0,0009597403
1340;0,0039072786
1341;0,06289605
1342;0,0009178426
1343;0,0029021539
1344;0,13328835
1345;0,00093091116
1346;0,08666582
1347;0,06913634
1348;0,019780457
1349;0,024789847
1350;0,0845434
1351;0,019852968
1352;0,08446429
1353;0,07507812
1354;0,11402621
1355;0,21893747
1356;0,0007041114
1357;0,0058766
1358;0,0045727296
1359;0,05778971
1360;0,0008481371
1361;0,044837084
1362;0,0785982
1363;0,025395999
1364;0,152336
1365;0,07607998
1366;0,0005072704
1367;0,002323972
1368;0,0017191126
1369;0,074672006
1370;0,055685025
1371;0,1410241
1372;0,024302049
1373;0,004859402
1374;0,043164406
1375;0,08196856
1376;0,06945578
1377;0,07221876
1378;0,02020849
1379;0,020425238
1380;0,0005028746
1381;0,08507799
1382;0,0042729666
1383;0,11704172
1384;0,086192794
1385;0,0005649042
1386;0,09085575
1387;0,121367
1388;0,0021548737
1389;0,06562784
1390;0,0009485299
1391;0,076788224
1392;0,11225752
1393;0,0019885742
1394;0,003045037
1395;0,13070877
1396;0,11418398
1397;0,0005220451
1398;0,005380208
1399;0,04288307
1400;0,2297104
1401;0,078646444
1402;0,0007072184
1403;0,07599423
1404;0,2658887
1405;0,1844199
1406;0,0007089417
1407;0,0030466602
1408;0,10300669
1409;0,0046022544
1410;0,07296877
1411;0,120145164
1412;0,13148022
1413;0,020262348
1414;0,0018298443
1415;0,004411374
1416;0,13873829
1417;0,03673229
1418;0,03188828
1419;0,0037980727
1420;0,10743359
1421;0,06102947
1422;0,12122832
1423;0,00094374886
1424;0,07384746
1425;0,0071054427
1426;0,18578777
1427;0,0005834662
1428;0,05514613
1429;0,001948321
1430;0,1647821
1431;0,12634078
1432;0,13619289
1433;0,16768996
1434;0,22943123
1435;0,044209145
1436;0,17855333
1437;0,018425874
1438;0,0831505
1439;0,017749358
1440;0,053699415
1441;0,05747496
1442;0,19044197
1443;0,028975245
1444;0,085774064
1445;0,02211451
1446;0,103428766
1447;0,1074472
1448;0,11416272
1449;0,053879514
1450;0,14200142
1451;0,06137646
1452;0,0025344943
1453;0,1362757
1454;0,004914774
1455;0,0007131852
1456;0,00070437096
1457;0,022656158
1458;0,00054011075
1459;0,05432638
1460;0,08628525
1461;0,10650568
1462;0,07479719
1463;0,0003722577
1464;0,07910738
1465;0,025814498
1466;0,0009788222
1467;0,07367912
1468;0,08845629
1469;0,0037123791
1470;0,027207354
1471;0,027524037
1472;0,14364897
1473;0,000708424
1474;0,0046752
1475;0,1272611
1476;0,0038697456
1477;0,0045489036
1478;0,12522906
1479;0,0020383364
1480;0,00187477
1481;0,0018566963
1482;0,07874858
1483;0,0633878
1484;0,11624564
1485;0,07066582
1486;0,0034106278
1487;0,013658041
1488;0,0015596927
1489;0,15570974
1490;0,07088445
1491;0,15992367
1492;0,040240053
1493;0,02007482
1494;0,004537287
1495;0,06523496
1496;0,07464816
1497;0,032533012
1498;0,0031215101
1499;0,000737035
1500;0,009766894
1501;0,06322804
1502;0,0013353939
1503;0,0008154715
1504;0,116432905
1505;0,166836
1506;0,11908979
1507;0,11603358
1508;0,019840064
1509;0,0045892093
1510;0,117536895
1511;0,00094483554
1512;0,00090008316
1513;0,0020734044
1514;0,044938978
1515;0,073385134
1516;0,000721475
1517;0,0044809966
1518;0,23083979
1519;0,00094823056
1520;0,0005519037
1521;0,024341913
1522;0,12943174
1523;0,019737197
1524;0,074217364
1525;0,09408504
1526;0,11914249
1527;0,18622002
1528;0,022330934
1529;0,004438817
1530;0,09921412
1531;0,0023494007
1532;0,0043823724
1533;0,0053309533
1534;0,0071589025
1535;0,3231909
1536;0,10043256
1537;0,00069816434
1538;0,033246335
1539;0,0010200237
1540;0,007268692
1541;0,075952396
1542;0,042913545
1543;0,044673678
1544;0,0007376539
1545;0,112321734
1546;0,1084659
1547;0,0008167809
1548;0,047149044
1549;0,025679044
1550;0,12346177
1551;0,08457221
1552;0,06162074
1553;0,3136385
1554;0,17321777
1555;0,0020196384
1556;0,05375963
1557;0,103822455
1558;0,08536946
1559;0,0060126456
1560;0,04200222
1561;0,025821902
1562;0,118729234
1563;0,11002418
1564;0,036847677
1565;0,08939343
1566;0,060433857
1567;0,16704048
1568;0,056439117
1569;0,0017404517
1570;0,096493974
1571;0,16815369
1572;0,061064612
1573;0,05014216
1574;0,21211812
1575;0,100695714
1576;0,09976165
1577;0,04945077
1578;0,077557854
1579;0,019129524
1580;0,18668792
1581;0,022843776
1582;0,021840408
1583;0,063874364
1584;0,013387689
1585;0,002144557
1586;0,000619908
1587;0,013882789
1588;0,11272749
1589;0,09103812
1590;0,00040709466
1591;0,11471997
1592;0,057932843
1593;0,074439526
1594;0,15178469
1595;0,103668794
1596;0,0068423348
1597;0,022270644
1598;0,10018305
1599;0,10674524
1600;0,15154646
1601;0,0008252847
1602;0,1335101
1603;0,0018524034
1604;0,0767758
1605;0,009748869
1606;0,018509738
1607;0,09984271
1608;0,24480154
1609;0,058302157
1610;0,0110051185
1611;0,0038001507
1612;0,072926566
1613;0,12542793
1614;0,0026699095
1615;0,13321412
1616;0,0024344334
1617;0,0042973924
1618;0,06073461
1619;0,07703749
1620;0,004331071
1621;0,0049037924
1622;0,11189028
1623;0,099772826
1624;0,07834922
1625;0,023985814
1626;0,018536462
1627;0,021342928
1628;0,0055760094
1629;0,058734335
1630;0,0040443526
1631;0,13299817
1632;0,15449801
1633;0,00046679453
1634;0,000984361
1635;0,07924318
1636;0,0027080085
1637;0,049297847
1638;0,022260597
1639;0,08624692
1640;0,11714549
1641;0,0014821091
1642;0,077387705
1643;0,1492837
1644;0,0036711658
1645;0,004800068
1646;0,06214408
1647;0,14102273
1648;0,093408234
1649;0,00085170043
1650;0,19426438
1651;0,16007467
1652;0,25894564
1653;0,008505014
1654;0,005199413
1655;0,02061809
1656;0,09945443
1657;0,058938976
1658;0,07447154
1659;0,0054575354
1660;0,003612696
1661;0,14243187
1662;0,057651747
1663;0,00715128
1664;0,077175915
1665;0,028645767
1666;0,002365038
1667;0,00064173446
1668;0,013690987
1669;0,082536064
1670;0,024386626
1671;0,09697322
1672;0,0032519917
1673;0,11165771
1674;0,18068501
1675;0,0004171243
1676;0,19854395
1677;0,053764768
1678;0,0062024565
1679;0,29764706
1680;0,0053167734
1681;0,0048148353
1682;0,00069823104
1683;0,0043536066
1684;0,027283952
1685;0,11080238
1686;0,0041220537
1687;0,49053615
1688;0,16257851
1689;0,0508938
1690;0,055890948
1691;0,043412108
1692;0,11651558
1693;0,0035381366
1694;0,0052408813
1695;0,11773014
1696;0,14296675
1697;0,0006577738
1698;0,038798682
1699;0,008784324
1700;0,0076401783
1701;0,06436587
1702;0,069447115
1703;0,04674226
1704;0,12019547
1705;0,064049326
1706;0,0005629362
1707;0,00065056724
1708;0,09032028
1709;0,06938499
1710;0,1435009
1711;0,11642227
1712;0,12694177
1713;0,07255775
1714;0,3862813
1715;0,004655509
1716;0,060248643
1717;0,08207971
1718;0,00040852284
1719;0,022031086
1720;0,11840857
1721;0,13039975
1722;0,021509781
1723;0,0019621933
1724;0,22788349
1725;0,0012659966
1726;0,0007250797
1727;0,1344261
1728;0,18301502
1729;0,11582993
1730;0,025631733
1731;0,0032999632
1732;0,09506057
1733;0,00039671044
1734;0,15223594
1735;0,051163238
1736;0,0080851205
1737;0,10885145
1738;0,0074782996
1739;0,0071419184
1740;0,1216658
1741;0,005717522
1742;0,00095358165
1743;0,075994834
1744;0,02454887
1745;0,05422798
1746;0,10281483
1747;0,005257683
1748;0,08443431
1749;0,1756258
1750;0,0051138727
1751;0,0009511073
1752;0,007985075
1753;0,060574315
1754;0,1283124
1755;0,029495113
1756;0,06358544
1757;0,005248281
1758;0,004369334
1759;0,04705251
1760;0,09545754
1761;0,15422444
1762;0,052095804
1763;0,00124644
1764;0,33592552
1765;0,026426613
1766;0,008159747
1767;0,17972776
1768;0,10142189
1769;0,12482431
1770;0,0036493603
1771;0,020565314
1772;0,00570491
1773;0,15385216
1774;0,13915506
1775;0,019146787
1776;0,098278955
1777;0,001868428
1778;0,59236425
1779;0,10855397
1780;0,13278314
1781;0,002375781
1782;0,14350939
1783;0,0057293717
1784;0,16119322
1785;0,009100284
1786;0,00053804455
1787;0,09730538
1788;0,20130275
1789;0,054168053
1790;0,1055645
1791;0,0013227491
1792;0,0046400107
1793;0,08598455
1794;0,112472825
1795;0,12114692
1796;0,15711075
1797;0,05154513
1798;0,25724533
1799;0,08736529
1800;0,00445717
1801;0,005084082
1802;0,1136424
1803;0,066171475
1804;0,0020108856
1805;0,09294902
1806;0,0843623
1807;0,003935099
1808;0,00092244253
1809;0,06116775
1810;0,004649788
1811;0,0018519748
1812;0,06408198
1813;0,016039735
1814;0,025581254
1815;0,0918576
1816;0,002506685
1817;0,16379806
1818;0,006597801
1819;0,060532622
1820;0,007706396
1821;0,0096011795
1822;0,1223879
1823;0,004133237
1824;0,018451428
1825;0,06405457
1826;0,11159398
1827;0,019343197
1828;0,044716097
1829;0,07731331
1830;0,0043534297
1831;0,12150841
1832;0,019346666
1833;0,14025049
1834;0,04392261
1835;0,016448697
1836;0,08218271
1837;0,1500477
1838;0,023188835
1839;0,06715024
1840;0,0937977
1841;0,020451354
1842;0,07897774
1843;0,08884041
1844;0,07336799
1845;0,06340812
1846;0,01712634
1847;0,09643987
1848;0,0052952813
1849;0,0006694323
1850;0,024476562
1851;0,11527587
1852;0,023313096
1853;0,030339919
1854;0,0007038359
1855;0,10711411
1856;0,0012714742
1857;0,02034805
1858;0,11931847
1859;0,12021028
1860;0,1018844
1861;0,0029191938
1862;0,0010632772
1863;0,021012736
1864;0,0061760806
1865;0,0058056084
1866;0,00093974255
1867;0,0010184139
1868;0,19140884
1869;0,07299151
1870;0,004754138
1871;0,002230692
1872;0,058019176
1873;0,008964845
1874;0,0050073937
1875;0,008705891
1876;0,3507344
1877;0,02340003
1878;0,17726223
1879;0,0052688452
1880;0,08462783
1881;0,10645615
1882;0,13306832
1883;0,20016019
1884;0,085928634
1885;0,020099131
1886;0,12023078
1887;0,01735268
1888;0,0042838072
1889;0,17209266
1890;0,0009681999
1891;0,00030478387
1892;0,05490116
1893;0,21439803
1894;0,051367447
1895;0,044768244
1896;0,00060435303
1897;0,0003941818
1898;0,00048798474
1899;0,083604
1900;0,018032972
1901;0,03964338
1902;0,054741845
1903;0,000361261
1904;0,073430195
1905;0,044831168
1906;0,0045841713
1907;0,22098765
1908;0,016376194
1909;0,0040448355
1910;0,20514427
1911;0,14011627
1912;0,15116951
1913;0,08116677
1914;0,022079462
1915;0,0021078167
1916;0,0042952704
1917;0,0044164066
1918;0,043224383
1919;0,07991243
1920;0,0041528856
1921;0,13055606
1922;0,00043340615
1923;0,07261195
1924;0,06465425
1925;0,09226167
1926;0,11698918
1927;0,021990107
1928;0,23910569
1929;0,001977355
1930;0,020897372
1931;0,060055673
1932;0,00025203143
1933;0,00050921744
1934;0,0019903826
1935;0,09449248
1936;0,00069833314
1937;0,0011250894
1938;0,00038310367
1939;0,004912556
1940;0,019756792
1941;0,054800574
1942;0,017052915
1943;0,062269345
1944;0,0027500116
1945;0,0032710147
1946;0,07099099
1947;0,32744667
1948;0,10004367
1949;0,08768228
1950;0,32619706
1951;0,108925804
1952;0,065776914
1953;0,008371992
1954;0,00069371704
1955;0,00443927
1956;0,06244823
1957;0,0062722974
1958;0,15727781
1959;0,003455387
1960;0,042092096
1961;0,071223006
1962;0,20626564
1963;0,17617851
1964;0,0007667972
1965;0,11499743
1966;0,06268155
1967;0,053285897
1968;0,009102918
1969;0,09069242
1970;0,1071842
1971;0,12187831
1972;0,10922183
1973;0,00054315245
1974;0,34017396
1975;0,0046469835
1976;0,09085486
1977;0,04679862
1978;0,086197406
1979;0,0063982913
1980;0,0005431331
1981;0,07005796
1982;0,06058169
1983;0,0020616604
1984;0,0020881125
1985;0,11650124
1986;0,004939594
1987;0,012513858
1988;0,121171094
1989;0,0028601582
1990;0,007423755
1991;0,006050381
1992;0,14772558
1993;0,057580408
1994;0,059433
1995;0,000747227
1996;0,08128488
1997;0,12958112
1998;0,018262994
1999;0,07511185
2000;0,013440187
2001;0,09270195
2002;0,07164164
2003;0,08937587
2004;0,00029504864
2005;0,16708231
2006;0,00051951513
2007;0,023876341
2008;0,056749064
2009;0,121757895
2010;0,054357085
2011;0,00062508456
2012;0,079411805
2013;0,0039544795
2014;0,020585336
2015;0,005060345
2016;0,15269098
2017;0,018852642
2018;0,047397684
2019;0,0077369623
2020;0,21938482
2021;0,0021788818
2022;0,0022063307
2023;0,0046125595
2024;0,037073128
2025;0,017665416
2026;0,054065805
2027;0,0045902487
2028;0,065690026
2029;0,09330022
2030;0,0074703107
2031;0,018560614
2032;0,07531938
2033;0,009264074
2034;0,0051104226
2035;0,05510779
2036;0,018331675
2037;0,005003908
2038;0,0031970586
2039;0,0877887
2040;0,033343777
2041;0,0062042954
2042;0,15157375
2043;0,004604748
2044;0,07275251
2045;0,17200507
2046;0,0040509882
2047;0,036242068
2048;0,022319382
2049;0,01976192
2050;0,037690897
2051;0,038533214
2052;0,100527115
2053;0,002438327
2054;0,2167702
2055;0,023228673
2056;0,086945005
2057;0,0009225561
2058;0,086711295
2059;0,015240583
2060;0,16754599
2061;0,15608682
2062;0,23072176
2063;0,008203661
2064;0,17322682
2065;0,024666715
2066;0,004275223
2067;0,00066026545
2068;0,077213146
2069;0,0005407404
2070;0,0048871823
2071;0,014568019
2072;0,0023688509
2073;0,0016868713
2074;0,08479355
2075;0,059735466
2076;0,11403781
2077;0,18162698
2078;0,005756211
2079;0,09958516
2080;0,02424904
2081;0,002057019
2082;0,011469243
2083;0,12987113
2084;0,20957609
2085;0,003022735
2086;0,0037098287
2087;0,16712104
2088;0,000651969
2089;0,00081930764
2090;0,004405291
2091;0,03858853
2092;0,073551245
2093;0,00044032367
2094;0,16400075
2095;0,021247603
2096;0,0683622
2097;0,0005632779
2098;0,0006213581
2099;0,14993241
2100;0,10203491
2101;0,084628984
2102;0,0013761118
2103;0,087451965
2104;0,15339285
2105;0,021044947
2106;0,058795117
2107;0,0048323357
2108;0,072640836
2109;0,1079288
2110;0,009042695
2111;0,09193276
2112;0,086212344
2113;0,06916508
2114;0,04440918
2115;0,058329817
2116;0,18252367
2117;0,008149587
2118;0,124630556
2119;0,019360056
2120;0,04600901
2121;0,11711792
2122;0,06505774
2123;0,018767657
2124;0,055863533
2125;0,17402677
2126;0,0032862616
2127;0,09753887
2128;0,03878821
2129;0,11826201
2130;0,013058627
2131;0,054495256
2132;0,0076140105
2133;0,026497118
2134;0,020344326
2135;0,022285009
2136;0,12800628
2137;0,01161127
2138;0,004533034
2139;0,112092845
2140;0,03265889
2141;0,19425616
2142;0,0042202068
2143;0,18743773
2144;0,0054511074
2145;0,05532181
2146;0,00044431305
2147;0,017119706
2148;0,00045958604
2149;0,18530561
2150;0,019383108
2151;0,024337538
2152;0,039153934
2153;0,0007496837
2154;0,028740896
2155;0,0007132771
2156;0,0640166
2157;0,06215069
2158;0,07594666
2159;0,15584245
2160;0,07226124
2161;0,00063577166
2162;0,047114808
2163;0,1436158
2164;0,08160498
2165;0,0058856793
2166;0,016963623
2167;0,002217678
2168;0,004496986
2169;0,07252508
2170;0,06559055
2171;0,03755676
2172;0,07230857
2173;0,35383713
2174;0,004176102
2175;0,002732034
2176;0,11973657
2177;0,0004267622
2178;0,0021498897
2179;0,00383012
2180;0,00057666196
2181;0,1719841
2182;0,0006918573
2183;0,0046596485
2184;0,0051458874
2185;0,075284235
2186;0,037294324
2187;0,036613613
2188;0,004189528
2189;0,0027690462
2190;0,1102047
2191;0,05361024
2192;0,05962366
2193;0,090391725
2194;0,006928265
2195;0,11586724
2196;0,06033308
2197;0,017366838
2198;0,0050950497
2199;0,020427184
2200;0,054582782
2201;0,0050575067
2202;0,029368874
2203;0,05866028
2204;0,19102171
2205;0,0018998724
2206;0,05365297
2207;0,04467702
2208;0,113783024
2209;0,093400285
2210;0,001510796
2211;0,12273828
2212;0,12145127
2213;0,100296676
2214;0,079836465
2215;0,0235687
2216;0,054871723
2217;0,018793102
2218;0,0033331711
2219;0,0044411877
2220;0,14702167
2221;0,094595335
2222;0,051293693
2223;0,0034885013
2224;0,09926083
2225;0,00032485873
2226;0,07965365
2227;0,16752961
2228;0,06596715
2229;0,11556863
2230;0,21227509
2231;0,07002878
2232;0,0009061836
2233;0,0009042345
2234;0,004340653
2235;0,115807384
2236;0,011812987
2237;0,083443664
2238;0,034778327
2239;0,0851898
2240;0,0008445169
2241;0,018514557
2242;0,020237705
2243;0,084692255
2244;0,0007780474
2245;0,1761144
2246;0,0010539736
2247;0,004336616
2248;0,19977546
2249;0,01820381
2250;0,12027891
2251;0,088825226
2252;0,024806986
2253;0,0006990746
2254;0,07672791
2255;0,0006882624
2256;0,07699676
2257;0,08895935
2258;0,003861252
2259;0,102742866
2260;0,24259514
2261;0,12250809
2262;0,059107225
2263;0,07382765
2264;0,08171415
2265;0,0012167726
2266;0,022977721
2267;0,0017521973
2268;0,12969126
2269;0,048677143
2270;0,07354645
2271;0,0011726576
2272;0,016067563
2273;0,058169004
2274;0,030087564
2275;0,22533801
2276;0,0017821619
2277;0,19898894
2278;0,059376407
2279;0,07738665
2280;0,00093834277
2281;0,056518786
2282;0,007410247
2283;0,079647645
2284;0,037973344
2285;0,047799047
2286;0,05666319
2287;0,00036031875
2288;0,023877613
2289;0,07614554
2290;0,0037419552
2291;0,006577274
2292;0,049986616
2293;0,0025107358
2294;0,021833505
2295;0,0020463548
2296;0,057393566
2297;0,1736811
2298;0,054635204
2299;0,03691872
2300;0,102949455
2301;0,039492145
2302;0,038865928
2303;0,10279609
2304;0,021827355
2305;0,0752261
2306;0,031152809
2307;0,12870613
2308;0,11638503
2309;0,007275608
2310;0,031388193
2311;0,15489587
2312;0,13073653
2313;0,1267748
2314;0,0005156566
2315;0,07358372
2316;0,065268435
2317;0,08911849
2318;0,022728356
2319;0,044170965
2320;0,12634818
2321;0,0037480623
2322;0,0021327804
2323;0,103069186
2324;0,042262156
2325;0,02280734
2326;0,16733658
2327;0,11973485
2328;0,042197384
2329;0,022452997
2330;0,057558615
2331;0,031214502
2332;0,0049688336
2333;0,071046196
2334;0,005655985
2335;0,0164844
2336;0,066942014
2337;0,0017456554
2338;0,1831553
2339;0,073539965
2340;0,0046142978
2341;0,0036680552
2342;0,0047940635
2343;0,006429104
2344;0,12545678
2345;0,09724115
2346;0,056755885
2347;0,06727873
2348;0,16945942
2349;0,054903693
2350;0,0067086024
2351;0,025763836
2352;0,01374928
2353;0,0008525916
2354;0,118132815
2355;0,0008039204
2356;0,009064655
2357;0,04136609
2358;0,108317375
2359;0,029185377
2360;0,05463487
2361;0,069466
2362;0,00023155758
2363;0,21062802
2364;0,0008542057
2365;0,0009647364
2366;0,00914747
2367;0,049914822
2368;0,0017756594
2369;0,10601561
2370;0,039384056
2371;0,120529905
2372;0,07140552
2373;0,04122784
2374;0,10802763
2375;0,08326082
2376;0,0018827253
2377;0,001540588
2378;0,058846198
2379;0,00070923555
2380;0,059661184
2381;0,102339596
2382;0,00089960685
2383;0,09288028
2384;0,056453876
2385;0,18307059
2386;0,06284519
2387;0,10828395
2388;0,00055326015
2389;0,022786617
2390;0,07536297
2391;0,0035262231
2392;0,005191998
2393;0,0017357912
2394;0,0041655735
2395;0,14233077
2396;0,005116581
2397;0,07485941
2398;0,02064093
2399;0,11587693
2400;0,01942074
2401;0,05386665
2402;0,18535277
2403;0,04725517
2404;0,02261145
2405;0,028015787
2406;0,024430394
2407;0,16631605
2408;0,019217895
2409;0,1858468
2410;0,0004875165
2411;0,0005132253
2412;0,0005101382
2413;0,071474165
2414;0,0007511234
2415;0,16967642
2416;0,10879749
2417;0,004474614
2418;0,043825384
2419;0,022065615
2420;0,00040991645
2421;0,0023191306
2422;0,026203346
2423;0,00039019575
2424;0,0012198873
2425;0,17553668
2426;0,0039691604
2427;0,0067865616
2428;0,12029931
2429;0,09325542
2430;0,09825384
2431;0,00050815276
2432;0,019871531
2433;0,05033903
2434;0,19796294
2435;0,0010524334
2436;0,11827841
2437;0,07206718
2438;0,09210962
2439;0,23602319
2440;0,0011055171
2441;0,10171692
2442;0,00891996
2443;0,028612599
2444;0,08447465
2445;0,025102438
2446;0,00067026744
2447;0,054922845
2448;0,00050509034
2449;0,17570837
2450;0,00047503252
2451;0,14567806
2452;0,035786405
2453;0,039749254
2454;0,091185816
2455;0,11828817
2456;0,0010092297
2457;0,010483146
2458;0,037949562
2459;0,079839796
2460;0,1260175
2461;0,04974862
2462;0,007889582
2463;0,08147365
2464;0,19756345
2465;0,15647212
2466;0,013936032
2467;0,06937419
2468;0,0025683763
2469;0,0005282174
2470;0,0011087572
2471;0,00033557392
2472;0,005043525
2473;0,07386868
2474;0,003037254
2475;0,0650827
2476;0,06039109
2477;0,060648654
2478;0,08228829
2479;0,006868481
2480;0,10137827
2481;0,006139025
2482;0,0066172057
2483;0,1582726
2484;0,116276614
2485;0,020456936
2486;0,004823055
2487;0,0136101525
2488;0,028765826
2489;0,0009831437
2490;0,0031619878
2491;0,020964313
2492;0,08027947
2493;0,029258415
2494;0,0063797995
2495;0,00094812486
2496;0,017012589
2497;0,0034271735
2498;0,12152938
2499;0,006464393
2500;0,14987408
2501;0,050837874
2502;0,0087002255
2503;0,04665038
2504;0,005783545
2505;0,00079337874
2506;0,04049047
2507;0,15814003
2508;0,0007611647
2509;0,047663
2510;0,13182257
2511;0,004318138
2512;0,06407256
2513;0,12776656
2514;0,015013602
2515;0,09836651
2516;0,003069054
2517;0,03113534
2518;0,0011664433
2519;0,0085335765
2520;0,0028818033
2521;0,093844585
2522;0,25207067
2523;0,116386496
2524;0,0008470357
2525;0,1704624
2526;0,042167924
2527;0,0041013528
2528;0,05637582
2529;0,0010036896
2530;0,11118111
2531;0,05170223
2532;0,0021148548
2533;0,008640848
2534;0,0041729133
2535;0,08776224
2536;0,012851326
2537;0,17976615
2538;0,047066506
2539;0,034997072
2540;0,029340193
2541;0,06767179
2542;0,11173224
2543;0,007834262
2544;0,11570688
2545;0,0031771562
2546;0,024764
2547;0,059499007
2548;0,0053064497
2549;0,1175652
2550;0,0010507653
2551;0,0062152604
2552;0,004238656
2553;0,1177647
2554;0,00048233353
2555;0,081973225
2556;0,001792285
2557;0,11227867
2558;0,00025611097
2559;0,03870403
2560;0,09549186
2561;0,13522774
2562;0,021533508
2563;0,028919097
2564;0,075212166
2565;0,1558307
2566;0,0012364498
2567;0,1553126
2568;0,09524317
2569;0,09571389
2570;0,0072185635
2571;0,017353576
2572;0,07650785
2573;0,034044474
2574;0,11162841
2575;0,022860322
2576;0,019408977
2577;0,0013480259
2578;0,023041159
2579;0,0020040458
2580;0,00072693214
2581;0,014485548
2582;0,064717
2583;0,020868668
2584;0,004367356
2585;0,13082923
2586;0,0025188753
2587;0,017684752
2588;0,12609296
2589;0,000554807
2590;0,0793221
2591;0,23198912
2592;0,05676607
2593;0,12295727
2594;0,03730503
2595;0,078538604
2596;0,0037756115
2597;0,034377992
2598;0,00037113213
2599;0,06627058
2600;0,00037553385
2601;0,0019942783
2602;0,0809013
2603;0,082950234
2604;0,009007866
2605;0,00055703754
2606;0,0006708954
2607;0,010658761
2608;0,00056114537
2609;0,2398077
2610;0,021621559
2611;0,0017474622
2612;0,012286885
2613;0,0012136807
2614;0,023721965
2615;0,07012665
2616;0,006364623
2617;0,078681126
2618;0,0009968847
2619;0,034938883
2620;0,15052837
2621;0,104325764
2622;0,07252268
2623;0,14298655
2624;0,05858392
2625;0,1127864
2626;0,093701
2627;0,0016347948
2628;0,059610255
2629;0,0012619621
2630;0,0007634372
2631;0,0015813156
2632;0,12238267
2633;0,0007047896
2634;0,004688652
2635;0,021275602
2636;0,06703768
2637;0,07797017
2638;0,06256964
2639;0,07486263
2640;0,27178538
2641;0,080616556
2642;0,01936606
2643;0,022540564
2644;0,044281337
2645;0,002766978
2646;0,0013532763
2647;0,08019748
2648;0,023922026
2649;0,009591821
2650;0,12795067
2651;0,004532396
2652;0,0021637352
2653;0,09946684
2654;0,006289081
2655;0,001971343
2656;0,009457852
2657;0,0041380026
2658;0,12457943
2659;0,07588652
2660;0,09858406
2661;0,0013138478
2662;0,10099863
2663;0,0053159026
2664;0,07488824
2665;0,101577714
2666;0,0045704404
2667;0,0023366294
2668;0,08162878
2669;0,0016899131
2670;0,057593707
2671;0,07325433
2672;0,08548231
2673;0,00043125835
2674;0,07967353
2675;0,00070132164
2676;0,0054312386
2677;0,0049922043
2678;0,09694922
2679;0,060769342
2680;0,019256277
2681;0,0019119955
2682;0,07481604
2683;0,043935843
2684;0,121093936
2685;0,075665414
2686;0,0040738834
2687;0,0055032694
2688;0,085780196
2689;0,19430985
2690;0,12401623
2691;0,054230157
2692;0,040046282
2693;0,0008495172
2694;0,066165626
2695;0,405963
2696;0,0004028048
2697;0,0065360414
2698;0,00048356105
2699;0,0012886727
2700;0,086228855
2701;0,0012063654
2702;0,0009342745
2703;0,03769556
2704;0,00083814573
2705;0,002425951
2706;0,21169356
2707;0,005652646
2708;0,11698128
2709;0,01695108
2710;0,09282106
2711;0,039737105
2712;0,06669715
2713;0,004234383
2714;0,06664131
2715;0,004665054
2716;0,010688423
2717;0,001289747
2718;0,21759349
2719;0,0007937484
2720;0,053719163
2721;0,0027181811
2722;0,0017724251
2723;0,09622088
2724;0,002630808
2725;0,06442861
2726;0,079802796
2727;0,060983658
2728;0,09267222
2729;0,08690695
2730;0,0015344785
2731;0,016182825
2732;0,110476956
2733;0,00045852436
2734;0,0037474423
2735;0,008658864
2736;0,04558861
2737;0,0065893447
2738;0,026787534
2739;0,08868082
2740;0,016157556
2741;0,10830794
2742;0,09324959
2743;0,016658094
2744;0,045790277
2745;0,0632835
2746;0,059043005
2747;0,0012976077
2748;0,07098752
2749;0,00042921654
2750;0,059106503
2751;0,039359275
2752;0,0007419072
2753;0,03905358
2754;0,0035708554
2755;0,14940794
2756;0,2348941
2757;0,09909729
2758;0,0036617492
2759;0,00059763517
2760;0,0034003772
2761;0,118902974
2762;0,0013654567
2763;0,1554169
2764;0,0058263834
2765;0,22959912
2766;0,00038111102
2767;0,029415535
2768;0,0037304498
2769;0,02170663
2770;0,07567704
2771;0,010460736
2772;0,13644283
2773;0,00409754
2774;0,09572586
2775;0,0015058566
2776;0,09851752
2777;0,0012176821
2778;0,00376665
2779;0,040407453
2780;0,003635214
2781;0,0025177328
2782;0,029913433
2783;0,090121016
2784;0,003801528
2785;0,025949076
2786;0,11436968
2787;0,104923084
2788;0,21417841
2789;0,018858895
2790;0,061455872
2791;0,06355919
2792;0,12920046
2793;0,15535024
2794;0,07689216
2795;0,00034512498
2796;0,0036914046
2797;0,007487586
2798;0,005591585
2799;0,16302074
2800;0,019250095
2801;0,04706448
2802;0,0011856081
2803;0,15061317
2804;0,012434448
2805;0,124871776
2806;0,075698145
2807;0,008247105
2808;0,000969106
2809;0,047512997
2810;0,02505638
2811;0,0036587522
2812;0,0044153407
2813;0,11871351
2814;0,13487434
2815;0,06180295
2816;0,1464513
2817;0,0035345799
2818;0,019324843
2819;0,37587076
2820;0,25827003
2821;0,00076290226
2822;0,13183145
2823;0,09090897
2824;0,12035008
2825;0,0013239651
2826;0,0011218442
2827;0,0054025073
2828;0,0201925
2829;0,20671847
2830;0,19457507
2831;0,17577851
2832;0,051065322
2833;0,018224204
2834;0,018276995
2835;0,057255674
2836;0,059436552
2837;0,06970448
2838;0,049379684
2839;0,0004624067
2840;0,0012350753
2841;0,0670012
2842;0,004747483
2843;0,0046954853
2844;0,13213772
2845;0,012553813
2846;0,0024603116
2847;0,15199146
2848;0,099219
2849;0,00025706287
2850;0,21769819
2851;0,09047019
2852;0,089347415
2853;0,06566468
2854;0,047139514
2855;0,00044084285
2856;0,0007732202
2857;0,09464243
2858;0,11309714
2859;0,0008459996
2860;0,10376917
2861;0,31997618
2862;0,15323877
2863;0,0072859633
2864;0,038778424
2865;0,02062789
2866;0,003980025
2867;0,07609535
2868;0,07287145
2869;0,06958091
2870;0,018002035
2871;0,11237879
2872;0,18087724
2873;0,070092395
2874;0,08937089
2875;0,07304335
2876;0,24262998
2877;0,016980782
2878;0,044437997
2879;0,06202652
2880;0,009832859
2881;0,06068721
2882;0,057038486
2883;0,14556232
2884;0,0054565133
2885;0,124708265
2886;0,07604716
2887;0,12384883
2888;0,086949304
2889;0,27121508
2890;0,0015798633
2891;0,00086937106
2892;0,004099303
2893;0,21639878
2894;0,00042011484
2895;0,08481981
2896;0,001194048
2897;0,00045416682
2898;0,06474944
2899;0,0709213
2900;0,008154249
2901;0,07344914
2902;0,019558381
2903;0,05675561
2904;0,011946792
2905;0,0036163412
2906;0,16578266
2907;0,2563873
2908;0,09903206
2909;0,07646495
2910;0,12916324
2911;0,04295012
2912;0,0012141443
2913;0,09698695
2914;0,09375808
2915;0,070878565
2916;0,08537448
2917;0,077645086
2918;0,020655137
2919;0,00220648
2920;0,12904878
2921;0,13610654
2922;0,0018437129
2923;0,0007520636
2924;0,01944824
2925;0,0018714672
2926;0,04108869
2927;0,004327653
2928;0,027059657
2929;0,02593656
2930;0,07636787
2931;0,0029161605
2932;0,15434766
2933;0,004228157
2934;0,000546505
2935;0,00078837154
2936;0,02550102
2937;0,03746135
2938;0,0012035677
2939;0,1137221
2940;0,16377705
2941;0,00095425895
2942;0,10032816
2943;0,015733974
2944;0,00046313182
2945;0,000567339
2946;0,0021157053
2947;0,021925017
2948;0,024802253
2949;0,22970116
2950;0,0040690494
2951;0,004187186
2952;0,12026666
2953;0,1390708
2954;0,01961471
2955;0,10329309
2956;0,0015163851
2957;0,0035084835
2958;0,07703012
2959;0,07164873
2960;0,13978957
2961;0,0026813247
2962;0,0020266476
2963;0,0037349202
2964;0,0008198769
2965;0,057761613
2966;0,001985952
2967;0,0018884587
2968;0,004666227
2969;0,08298099
2970;0,0034688304
2971;0,16033196
2972;0,0008677095
2973;0,004320258
2974;0,10035516
2975;0,0025841193
2976;0,065897055
2977;0,12537906
2978;0,06329648
2979;0,1064832
2980;0,0020592064
2981;0,4856414
2982;0,06441481
2983;0,0037451102
2984;0,016643655
2985;0,008446363
2986;0,107060604
2987;0,0039986735
2988;0,075794
2989;0,005853984
2990;0,0006291407
2991;0,00060802104
2992;0,00850017
2993;0,046426523
2994;0,0014419523
2995;0,009368015
2996;0,01820387
2997;0,0011912929
2998;0,113185555
2999;0,020765219
3000;0,006229421
3001;0,0762127
3002;0,11282788
3003;0,11466769
3004;0,012332407
3005;0,0010954277
3006;0,0009669684
3007;0,031088328
3008;0,06288407
3009;0,00091901387
3010;0,001060254
3011;0,0983467
3012;0,021390548
3013;0,13927484
3014;0,11821444
3015;0,00073176646
3016;0,20923504
3017;0,060020566
3018;0,00065301993
3019;0,05593587
3020;0,03793776
3021;0,05618081
3022;0,021303104
3023;0,021579776
3024;0,0024397217
3025;0,024529519
3026;0,15292022
3027;0,07907654
3028;0,0006339246
3029;0,14561988
3030;0,25445735
3031;0,061112836
3032;0,0008852674
3033;0,023089299
3034;0,023016749
3035;0,06959016
3036;0,022436367
3037;0,057017185
3038;0,051670767
3039;0,17189366
3040;0,0012430247
3041;0,0010687291
3042;0,004308308
3043;0,17874466
3044;0,123800196
3045;0,058493163
3046;0,13067698
3047;0,086241715
3048;0,0037415852
3049;0,06252984
3050;0,0481236
3051;0,110004425
3052;0,009496943
3053;0,0013052004
3054;0,002983951
3055;0,004759354
3056;0,081342764
3057;0,10942964
3058;0,04939301
3059;0,0023334357
3060;0,18092284
3061;0,00045354283
3062;0,100979686
3063;0,06863676
3064;0,064447165
3065;0,05943052
3066;0,00073132454
3067;0,007502022
3068;0,065791816
3069;0,059835367
3070;0,042706653
3071;0,010207184
3072;0,024644611
3073;0,1423749
3074;0,045049824
3075;0,17401911
3076;0,09011731
3077;0,0050550066
3078;0,0048509124
3079;0,16586292
3080;0,11338152
3081;0,00904869
3082;0,0377456
3083;0,005211214
3084;0,002124481
3085;0,004567868
3086;0,005006408
3087;0,0041113575
3088;0,108957954
3089;0,14225236
3090;0,00054168515
3091;0,14339201
3092;0,09329153
3093;0,17041537
3094;0,02319813
3095;0,18034697
3096;0,0003286379
3097;0,018527739
3098;0,096116334
3099;0,12523933
3100;0,0032880437
3101;0,19688097
3102;0,017301122
3103;0,06616349
3104;0,09255486
3105;0,044578236
3106;0,0009469465
3107;0,022325374
3108;0,07707709
3109;0,003666118
3110;0,17239949
3111;0,16307378
3112;0,019289516
3113;0,012994375
3114;0,16661276
3115;0,10032279
3116;0,09168882
3117;0,063362956
3118;0,17280489
3119;0,030152446
3120;0,14492932
3121;0,004590906
3122;0,0043547954
3123;0,0024127602
3124;0,1331207
3125;0,10179272
3126;0,00049717433
3127;0,0011472657
3128;0,0028008462
3129;0,06957553
3130;0,0047192043
3131;0,06729894
3132;0,15907611
3133;0,011473425
3134;0,14578149
3135;0,12858996
3136;0,025191931
3137;0,06332632
3138;0,06268865
3139;0,008607194
3140;0,008163678
3141;0,10145852
3142;0,0032893876
3143;0,215146
3144;0,0046114167
3145;0,024319785
3146;0,017346308
3147;0,09669686
3148;0,07411744
3149;0,02295947
3150;0,09355358
3151;0,022287173
3152;0,00042301556
3153;0,0005630482
3154;0,0028031394
3155;0,007741001
3156;0,15650713
3157;0,17741702
3158;0,0016516263
3159;0,115691155
3160;0,08991833
3161;0,1293634
3162;0,0052842572
3163;0,00042651154
3164;0,00488533
3165;0,09812826
3166;0,12284466
3167;0,038624376
3168;0,061251663
3169;0,014998881
3170;0,0007557367
3171;0,17308055
3172;0,038003866
3173;0,0018202076
3174;0,053830236
3175;0,026122816
3176;0,077120334
3177;0,0012494271
3178;0,0028539763
3179;0,0010336947
3180;0,024401834
3181;0,021859933
3182;0,05018085
3183;0,043090228
3184;0,066728994
3185;0,025988294
3186;0,29746994
3187;0,07073769
3188;0,059497796
3189;0,02207456
3190;0,004744335
3191;0,006988574
3192;0,0026709826
3193;0,022162287
3194;0,071241796
3195;0,09879196
3196;0,0053608282
3197;0,013558557
3198;0,040820435
3199;0,006421304
3200;0,026411278
3201;0,005930965
3202;0,13115755
3203;0,106601276
3204;0,004315112
3205;0,0051092166
3206;0,019076228
3207;0,15586045
3208;0,12127003
3209;0,0012860356
3210;0,00047361027
3211;0,003354928
3212;0,17496777
3213;0,057946954
3214;0,00054873247
3215;0,130292
3216;0,039637435
3217;0,11042665
3218;0,084821336
3219;0,2003493
3220;0,09140919
3221;0,06699599
3222;0,10356449
3223;0,082829654
3224;0,00092008617
3225;0,0004296344
3226;0,15541616
3227;0,13144735
3228;0,021847332
3229;0,15915272
3230;0,00042840245
3231;0,194933
3232;0,006347212
3233;0,018513408
3234;0,056437254
3235;0,006650418
3236;0,10555681
3237;0,004269713
3238;0,06224496
3239;0,1925795
3240;0,091471136
3241;0,1564083
3242;0,00048456198
3243;0,06559712
3244;0,07715236
3245;0,07244999
3246;0,0010052401
3247;0,09131192
3248;0,22906354
3249;0,12804033
3250;0,039782055
3251;0,0037174874
3252;0,00069141353
3253;0,0020200778
3254;0,08804276
3255;0,0763158
3256;0,063314214
3257;0,00070812245
3258;0,009131656
3259;0,0012091851
3260;0,15117429
3261;0,103828005
3262;0,0032392205
3263;0,00075137673
3264;0,11393713
3265;0,00090283074
3266;0,00048050363
3267;0,13147902
3268;0,021102129
3269;0,21638507
3270;0,062841326
3271;0,039631452
3272;0,001132841
3273;0,07414434
3274;0,017776411
3275;0,15330245
3276;0,066454574
3277;0,0915366
3278;0,0640044
3279;0,118072584
3280;0,06445847
3281;0,11431281
3282;0,08647658
3283;0,022848481
3284;0,0005770428
3285;0,0012881673
3286;0,0013040946
3287;0,1187259
3288;0,04256903
3289;0,0015343302
3290;0,0047118687
3291;0,0035716007
3292;0,16614388
3293;0,2488802
3294;0,02414833
3295;0,22078893
3296;0,065783404
3297;0,0017485232
3298;0,084775746
3299;0,0013273044
3300;0,12307827
3301;0,00069809146
3302;0,108569466
3303;0,075574085
3304;0,027346404
3305;0,12006064
3306;0,0043558134
3307;0,08088355
3308;0,009291142
3309;0,027661294
3310;0,00066059525
3311;0,0044812146
3312;0,012218771
3313;0,09293488
3314;0,5041776
3315;0,0005660912
3316;0,076993816
3317;0,00049463904
3318;0,007638096
3319;0,12772477
3320;0,12132167
3321;0,018992966
3322;0,17302132
3323;0,06361452
3324;0,08126744
3325;0,016993128
3326;0,007970483
3327;0,081843786
3328;0,00064886984
3329;0,1028797
3330;0,10513136
3331;0,087375715
3332;0,00095836044
3333;0,14627093
3334;0,008142889
3335;0,004377499
3336;0,16120423
3337;0,0033094527
3338;0,1030477
3339;0,09421237
3340;0,0938231
3341;0,00040644367
3342;0,00069173507
3343;0,081059374
3344;0,0048982017
3345;0,07358418
3346;0,11811011
3347;0,076576024
3348;0,12827353
3349;0,13115239
3350;0,0014622249
3351;0,06495892
3352;0,008013183
3353;0,048760526
3354;0,07341954
3355;0,05874504
3356;0,0014353517
3357;0,0025681662
3358;0,0864333
3359;0,00507294
3360;0,078070894
3361;0,095150754
3362;0,0039389874
3363;0,00036110426
3364;0,039581243
3365;0,052586094
3366;0,000519554
3367;0,07254877
3368;0,0944151
3369;0,004395516
3370;0,022336058
3371;0,005505319
3372;0,059462003
3373;0,06029033
3374;0,0061989957
3375;0,03534931
3376;0,021895729
3377;0,08957442
3378;0,0017400796
3379;0,08804639
3380;0,0039683864
3381;0,17945357
3382;0,23344782
3383;0,0018653583
3384;0,058554407
3385;0,2335574
3386;0,026542176
3387;0,018053759
3388;0,099988624
3389;0,14299378
3390;0,002428126
3391;0,007113974
3392;0,067402616
3393;0,0006406474
3394;0,04258309
3395;0,06482567
3396;0,05020687
3397;0,018853247
3398;0,0027237246
3399;0,024204183
3400;0,0006597933
3401;0,007681299
3402;0,10020665
3403;0,16554174
3404;0,06695866
3405;0,045939803
3406;0,056983683
3407;0,00032035378
3408;0,06753023
3409;0,029796775
3410;0,1448918
3411;0,06604376
3412;0,100357756
3413;0,13362381
3414;0,007643043
3415;0,22924222
3416;0,13313615
3417;0,00093338185
3418;0,09701563
3419;0,12397172
3420;0,01552613
3421;0,09940007
3422;0,021198805
3423;0,0048937267
3424;0,009495055
3425;0,011471903
3426;0,2288771
3427;0,004211089
3428;0,0006545679
3429;0,044912674
3430;0,15823272
3431;0,09977712
3432;0,036610622
3433;0,0054764426
3434;0,11336115
3435;0,07619749
3436;0,06075053
3437;0,024526665
3438;0,0044501997
3439;0,05702076
3440;0,075850114
3441;0,0008548396
3442;0,026256723
3443;0,007532924
3444;0,005352921
3445;0,12003389
3446;0,023006026
3447;0,07785465
3448;0,05783378
3449;0,00083023804
3450;0,01990185
3451;0,03302768
3452;0,0657661
3453;0,004297071
3454;0,07082524
3455;0,027606813
3456;0,021978319
3457;0,00040833955
3458;0,05447913
3459;0,054818656
3460;0,31603077
3461;0,0006160431
3462;0,23568264
3463;0,00055028184
3464;0,0053594983
3465;0,061879847
3466;0,07765423
3467;0,07867184
3468;0,03933817
3469;0,06956657
3470;0,021838382
3471;0,15543093
3472;0,10360996
3473;0,17482132
3474;0,11930202
3475;0,08886775
3476;0,025585845
3477;0,024497427
3478;0,100505225
3479;0,07642287
3480;0,004420057
3481;0,28121412
3482;0,21297821
3483;0,01995495
3484;0,09487771
3485;0,050359953
3486;0,02390728
3487;0,03248394
3488;0,122645065
3489;0,08575408
3490;0,015760284
3491;0,001869898
3492;0,02518471
3493;0,006153395
3494;0,17540666
3495;0,03006743
3496;0,00470913
3497;0,003129948
3498;0,030280361
3499;0,094761446
3500;0,1195713
3501;0,08432801
3502;0,15428123
3503;0,01628581
3504;0,0032845985
3505;0,00032336966
3506;0,024441065
3507;0,06714781
3508;0,039697066
3509;0,058402166
3510;0,016584715
3511;0,1954275
3512;0,04655883
3513;0,110628136
3514;0,038166985
3515;0,021754153
3516;0,054820362
3517;0,09307543
3518;0,0028076763
3519;0,03210433
3520;0,004496741
3521;0,016934684
3522;0,14817509
3523;0,16739474
3524;0,00088851736
3525;0,004205742
3526;0,025161253
3527;0,07736928
3528;0,0900922
3529;0,06268248
3530;0,061934896
3531;0,005642742
3532;0,037261907
3533;0,07503844
3534;0,08029742
3535;0,004803154
3536;0,12760788
3537;0,06784904
3538;0,025280606
3539;0,024293764
3540;0,10199498
3541;0,054164115
3542;0,30612397
3543;0,024375528
3544;0,038438622
3545;0,06396966
3546;0,16386145
3547;0,006483416
3548;0,0042945263
3549;0,044288266
3550;0,0013544892
3551;0,1536819
3552;0,0070160697
3553;0,0691174
3554;0,12617768
3555;0,008587297
3556;0,095765926
3557;0,070729226
3558;0,010939475
3559;0,080049105
3560;0,12081755
3561;0,079438165
3562;0,03329895
3563;0,058136754
3564;0,09577915
3565;0,001110024
3566;0,0006154036
3567;0,020669691
3568;0,060535107
3569;0,104463585
3570;0,034055553
3571;0,11366539
3572;0,13999885
3573;0,087456465
3574;0,00085126085
3575;0,006048619
3576;0,0007229873
3577;0,0075335586
3578;0,06493128
3579;0,00042248305
3580;0,02305859
3581;0,14208736
3582;0,021421192
3583;0,008022582
3584;0,0053470866
3585;0,001568703
3586;0,00067113654
3587;0,0013089445
3588;0,020541392
3589;0,060800023
3590;0,3583492
3591;0,0027708896
3592;0,0580299
3593;0,07088992
3594;0,0042458754
3595;0,018722234
3596;0,07876815
3597;0,0050512394
3598;0,010213871
3599;0,0008406695
3600;0,07154974
3601;0,11555896
3602;0,05677057
3603;0,121424
3604;0,08846068
3605;0,082689
3606;0,117292926
3607;0,013691167
3608;0,06702065
3609;0,22977833
3610;0,005357276
3611;0,0027637742
3612;0,13581423
3613;0,16541782
3614;0,11271943
3615;0,07860045
3616;0,039291866
3617;0,06222387
3618;0,020991554
3619;0,0008021459
3620;0,0047891233
3621;0,121941485
3622;0,06604289
3623;0,23404524
3624;0,089572944
3625;0,00074673357
3626;0,0030307139
3627;0,06517753
3628;0,057713185
3629;0,37230545
3630;0,10100156
3631;0,06557331
3632;0,02275265
3633;0,10346449
3634;0,00048685374
3635;0,019345608
3636;0,027091855
3637;0,11299484
3638;0,0017632603
3639;0,005762295
3640;0,1843042
3641;0,06806067
3642;0,21681932
3643;0,16254756
3644;0,0071990374
3645;0,08696546
3646;0,09934015
3647;0,00403398
3648;0,03761926
3649;0,0044852593
3650;0,0005741062
3651;0,0014698661
3652;0,004940226
3653;0,00085057307
3654;0,0026853962
3655;0,1755136
3656;0,10783805
3657;0,00068502827
3658;0,0013643778
3659;0,0053291535
3660;0,0042132516
3661;0,13010783
3662;0,018311799
3663;0,08636295
3664;0,004341436
3665;0,07673396
3666;0,004741224
3667;0,00036903654
3668;0,019672181
3669;0,096353084
3670;0,2217269
3671;0,00771586
3672;0,046837054
3673;0,020182004
3674;0,00045058853
3675;0,0002781056
3676;0,10309588
3677;0,0086468095
3678;0,025386158
3679;0,0049377414
3680;0,09700523
3681;0,07216878
3682;0,0008264497
3683;0,007199931
3684;0,016806718
3685;0,005621018
3686;0,029364467
3687;0,000629843
3688;0,059749626
3689;0,0630241
3690;0,004294605
3691;0,021226553
3692;0,10643017
3693;0,08765101
3694;0,00062318763
3695;0,15918013
3696;0,0010033984
3697;0,0033739726
3698;0,062613174
3699;0,19239719
3700;0,0009157115
3701;0,0013542667
3702;0,001697499
3703;0,14727162
3704;0,0072291614
3705;0,016174812
3706;0,087919086
3707;0,023223994
3708;0,084462754
3709;0,20173395
3710;0,10052964
3711;0,103797466
3712;0,15461874
3713;0,0042916816
3714;0,023701597
3715;0,121436626
3716;0,06683082
3717;0,03939897
3718;0,08165926
3719;0,06714605
3720;0,00050357974
3721;0,00041938556
3722;0,1773669
3723;0,00051883387
3724;0,1139807
3725;0,0020667203
3726;0,14419444
3727;0,08326439
3728;0,12295031
3729;0,0008729558
3730;0,02128854
3731;0,027799312
3732;0,004355932
3733;0,0821279
3734;0,06144529
3735;0,099114284
3736;0,070687875
3737;0,076749355
3738;0,066866346
3739;0,10541975
3740;0,03838883
3741;0,10310258
3742;0,05703964
3743;0,024611583
3744;0,09874079
3745;0,0695952
3746;0,11290185
3747;0,20363559
3748;0,0037036699
3749;0,07302867
3750;0,0035875824
3751;0,041555848
3752;0,004158745
3753;0,18135135
3754;0,16366664
3755;0,07410015
3756;0,123285376
3757;0,0019714474
3758;0,0006323985
3759;0,017677832
3760;0,003066104
3761;0,005392488
3762;0,1723347
3763;0,18250042
3764;0,08441379
3765;0,0012545411
3766;0,0044958494
3767;0,036238924
3768;0,10075599
3769;0,063405976
3770;0,0039329748
3771;0,10543658
3772;0,0011414766
3773;0,06695128
3774;0,19772448
3775;0,04910918
3776;0,07198213
3777;0,10823226
3778;0,02317564
3779;0,024864936
3780;0,10335124
3781;0,0015514897
3782;0,018125648
3783;0,1829358
3784;0,01606834
3785;0,24443619
3786;0,021105703
3787;0,0025866022
3788;0,00083508965
3789;0,1733371
3790;0,061722178
3791;0,026856186
3792;0,17201942
3793;0,11461324
3794;0,15656203
3795;0,062350474
3796;0,005307856
3797;0,05787387
3798;0,03996816
3799;0,043923844
3800;0,89937806
3801;0,060602166
3802;0,078132324
3803;0,0006805428
3804;0,0032195232
3805;0,020604193
3806;0,03958156
3807;0,026130036
3808;0,07820405
3809;0,2320389
3810;0,09067494
3811;0,09049328
3812;0,093284555
3813;0,0007424385
3814;0,0052996287
3815;0,02391491
3816;0,12177175
3817;0,11925487
3818;0,09227835
3819;0,0021429106
3820;0,043608613
3821;0,111837804
3822;0,05743695
3823;0,024295397
3824;0,05288419
3825;0,044977717
3826;0,0036226192
3827;0,0036283412
3828;0,0062212315
3829;0,0065190103
3830;0,018483685
3831;0,23359893
3832;0,00087839045
3833;0,026513139
3834;0,11133243
3835;0,025320496
3836;0,12221982
3837;0,14363556
3838;0,002383139
3839;0,059181996
3840;0,06111243
3841;0,0049277167
3842;0,07318997
3843;0,110439986
3844;0,018388405
3845;0,055952143
3846;0,000825603
3847;0,040078823
3848;0,06110307
3849;0,15977463
3850;0,090271704
3851;0,00051754975
3852;0,12786032
3853;0,001606606
3854;0,2578783
3855;0,24606687
3856;0,039918765
3857;0,0765221
3858;0,0035363124
3859;0,0017264568
3860;0,0042598126
3861;0,024323132
3862;0,00203633
3863;0,09409825
3864;0,00023793391
3865;0,0017494641
3866;0,046355154
3867;0,13957885
3868;0,059589893
3869;0,018341893
3870;0,08923822
3871;0,0038912478
3872;0,0008528544
3873;0,114335164
3874;0,054754995
3875;0,0011908141
3876;0,015876334
3877;0,14461322
3878;0,018515185
3879;0,094153434
3880;0,3072901
3881;0,0006124753
3882;0,0020012136
3883;0,071060866
3884;0,021552578
3885;0,006251475
3886;0,0040591545
3887;0,0024933785
3888;0,026798408
3889;0,12525775
3890;0,047216758
3891;0,0030848081
3892;0,09943194
3893;0,0063213473
3894;0,0048128273
3895;0,02304214
3896;0,0004426599
3897;0,2355026
3898;0,024276678
3899;0,10591754
3900;0,032940965
3901;0,000564556
3902;0,15284397
3903;0,00067615707
3904;0,18677698
3905;0,018127123
3906;0,06366116
3907;0,08615627
3908;0,0051251003
3909;0,11624535
3910;0,122528926
3911;0,0019260347
3912;0,0010220343
3913;0,00077597174
3914;0,1115987
3915;0,036241286
3916;0,047506317
3917;0,11225592
3918;0,00092883
3919;0,007660096
3920;0,0004258408
3921;0,02404043
3922;0,12869832
3923;0,058488414
3924;0,12029719
3925;0,0142658055
3926;0,004707812
3927;0,0009095526
3928;0,12405841
3929;0,11690624
3930;0,011759853
3931;0,017075244
3932;0,00064562634
3933;0,14409454
3934;0,09592237
3935;0,0027957242
3936;0,06432904
3937;0,062591895
3938;0,0044112816
3939;0,06856884
3940;0,08511522
3941;0,004227871
3942;0,06350467
3943;0,017194813
3944;0,105933025
3945;0,038245812
3946;0,13490857
3947;0,2235507
3948;0,08397956
3949;0,1564469
3950;0,059979487
3951;0,06195742
3952;0,00085848436
3953;0,09988938
3954;0,025331331
3955;0,005197034
3956;0,14264248
3957;0,06430551
3958;0,12575349
3959;0,0041058986
3960;0,0009269334
3961;0,08163246
3962;0,0729037
3963;0,0013975247
3964;0,051212013
3965;0,059099957
3966;0,0075221774
3967;0,19983804
3968;0,050486736
3969;0,0055707647
3970;0,08693702
3971;0,105345696
3972;0,13125369
3973;0,020041926
3974;0,06171801
3975;0,015076961
3976;0,037657913
3977;0,019149443
3978;0,007489255
3979;0,075703315
3980;0,0015774108
3981;0,086000994
3982;0,0153759755
3983;0,008326796
3984;0,16911134
3985;0,053067707
3986;0,30862692
3987;0,11567895
3988;0,014961869
3989;0,0007928761
3990;0,0021047562
3991;0,09015067
3992;0,078144446
3993;0,010530969
3994;0,09962289
3995;0,011672699
3996;0,20829615
3997;0,0011910263
3998;0,078660846
3999;0,06260962
4000;0,00073318556
4001;0,25616103
4002;0,0038649826
4003;0,11566866
4004;0,004662855
4005;0,0073147453
4006;0,109165415
4007;0,02559066
4008;0,065100044
4009;0,044027224
4010;0,32448494
4011;0,00092576444
4012;0,03921167
4013;0,038915806
4014;0,003966017
4015;0,0073618093
4016;0,19467404
4017;0,07624089
4018;0,026600836
4019;0,018408893
4020;0,0003537739
4021;0,19488883
4022;0,042492874
4023;0,0025046032
4024;0,054580048
4025;0,020958127
4026;0,018263955
4027;0,012134101
4028;0,061633933
4029;0,18387018
4030;0,09824593
4031;0,30197576
4032;0,04979574
4033;0,016641594
4034;0,06532204
4035;0,057565004
4036;0,0005452544
4037;0,016950145
4038;0,00062413584
4039;0,123821184
4040;0,034853406
4041;0,0034967796
4042;0,1194141
4043;0,14242756
4044;0,058963697
4045;0,008724828
4046;0,0074805887
4047;0,010618605
4048;0,0059530055
4049;0,0008086783
4050;0,0009996395
4051;0,105761155
4052;0,0006096116
4053;0,12070535
4054;0,004273977
4055;0,0047488795
4056;0,0006069852
4057;0,108371496
4058;0,07608853
4059;0,025261581
4060;0,11402571
4061;0,009966621
4062;0,080131106
4063;0,10717452
4064;0,04784008
4065;0,015687691
4066;0,0855747
4067;0,39623022
4068;0,00032613517
4069;0,00049734826
4070;0,2714091
4071;0,07903904
4072;0,06735551
4073;0,00038856556
4074;0,024983957
4075;0,07570883
4076;0,11197226
4077;0,0062129265
4078;0,0047978526
4079;0,06578996
4080;0,14743319
4081;0,048770595
4082;0,00081312074
4083;0,002464928
4084;0,0012155196
4085;0,0076734805
4086;0,09584672
4087;0,11269488
4088;0,058868524
4089;0,003568252
4090;0,00097539986
4091;0,057442527
4092;0,0036578393
4093;0,10107448
4094;0,00060812547
4095;0,014499642
4096;0,019242924
4097;0,01090006
4098;0,1656492
4099;0,0846001
4100;0,0015751712
4101;0,004856819
4102;0,000938162
4103;0,11303557
4104;0,06421393
4105;0,00046527872
4106;0,20655933
4107;0,038094476
4108;0,16487417
4109;0,061282713
4110;0,07393029
4111;0,0013029915
4112;0,0003234052
4113;0,07738225
4114;0,00077429967
4115;0,15449435
4116;0,047153246
4117;0,093987666
4118;0,054479435
4119;0,0023870796
4120;0,04745099
4121;0,11924117
4122;0,007221961
4123;0,02983319
4124;0,073557734
4125;0,09743736
4126;0,02160026
4127;0,046483777
4128;0,05257058
4129;0,1364958
4130;0,0020268075
4131;0,0025438764
4132;0,08926264
4133;0,001708997
4134;0,0089052385
4135;0,004705555
4136;0,0016733811
4137;0,00072012685
4138;0,025286557
4139;0,10354246
4140;0,004082224
4141;0,15379098
4142;0,0035516932
4143;0,05774679
4144;0,07478921
4145;0,05846555
4146;0,0048355088
4147;0,0759399
4148;0,016443094
4149;0,0022073267
4150;0,06955246
4151;0,023247713
4152;0,0063826144
4153;0,08240362
4154;0,02229115
4155;0,19560702
4156;0,07823887
4157;0,0007470056
4158;0,007645867
4159;0,108876854
4160;0,13384645
4161;0,022721691
4162;0,15169606
4163;0,0050947587
4164;0,041500594
4165;0,12240848
4166;0,019362232
4167;0,11182151
4168;0,12285108
4169;0,07862571
4170;0,0059615336
4171;0,40633065
4172;0,09517883
4173;0,1279557
4174;0,06407461
4175;0,08572642
4176;0,1148586
4177;0,13403152
4178;0,1258117
4179;0,06785634
4180;0,0046921526
4181;0,08164482
4182;0,0027041612
4183;0,0005309384
4184;0,0736518
4185;0,0012429755
4186;0,08614071
4187;0,00060367247
4188;0,04420035
4189;0,0010375709
4190;0,0010287547
4191;0,004084654
4192;0,060765143
4193;0,007843062
4194;0,23696795
4195;0,16765425
4196;0,00076995394
4197;0,06599083
4198;0,0011522823
4199;0,05880735
4200;0,001860818
4201;0,07880081
4202;0,08514765
4203;0,0402128
4204;0,110522225
4205;0,0016431902
4206;0,005177204
4207;0,0009792878
4208;0,08117163
4209;0,0031545274
4210;0,097648785
4211;0,035851136
4212;0,01038587
4213;0,13213134
4214;0,18538992
4215;0,072761245
4216;0,020287678
4217;0,0009018199
4218;0,0017205378
4219;0,017128067
4220;0,0016118938
4221;0,00075328664
4222;0,022810657
4223;0,00047746347
4224;0,02130939
4225;0,056466788
4226;0,0011554206
4227;0,05624346
4228;0,0012037999
4229;0,00061595865
4230;0,01785801
4231;0,05563579
4232;0,14906582
4233;0,037556916
4234;0,0791404
4235;0,054707676
4236;0,003147905
4237;0,0020778724
4238;0,0072771693
4239;0,0019341046
4240;0,004840995
4241;0,09519008
4242;0,03270475
4243;0,0004179852
4244;0,0747841
4245;0,06220401
4246;0,09369754
4247;0,105681285
4248;0,23833078
4249;0,004107993
4250;0,0064495713
4251;0,025724934
4252;0,00078813906
4253;0,15600893
4254;0,09000622
4255;0,06273753
4256;0,14587772
4257;0,10466843
4258;0,071109
4259;0,000930805
4260;0,11258239
4261;0,004859623
4262;0,052805714
4263;0,0063047907
4264;0,11877411
4265;0,007969664
4266;0,1113857
4267;0,008114926
4268;0,0012420546
4269;0,11972527
4270;0,05399139
4271;0,004181683
4272;0,042729937
4273;0,074529275
4274;0,0050627254
4275;0,0012183314
4276;0,0900224
4277;0,30479467
4278;0,004339499
4279;0,1868362
4280;0,0037025185
4281;0,03875109
4282;0,038127284
4283;0,0015784232
4284;0,119299546
4285;0,06216511
4286;0,12661842
4287;0,0015770205
4288;0,11643459
4289;0,12541847
4290;0,004691699
4291;0,00210605
4292;0,11695369
4293;0,114463955
4294;0,0014996883
4295;0,119344965
4296;0,16818815
4297;0,02295003
4298;0,034571934
4299;0,00038873247
4300;0,088169456
4301;0,09902828
4302;0,073184334
4303;0,0008205473
4304;0,1235725
4305;0,008347985
4306;0,14752454
4307;0,28827593
4308;0,0035741432
4309;0,0019663675
4310;0,005211594
4311;0,08680613
4312;0,012231353
4313;0,010003986
4314;0,0055757044
4315;0,0963014
4316;0,02359226
4317;0,006724367
4318;0,040140532
4319;0,0016865233
4320;0,087930515
4321;0,0029588265
4322;0,020822939
4323;0,023981376
4324;0,00054234924
4325;0,0072817765
4326;0,17137489
4327;0,09537484
4328;0,005241048
4329;0,0024423255
4330;0,11842516
4331;0,12854393
4332;0,00047578852
4333;0,057282895
4334;0,10172011
4335;0,070757546
4336;0,001089503
4337;0,006344085
4338;0,115933694
4339;0,09305142
4340;0,13164255
4341;0,084716015
4342;0,12283404
4343;0,0023537534
4344;0,03826683
4345;0,07320566
4346;0,06255236
4347;0,09796348
4348;0,002756155
4349;0,092195354
4350;0,02191148
4351;0,0007254721
4352;0,326011
4353;0,11814141
4354;0,004193085
4355;0,17933255
4356;0,020294903
4357;0,10211495
4358;0,0016499811
4359;0,002858751
4360;0,028406205
4361;0,08091615
4362;0,04509639
4363;0,0041994737
4364;0,004314764
4365;0,067327246
4366;0,062026437
4367;0,026075054
4368;0,035954766
4369;0,16331187
4370;0,018582094
4371;0,07224892
4372;0,12947208
4373;0,10741272
4374;0,06174501
4375;0,12313441
4376;0,0015110737
4377;0,0006951407
4378;0,06688737
4379;0,001728072
4380;0,07823154
4381;0,0800025
4382;0,0070224465
4383;0,022665706
4384;0,0488343
4385;0,05701424
4386;0,0014141584
4387;0,0010325798
4388;0,0005372238
4389;0,00046017894
4390;0,054892387
4391;0,00059431756
4392;0,13710555
4393;0,0020864876
4394;0,0004951844
4395;0,05278788
4396;0,02285307
4397;0,03846384
4398;0,0043777195
4399;0,0033995793
4400;0,0035482082
4401;0,06081394
4402;0,18830508
4403;0,09148525
4404;0,0047466126
4405;0,10060987
4406;0,0009744996
4407;0,005549548
4408;0,03641578
4409;0,0068417927
4410;0,10870375
4411;0,008076117
4412;0,09826028
4413;0,12284193
4414;0,18044207
4415;0,081213385
4416;0,0009818631
4417;0,08992637
4418;0,15381697
4419;0,017553784
4420;0,0037651584
4421;0,059182897
4422;0,059827816
4423;0,0752435
4424;0,0007050681
4425;0,003187615
4426;0,17286226
4427;0,0031591197
4428;0,010524572
4429;0,106177844
4430;0,12164718
4431;0,11351326
4432;0,19139653
4433;0,0046046544
4434;0,0009931913
4435;0,0048992485
4436;0,086151525
4437;0,0014028596
4438;0,112192184
4439;0,00050695793
4440;0,053083327
4441;0,0044311867
4442;0,02183475
4443;0,00068932754
4444;0,10163707
4445;0,11994925
4446;0,0024374477
4447;0,17804782
4448;0,0007734775
4449;0,0005585737
4450;0,018896848
4451;0,0009919506
4452;0,006861548
4453;0,0028252401
4454;0,053178586
4455;0,040562265
4456;0,08918342
4457;0,064727604
4458;0,07033524
4459;0,11421675
4460;0,0016634018
4461;0,12347659
4462;0,00078547763
4463;0,023781333
4464;0,23400638
4465;0,2051242
4466;0,055732705
4467;0,17241594
4468;0,055373576
4469;0,0005532603
4470;0,07107512
4471;0,01742581
4472;0,00041151483
4473;0,0022365053
4474;0,005859404
4475;0,018934663
4476;0,0042888303
4477;0,11515471
4478;0,14393516
4479;0,03664938
4480;0,0038388912
4481;0,018860215
4482;0,00072288455
4483;0,0033980524
4484;0,00077369146
4485;0,0006319308
4486;0,021941124
4487;0,14236218
4488;0,070738085
4489;0,0072710807
4490;0,060118098
4491;0,05628074
4492;0,0003673471
4493;0,09856938
4494;0,12070925
4495;0,11388916
4496;0,033583455
4497;0,00091091456
4498;0,025066992
4499;0,2686913
4500;0,10146859
4501;0,07094803
4502;0,0013044465
4503;0,11374326
4504;0,041354552
4505;0,11603986
4506;0,21450749
4507;0,00073394616
4508;0,049616452
4509;0,061062936
4510;0,11887454
4511;0,00084246567
4512;0,0087710265
4513;0,069621325
4514;0,0040488034
4515;0,024725277
4516;0,010165179
4517;0,2641582
4518;0,0009211167
4519;0,106771916
4520;0,0017856995
4521;0,056821685
4522;0,09317882
4523;0,0030006655
4524;0,04877515
4525;0,052839775
4526;0,07336413
4527;0,06451818
4528;0,13089553
4529;0,001116907
4530;0,0027082856
4531;0,070859976
4532;0,003876351
4533;0,00046216018
4534;0,015612778
4535;0,001372699
4536;0,021341179
4537;0,05527644
4538;0,114371166
4539;0,17526703
4540;0,007602981
4541;0,031649757
4542;0,002188072
4543;0,031451277
4544;0,001499867
4545;0,0039121145
4546;0,020176444
4547;0,06988647
4548;0,0018352993
4549;0,09816574
4550;0,26128894
4551;0,080441505
4552;0,073614
4553;0,13156514
4554;0,005191493
4555;0,06322983
4556;0,0009122564
4557;0,12122044
4558;0,078880556
4559;0,1335581
4560;0,00096869265
4561;0,12921672
4562;0,004253791
4563;0,020258583
4564;0,07957557
4565;0,0005582776
4566;0,053494025
4567;0,001586625
4568;0,0017166979
4569;0,101575896
4570;0,180215
4571;0,08417082
4572;0,03732992
4573;0,035445236
4574;0,18261854
4575;0,26463553
4576;0,0006573068
4577;0,0005265055
4578;0,035990547
4579;0,0006290212
4580;0,04969945
4581;0,09964132
4582;0,007059233
4583;0,066648714
4584;0,020449957
4585;0,12034631
4586;0,12569411
4587;0,0028795311
4588;0,0009837246
4589;0,0044694813
4590;0,0052656513
4591;0,12748621
4592;0,0029170013
4593;0,007240471
4594;0,0035445334
4595;0,08410575
4596;0,038674925
4597;0,2308105
4598;0,0026305695
4599;0,0008681867
4600;0,062219802
4601;0,1963903
4602;0,07203123
4603;0,003929964
4604;0,024690265
4605;0,10262469
4606;0,004725635
4607;0,097293116
4608;0,062405404
4609;0,09836352
4610;0,023780502
4611;0,010177535
4612;0,058544412
4613;0,027246185
4614;0,031000167
4615;0,04757108
4616;0,100583315
4617;0,12712853
4618;0,000275668
4619;0,13068184
4620;0,047009423
4621;0,0031264613
4622;0,109605454
4623;0,057907876
4624;0,00046460345
4625;0,1745094
4626;0,108000904
4627;0,16999239
4628;0,0054210657
4629;0,08616375
4630;0,0064953277
4631;0,00080357096
4632;0,06379312
4633;0,12966335
4634;0,15086561
4635;0,01591009
4636;0,0043877773
4637;0,003680529
4638;0,20759931
4639;0,0044244337
4640;0,040259175
4641;0,060019497
4642;0,11200374
4643;0,001626311
4644;0,07871872
4645;0,00432445
4646;0,00819334
4647;0,0047394657
4648;0,087725505
4649;0,006659478
4650;0,05746014
4651;0,055995062
4652;0,120718375
4653;0,094901204
4654;0,0024950774
4655;0,1007746
4656;0,00046763814
4657;0,0011808418
4658;0,11993494
4659;0,019557465
4660;0,15018645
4661;0,0053105187
4662;0,000871763
4663;0,087818585
4664;0,0030689184
4665;0,056522597
4666;0,0041050822
4667;0,1316109
4668;0,10908191
4669;0,20733145
4670;0,06225557
4671;0,005485203
4672;0,09674837
4673;0,00079717446
4674;0,069349445
4675;0,003460543
4676;0,0020635366
4677;0,025755534
4678;0,001070833
4679;0,002233891
4680;0,16073933
4681;0,07325804
4682;0,0010305111
4683;0,008045492
4684;0,045225546
4685;0,006195013
4686;0,07575534
4687;0,004780398
4688;0,079655476
4689;0,17954913
4690;0,14925519
4691;0,057390217
4692;0,10630514
4693;0,07640058
4694;0,14008047
4695;0,23635396
4696;0,0015408671
4697;0,0041939234
4698;0,1362247
4699;0,0035421562
4700;0,06265571
4701;0,10778305
4702;0,1084452
4703;0,024239616
4704;0,0006605928
4705;0,11004954
4706;0,07533054
4707;0,08589457
4708;0,0012321179
4709;0,05527305
4710;0,10138937
4711;0,09587991
4712;0,10077904
4713;0,0851055
4714;0,0009218323
4715;0,21481591
4716;0,018530754
4717;0,00430142
4718;0,06243316
4719;0,0029234735
4720;0,0045936434
4721;0,10193852
4722;0,122131556
4723;0,001043126
4724;0,09255295
4725;0,0005539153
4726;0,00095481327
4727;0,021961955
4728;0,00057993905
4729;0,118040346
4730;0,087553635
4731;0,040640194
4732;0,0007793113
4733;0,004163672
4734;0,16548662
4735;0,024702176
4736;0,023123795
4737;0,021063559
4738;0,17562096
4739;0,023739062
4740;0,11033568
4741;0,00032152294
4742;0,004045321
4743;0,07127243
4744;0,024794063
4745;0,093597084
4746;0,072415285
4747;0,003946699
4748;0,0034748525
4749;0,03824374
4750;0,02159821
4751;0,0021622146
4752;0,005389379
4753;0,09574741
4754;0,10997683
4755;0,0044326265
4756;0,01694451
4757;0,00049238716
4758;0,0047044274
4759;0,0046946136
4760;0,12017742
4761;0,17553149
4762;0,0010028213
4763;0,00050161814
4764;0,0018743325
4765;0,13246143
4766;0,10532083
4767;0,007360488
4768;0,092772156
4769;0,07341151
4770;0,0005968517
4771;0,0011294426
4772;0,07766503
4773;0,15622991
4774;0,028593205
4775;0,04111678
4776;0,0039561167
4777;0,021605778
4778;0,09428052
4779;0,0060086055
4780;0,13533606
4781;0,0017701236
4782;0,064810805
4783;0,002704463
4784;0,08673206
4785;0,13343047
4786;0,08748782
4787;0,018872589
4788;0,25009447
4789;0,113265194
4790;0,03898233
4791;0,0048590424
4792;0,10062207
4793;0,0047541508
4794;0,13987514
4795;0,07051176
4796;0,020349218
4797;0,0031036434
4798;0,10758789
4799;0,0058005266
4800;0,0050475094
4801;0,046332907
4802;0,02033409
4803;0,08778809
4804;0,01774842
4805;0,0005511999
4806;0,02368735
4807;0,026762906
4808;0,16974384
4809;0,002161415
4810;0,15209827
4811;0,00065018417
4812;0,07396856
4813;0,0007822516
4814;0,017356467
4815;0,00057478185
4816;0,02711048
4817;0,22096008
4818;0,11693147
4819;0,00070236926
4820;0,07120034
4821;0,012872657
4822;0,08167488
4823;0,045117777
4824;0,10011761
4825;0,11567276
4826;0,036354233
4827;0,020018091
4828;0,25129896
4829;0,06003717
4830;0,004286241
4831;0,034761243
4832;0,092139594
4833;0,08239048
4834;0,06972384
4835;0,019087628
4836;0,023922442
4837;0,0028303345
4838;0,065346785
4839;0,0006127381
4840;0,008994366
4841;0,03884088
4842;0,0015803315
4843;0,00534469
4844;0,065586194
4845;0,0013165309
4846;0,18696275
4847;0,006834526
4848;0,0004787696
4849;0,12014103
4850;0,019976243
4851;0,022841172
4852;0,11327143
4853;0,7182971
4854;0,02203137
4855;0,0072138105
4856;0,0041679023
4857;0,0023666667
4858;0,09017923
4859;0,0047186036
4860;0,0060260827
4861;0,0009163489
4862;0,0060843937
4863;0,08751467
4864;0,095674254
4865;0,076053694
4866;0,15365033
4867;0,0015234177
4868;0,0008866517
4869;0,018529026
4870;0,0579093
4871;0,0774024
4872;0,15236042
4873;0,00062731
4874;0,0011373092
4875;0,17021117
4876;0,04729815
4877;0,0057593263
4878;0,07975555
4879;0,0019542722
4880;0,22059044
4881;0,0031441092
4882;0,004728901
4883;0,001625644
4884;0,1162747
4885;0,035779163
4886;0,0072797006
4887;0,12606949
4888;0,06007883
4889;0,022552177
4890;0,13866553
4891;0,0046219043
4892;0,0020884888
4893;0,12286605
4894;0,06115782
4895;0,20392957
4896;0,049972046
4897;0,15237087
4898;0,086755104
4899;0,082302585
4900;0,024718467
4901;0,1914424
4902;0,16923374
4903;0,0071636997
4904;0,0007015825
4905;0,004502147
4906;0,0009866171
4907;0,15491252
4908;0,23619753
4909;0,16147462
4910;0,053757943
4911;0,09495998
4912;0,07274383
4913;0,07204887
4914;0,00073144014
4915;0,13924003
4916;0,0070602805
4917;0,02479731
4918;0,017607357
4919;0,0019811871
4920;0,09125095
4921;0,10409817
4922;0,0037620883
4923;0,0008840679
4924;0,0010131503
4925;0,008459956
4926;0,058866575
4927;0,0950651
4928;0,0048498805
4929;0,0049404493
4930;0,056642387
4931;0,0895455
4932;0,077041194
4933;0,022280341
4934;0,003674427
4935;0,1024651
4936;0,10128021
4937;0,06474313
4938;0,14093676
4939;0,054127492
4940;0,07992983
4941;0,0059443144
4942;0,003947105
4943;0,014534924
4944;0,09163589
4945;0,04191258
4946;0,07480061
4947;0,072674155
4948;0,077216625
4949;0,017708044
4950;0,01582014
4951;0,0017067442
4952;0,17096555
4953;0,0035083513
4954;0,0041612945
4955;0,0008599194
4956;0,067513734
4957;0,0040227273
4958;0,16512688
4959;0,05949469
4960;0,13951728
4961;0,012599083
4962;0,0054308455
4963;0,16094081
4964;0,0024280844
4965;0,001862047
4966;0,025563268
4967;0,059374917
4968;0,050491456
4969;0,060909726
4970;0,08942173
4971;0,09990877
4972;0,08458007
4973;0,046272345
4974;0,0062811915
4975;0,003169296
4976;0,10244648
4977;0,14064118
4978;0,07471676
4979;0,12621379
4980;0,07984191
4981;0,0077117523
4982;0,04675886
4983;0,14503121
4984;0,08448822
4985;0,0010153995
4986;0,012016529
4987;0,09676691
4988;0,0883691
4989;0,05712042
4990;0,020538324
4991;0,11626212
4992;0,22650166
4993;0,0015694412
4994;0,00039192775
4995;0,023983113
4996;0,0060959267
4997;0,10129826
4998;0,0046999473
4999;0,051777054
5000;0,0008471441
5001;0,021268558
5002;0,07468567
5003;0,059921645
5004;0,0025266819
5005;0,0028638171
5006;0,11326485
5007;0,022620771
5008;0,0022925376
5009;0,03626667
5010;0,020850312
5011;0,00044028385
5012;0,010746652
5013;0,09524556
5014;0,17695583
5015;0,13289756
5016;0,098157495
5017;0,06079688
5018;0,09949312
5019;0,26148888
5020;0,023793804
5021;0,05625464
5022;0,13534945
5023;0,033935964
5024;0,089593716
5025;0,043953426
5026;0,0015007935
5027;0,0046348525
5028;0,024104154
5029;0,00048106414
5030;0,00046207107
5031;0,0017036468
5032;0,004556337
5033;0,013721253
5034;0,008898532
5035;0,029712608
5036;0,0004165265
5037;0,020714633
5038;0,00046663336
5039;0,080157116
5040;0,00087938237
5041;0,0014493511
5042;0,02790845
5043;0,013672905
5044;0,10038938
5045;0,0045540645
5046;0,004763401
5047;0,05682235
5048;0,0010768564
5049;0,07875118
5050;0,0010057881
5051;0,0879841
5052;0,14705288
5053;0,0040820614
5054;0,14854841
5055;0,06743744
5056;0,0005656368
5057;0,0012667992
5058;0,092653126
5059;0,019943781
5060;0,0017527197
5061;0,0029767407
5062;0,07354154
5063;0,031905275
5064;0,018995037
5065;0,0007787533
5066;0,37524265
5067;0,00433214
5068;0,16171193
5069;0,052944988
5070;0,080254234
5071;0,07913924
5072;0,09368093
5073;0,02372664
5074;0,08669508
5075;0,0007553914
5076;0,118683286
5077;0,0017155358
5078;0,004063123
5079;0,015110346
5080;0,098745964
5081;0,0057918513
5082;0,08219862
5083;0,063786484
5084;0,0831313
5085;0,013429793
5086;0,032045282
5087;0,04983344
5088;0,0041773105
5089;0,04660609
5090;0,049891517
5091;0,1660746
5092;0,0918193
5093;0,10155698
5094;0,18337724
5095;0,060780607
5096;0,10850911
5097;0,12897143
5098;0,25526705
5099;0,07515375
5100;0,020139772
5101;0,0016103238
5102;0,11475849
5103;0,07543624
5104;0,017956933
5105;0,011027173
5106;0,0006632175
5107;0,01070542
5108;0,05298691
5109;0,045257457
5110;0,00081378076
5111;0,09123148
5112;0,00429491
5113;0,006928631
5114;0,06423908
5115;0,064109474
5116;0,21008505
5117;0,07990254
5118;0,027331762
5119;0,042861033
5120;0,10741286
5121;0,1320627
5122;0,0059694243
5123;0,0034999568
5124;0,078849494
5125;0,012199542
5126;0,004265431
5127;0,085360646
5128;0,00047065289
5129;0,00065774476
5130;0,06729029
5131;0,06808257
5132;0,002194258
5133;0,07070249
5134;0,077198915
5135;0,010540114
5136;0,22129138
5137;0,005916319
5138;0,1570484
5139;0,21798666
5140;0,11056787
5141;0,10456531
5142;0,0057117688
5143;0,082165696
5144;0,007001984
5145;0,0018697756
5146;0,06511294
5147;0,13044366
5148;0,0009809191
5149;0,17932308
5150;0,018231615
5151;0,066186085
5152;0,0029790867
5153;0,14492565
5154;0,15376052
5155;0,0541529
5156;0,20186326
5157;0,02782185
5158;0,12108138
5159;0,012053632
5160;0,0148891155
5161;0,002693509
5162;0,006991481
5163;0,07836138
5164;0,0003572423
5165;0,15847626
5166;0,12425425
5167;0,062422507
5168;0,1785955
5169;0,081732616
5170;0,10810855
5171;0,004782804
5172;0,0031230287
5173;0,1713965
5174;0,00032828108
5175;0,0025874327
5176;0,08886814
5177;0,02075995
5178;0,0026598137
5179;0,0271636
5180;0,0031532587
5181;0,004820105
5182;0,015726054
5183;0,011002973
5184;0,005559811
5185;0,06129174
5186;0,10887223
5187;0,00030710537
5188;0,07006187
5189;0,028453434
5190;0,024233876
5191;0,000972248
5192;0,047015607
5193;0,038220137
5194;0,0017729027
5195;0,16809818
5196;0,109967135
5197;0,13520525
5198;0,0438616
5199;0,00081398344
5200;0,11648692
5201;0,1698103
5202;0,17109215
5203;0,0055730827
5204;0,12763472
5205;0,0063957814
5206;0,008205818
5207;0,07810799
5208;0,016316302
5209;0,2738809
5210;0,016458016
5211;0,004353367
5212;0,08482973
5213;0,06515029
5214;0,0004281366
5215;0,062098116
5216;0,0018456089
5217;0,020297382
5218;0,11527079
5219;0,15194789
5220;0,08810733
5221;0,07233496
5222;0,0008921586
5223;0,09714013
5224;0,106479764
5225;0,060246807
5226;0,11379301
5227;0,005898188
5228;0,079065904
5229;0,0037176334
5230;0,06307014
5231;0,00050792977
5232;0,06222735
5233;0,0012702334
5234;0,0006461675
5235;0,00472304
5236;0,08293493
5237;0,0006168568
5238;0,023597015
5239;0,1685359
5240;0,019562466
5241;0,014365579
5242;0,099121705
5243;0,056484472
5244;0,024254382
5245;0,0058320267
5246;0,13251595
5247;0,09430764
5248;0,16989362
5249;0,16279061
5250;0,019160647
5251;0,0035611966
5252;0,10127197
5253;0,004480298
5254;0,071451396
5255;0,0021936991
5256;0,0075048013
5257;0,18006968
5258;0,0040089777
5259;0,0007150378
5260;0,06564668
5261;0,00658754
5262;0,007680935
5263;0,0017168731
5264;0,003619912
5265;0,0010859594
5266;0,00066780543
5267;0,0006064419
5268;0,006052083
5269;0,07758215
5270;0,030143974
5271;0,17758168
5272;0,0043578567
5273;0,0010106978
5274;0,0050028213
5275;0,0019493145
5276;0,06417367
5277;0,3678617
5278;0,10076918
5279;0,006798461
5280;0,0013253416
5281;0,0039395452
5282;0,0989095
5283;0,0005572435
5284;0,003731382
5285;0,0017403534
5286;0,102765515
5287;0,06297934
5288;0,0073955473
5289;0,008641045
5290;0,015288454
5291;0,067709625
5292;0,28196916
5293;0,095895864
5294;0,00038070342
5295;0,022670776
5296;0,09473777
5297;0,050484452
5298;0,120932154
5299;0,09928113
5300;0,2026174
5301;0,0041200453
5302;0,022379242
5303;0,0203605
5304;0,027923204
5305;0,0059426334
5306;0,08579358
5307;0,09793173
5308;0,0015293509
5309;0,09471692
5310;0,006054932
5311;0,08383032
5312;0,008588555
5313;0,003197061
5314;0,0054500024
5315;0,12686121
5316;0,08699701
5317;0,019846786
5318;0,075325556
5319;0,05717735
5320;0,13437758
5321;0,1410615
5322;0,12911676
5323;0,05988994
5324;0,13856252
5325;0,00026922993
5326;0,05289686
5327;0,09505547
5328;0,114676595
5329;0,030946258
5330;0,16073412
5331;0,003462932
5332;0,03154458
5333;1,0458623
5334;0,00088677683
5335;0,008758495
5336;0,11709307
5337;0,016469756
5338;0,04130312
5339;0,0024979752
5340;0,12977326
5341;0,0574044
5342;0,029744115
5343;0,11950489
5344;0,07828629
5345;0,05959611
5346;0,0805648
5347;0,0005719783
5348;0,005076062
5349;0,100562714
5350;0,022694893
5351;0,19442321
5352;0,0005958102
5353;0,0028038055
5354;0,09868006
5355;0,1703975
5356;0,13610266
5357;0,019560743
5358;0,0031038388
5359;0,0012707101
5360;0,022277854
5361;0,00043571633
5362;0,109963454
5363;0,09693291
5364;0,021320736
5365;0,006334987
5366;0,12811716
5367;0,1254332
5368;0,24933347
5369;0,07805546
5370;0,1276267
5371;0,006167931
5372;0,0011841233
5373;0,078103885
5374;0,0038600564
5375;0,06526987
5376;0,0034843062
5377;0,025180515
5378;0,07588571
5379;0,002345128
5380;0,19650698
5381;0,15986401
5382;0,06853236
5383;0,12317835
5384;0,041044682
5385;0,063135974
5386;0,02788972
5387;0,0008463346
5388;0,06384684
5389;0,10866329
5390;0,033459127
5391;0,055117235
5392;0,0020029638
5393;0,016651273
5394;0,05856236
5395;0,0010002234
5396;0,053741448
5397;0,0005305896
5398;0,06480613
5399;0,0029343064
5400;0,13787948
5401;0,069263205
5402;0,020060776
5403;0,65184355
5404;0,06311684
5405;0,23621745
5406;0,0990138
5407;0,21510902
5408;0,0022041383
5409;0,14203191
5410;0,07389398
5411;0,06526405
5412;0,0004095222
5413;0,027654637
5414;0,021406023
5415;0,11356737
5416;0,024329884
5417;0,03713861
5418;0,0022093637
5419;0,0060270177
5420;0,0036912311
5421;0,07919561
5422;0,019916471
5423;0,13175333
5424;0,14665739
5425;0,0036184923
5426;0,061079063
5427;0,11171803
5428;0,0030781988
5429;0,052305322
5430;0,07231082
5431;0,08137181
5432;0,024018914
5433;0,00052329234
5434;0,009408424
5435;0,11981104
5436;0,0043197745
5437;0,15240791
5438;0,052244656
5439;0,0021098733
5440;0,08891116
5441;0,00045471598
5442;0,09984335
5443;0,024857376
5444;0,032712426
5445;0,01297423
5446;0,0021135532
5447;0,00054989615
5448;0,008137721
5449;0,023371045
5450;0,09370038
5451;0,0051234383
5452;0,02455864
5453;0,05200113
5454;0,0006137357
5455;0,03263562
5456;0,13898659
5457;0,020874374
5458;0,16162533
5459;0,0073914463
5460;0,13328391
5461;0,026850224
5462;0,07041161
5463;0,15867978
5464;0,14573535
5465;0,008159633
5466;0,100218505
5467;0,00909828
5468;0,2509188
5469;0,10080935
5470;0,0010378138
5471;0,22673158
5472;0,014446598
5473;0,100892976
5474;0,00075315963
5475;0,36253875
5476;0,25180033
5477;0,0032535116
5478;0,18418314
5479;0,16921633
5480;0,1340605
5481;0,0003397753
5482;0,007566322
5483;0,06522448
5484;0,02213871
5485;0,056211233
5486;0,021609254
5487;0,037919357
5488;0,07228261
5489;0,0014673963
5490;0,06942817
5491;0,11202427
5492;0,16798045
5493;0,083305486
5494;0,061917156
5495;0,059685126
5496;0,12917781
5497;0,0376434
5498;0,06882025
5499;0,005305285
5500;0,068314895
5501;0,0003428129
5502;0,06385262
5503;0,1320885
5504;0,09984172
5505;0,0007496617
5506;0,05956225
5507;0,019111993
5508;0,02770368
5509;0,11922942
5510;0,117594115
5511;0,09607953
5512;0,10005747
5513;0,0098843025
5514;0,0009310002
5515;0,13846284
5516;0,12351839
5517;0,021222731
5518;0,10797136
5519;0,0040309234
5520;0,05189438
5521;0,0027624674
5522;0,057747662
5523;0,12713176
5524;0,0013428779
5525;0,000490622
5526;0,0041055935
5527;0,05853335
5528;0,08376533
5529;0,06638553
5530;0,05428333
5531;0,014684893
5532;0,070366
5533;0,067686975
5534;0,028361162
5535;0,0058841254
5536;0,11518929
5537;0,007339667
5538;0,15861689
5539;0,0802633
5540;0,18194476
5541;0,077856116
5542;0,16494393
5543;0,091815904
5544;0,1437862
5545;0,016456723
5546;0,08960813
5547;0,06775551
5548;0,13207239
5549;0,15207909
5550;0,10139765
5551;0,3024986
5552;0,15038612
5553;0,004708074
5554;0,004139262
5555;0,029899608
5556;0,16919968
5557;0,12127948
5558;0,022660917
5559;0,054244727
5560;0,005619158
5561;0,112900905
5562;0,14507264
5563;0,00500778
5564;0,08745985
5565;0,0006184773
5566;0,046739202
5567;0,14149189
5568;0,02713669
5569;0,004301876
5570;0,09672706
5571;0,10183964
5572;0,004706349
5573;0,2144598
5574;0,037863925
5575;0,0033883506
5576;0,11596337
5577;0,12908566
5578;0,05179935
5579;0,0018214611
5580;0,031319305
5581;0,03766431
5582;0,1221873
5583;0,113936
5584;0,11622867
5585;0,0069072894
5586;0,1721615
5587;0,0013482543
5588;0,120032296
5589;0,07001273
5590;0,03952059
5591;0,15414244
5592;0,027357157
5593;0,08471058
5594;0,060841575
5595;0,05494741
5596;0,008343064
5597;0,028538972
5598;0,05263985
5599;0,00060807937
5600;0,02235593
5601;0,040504456
5602;0,005324564
5603;0,16737275
5604;0,14421405
5605;0,042066503
5606;0,037993945
5607;0,0046063284
5608;0,00037689228
5609;0,11246346
5610;0,04231562
5611;0,019944515
5612;0,12961568
5613;0,09552708
5614;0,16985475
5615;0,20994338
5616;0,00079898397
5617;0,0025210185
5618;0,07979854
5619;0,00044772372
5620;0,033172138
5621;0,035668407
5622;0,10586275
5623;0,00071543123
5624;0,059032097
5625;0,041392315
5626;0,008718091
5627;0,0013866844
5628;0,09737095
5629;0,0050686314
5630;0,10797449
5631;0,106857836
5632;0,0064261993
5633;0,0016191623
5634;0,038584005
5635;0,0057898117
5636;0,122517675
5637;0,04564433
5638;0,19692217
5639;0,07852012
5640;0,006087224
5641;0,0015391365
5642;0,00054903165
5643;0,018555611
5644;0,01983538
5645;0,10159917
5646;0,13008712
5647;0,0020864075
5648;0,053481635
5649;0,08744088
5650;0,005716729
5651;0,15345442
5652;0,0049105366
5653;0,00078247424
5654;0,0015014219
5655;0,17102437
5656;0,025122339
5657;0,081162885
5658;0,043692213
5659;0,09334096
5660;0,019817995
5661;0,0033286645
5662;0,0056105913
5663;0,0014192635
5664;0,23105037
5665;0,004788955
5666;0,0045948224
5667;0,038088184
5668;0,040966436
5669;0,10781886
5670;0,00073001615
5671;0,09215037
5672;0,028098159
5673;0,067788154
5674;0,075890675
5675;0,0016155767
5676;0,08418262
5677;0,093682885
5678;0,021149093
5679;0,09379437
5680;0,12380205
5681;0,004568269
5682;0,0032860755
5683;0,0024678772
5684;0,20539618
5685;0,06408264
5686;0,08622201
5687;0,03928596
5688;0,10601426
5689;0,08198452
5690;0,13456985
5691;0,18288338
5692;0,007877876
5693;0,027569763
5694;0,05671005
5695;0,027773982
5696;0,0043411977
5697;0,113798335
5698;0,08157598
5699;0,009753374
5700;0,08212294
5701;0,0059704077
5702;0,09578819
5703;0,08232021
5704;0,10749858
5705;0,002617688
5706;0,032318622
5707;0,15674558
5708;0,054234095
5709;0,004325669
5710;0,005167271
5711;0,021691676
5712;0,075322345
5713;0,09955922
5714;0,038251534
5715;0,061623294
5716;0,16675985
5717;0,00028242788
5718;0,00099112
5719;0,08033592
5720;0,12591465
5721;0,027412564
5722;0,13707171
5723;0,0006920763
5724;0,00611913
5725;0,051313918
5726;0,00066903094
5727;0,08090355
5728;0,08290445
5729;0,021840403
5730;0,00049118407
5731;0,04376187
5732;0,085515104
5733;0,10277257
5734;0,05711165
5735;0,0034501774
5736;0,0006664362
5737;0,07301402
5738;0,16305012
5739;0,17733438
5740;0,07602611
5741;0,13153687
5742;0,089662604
5743;0,081940435
5744;0,0076193376
5745;0,022500299
5746;0,0052215243
5747;0,056621477
5748;0,000676799
5749;0,004539551
5750;0,0093404995
5751;0,019834815
5752;0,13826305
5753;0,14858367
5754;0,13769755
5755;0,0049320543
5756;0,0013142112
5757;0,016848681
5758;0,06325579
5759;0,114241615
5760;0,07680811
5761;0,111670464
5762;0,08345629
5763;0,14624512
5764;0,06866849
5765;0,0005359088
5766;0,0024082735
5767;0,0004978098
5768;0,007439316
5769;0,08826725
5770;0,023254845
5771;0,06605298
5772;0,007511993
5773;0,1955414
5774;0,002259828
5775;0,007873003
5776;0,0011857515
5777;0,15520495
5778;0,001787362
5779;0,0008218022
5780;0,0036612463
5781;0,10125178
5782;0,09644839
5783;0,080297604
5784;0,017591339
5785;0,0011020796
5786;0,092876285
5787;0,04235282
5788;0,17489108
5789;0,017764928
5790;0,15794241
5791;0,0909612
5792;0,018685654
5793;0,0025858071
5794;0,15911244
5795;0,029457837
5796;0,03213763
5797;0,0033213785
5798;0,099990286
5799;0,08296399
5800;0,063691
5801;0,0030603218
5802;0,00089156727
5803;0,14985628
5804;0,0041707926
5805;0,084105246
5806;0,004596573
5807;0,07692078
5808;0,043390647
5809;0,04004439
5810;0,088962525
5811;0,06191533
5812;0,022416264
5813;0,06594525
5814;0,003323305
5815;0,08027729
5816;0,013080771
5817;0,00068944355
5818;0,0018245629
5819;0,120867714
5820;0,08231569
5821;0,16785568
5822;0,21787915
5823;0,014025337
5824;0,04154772
5825;0,2016346
5826;0,071619205
5827;0,069707945
5828;0,0589881
5829;0,04127424
5830;0,023892079
5831;0,024583887
5832;0,004880447
5833;0,009477963
5834;0,039756056
5835;0,01205243
5836;0,11576125
5837;0,0017890024
5838;0,23852913
5839;0,0018600561
5840;0,07679412
5841;0,033963665
5842;0,007842149
5843;0,0009863481
5844;0,026240632
5845;0,026062287
5846;0,010346404
5847;0,018716712
5848;0,00056602166
5849;0,00044783723
5850;0,002106174
5851;0,009029341
5852;0,04899796
5853;0,15692554
5854;0,111502185
5855;0,058579545
5856;0,13027641
5857;0,008966992
5858;0,0034310198
5859;0,13445649
5860;0,12500378
5861;0,035677303
5862;0,07571828
5863;0,106166065
5864;0,010934139
5865;0,032407045
5866;0,043373108
5867;0,068152264
5868;0,010129137
5869;0,051130414
5870;0,049536187
5871;0,040181927
5872;0,09019345
5873;0,19301507
5874;0,083451144
5875;0,11664715
5876;0,21752699
5877;0,0012868261
5878;0,16695064
5879;0,063974604
5880;0,022304658
5881;0,0010028759
5882;0,020373886
5883;0,07337585
5884;0,065535165
5885;0,25493312
5886;0,013023822
5887;0,016602179
5888;0,019212423
5889;0,023940414
5890;0,06276641
5891;0,1605561
5892;0,10651632
5893;0,0070219226
5894;0,11613058
5895;0,0010656675
5896;0,0018108957
5897;0,0010026597
5898;0,040534735
5899;0,26844013
5900;0,10221067
5901;0,0074132117
5902;0,0057309465
5903;0,10837807
5904;0,15002109
5905;0,013441966
5906;0,105775476
5907;0,13452318
5908;0,057860866
5909;0,004179111
5910;0,070040435
5911;0,06515329
5912;0,062189594
5913;0,048120365
5914;0,0007975626
5915;0,0035937547
5916;0,00056911836
5917;0,24518594
5918;0,0050950423
5919;0,07023792
5920;0,16254653
5921;0,117957965
5922;0,06904393
5923;0,02434172
5924;0,001857348
5925;0,32344666
5926;0,07160464
5927;0,004722301
5928;0,0045251176
5929;0,0013758978
5930;0,19444858
5931;0,11965533
5932;0,0017052707
5933;0,06600496
5934;0,21027216
5935;0,00076486456
5936;0,16583303
5937;0,17384443
5938;0,09023751
5939;0,10068103
5940;0,11689956
5941;0,00035898673
5942;0,005761617
5943;0,032295287
5944;0,0018640428
5945;0,09659705
5946;0,00465193
5947;0,004820428
5948;0,004056527
5949;0,0006941665
5950;0,076469615
5951;0,064998835
5952;0,12303482
5953;0,021067917
5954;0,020603077
5955;0,054102216
5956;0,0050748354
5957;0,07962193
5958;0,14033261
5959;0,07073572
5960;0,0046844985
5961;0,05931655
5962;0,025046749
5963;0,0050371476
5964;0,024559585
5965;0,13320991
5966;0,004697372
5967;0,019651875
5968;0,0076195067
5969;0,004351684
5970;0,015875695
5971;0,071563795
5972;0,059962455
5973;0,0561117
5974;0,043172095
5975;0,00045803137
5976;0,08984867
5977;0,18926932
5978;0,0020792615
5979;0,0011726872
5980;0,008653187
5981;0,15311885
5982;0,0006128254
5983;0,12375312
5984;0,14448056
5985;0,060775
5986;0,023636283
5987;0,023441358
5988;0,016605861
5989;0,118110396
5990;0,075166285
5991;0,08895234
5992;0,0148356985
5993;0,0044058007
5994;0,0269028
5995;0,00052988064
5996;0,10484938
5997;0,11896534
5998;0,08025099
5999;0,0020699776
6000;0,00077628903
6001;0,0003976271
6002;0,002386504
6003;0,028753936
6004;0,0006558851
6005;0,018225081
6006;0,08474535
6007;0,12568223
6008;0,018783864
6009;0,00078361
6010;0,17614226
6011;0,14811692
6012;0,16449085
6013;0,106543384
6014;0,058463108
6015;0,094805874
6016;0,0052197836
6017;0,0007956794
6018;0,104761645
6019;0,069623545
6020;0,06468121
6021;0,16482629
6022;0,0008056341
6023;0,12516692
6024;0,0014130882
6025;0,21086183
6026;0,00046764227
6027;0,08209606
6028;0,08832172
6029;0,12343097
6030;0,111197874
6031;0,023381837
6032;0,039906915
6033;0,10689914
6034;0,025563508
6035;0,19052087
6036;0,14715774
6037;0,24044114
6038;0,0021022535
6039;0,00054191943
6040;0,00027711235
6041;0,15117918
6042;0,16826178
6043;0,27099708
6044;0,16023159
6045;0,023447335
6046;0,121677555
6047;0,17120937
6048;0,019124797
6049;0,021553043
6050;0,023531793
6051;0,15271746
6052;0,0052445596
6053;0,058160543
6054;0,07228139
6055;0,022790894
6056;0,0030436346
6057;0,030406576
6058;0,04746231
6059;0,043241233
6060;0,017015971
6061;0,14557603
6062;0,0015323338
6063;0,017862085
6064;0,08714003
6065;0,004320558
6066;0,14056492
6067;0,06457038
6068;0,0018017171
6069;0,15372494
6070;0,0011354706
6071;0,00079714286
6072;0,087797895
6073;0,15006353
6074;0,3191082
6075;0,034593318
6076;0,08865053
6077;0,065513395
6078;0,017915979
6079;0,12842458
6080;0,06430704
6081;0,086283796
6082;0,0817124
6083;0,001361572
6084;0,107159734
6085;0,06833346
6086;0,16824144
6087;0,00045667423
6088;0,047293242
6089;0,07985361
6090;0,12417836
6091;0,09123122
6092;0,039318476
6093;0,08851705
6094;0,016443048
6095;0,08503357
6096;0,09866197
6097;0,023573933
6098;0,039233416
6099;0,09792446
6100;0,14240466
6101;0,11491592
6102;0,0019945293
6103;0,17272323
6104;0,00037814985
6105;0,2685611
6106;0,00488785
6107;0,13063371
6108;0,0022622126
6109;0,19574933
6110;0,00071850437
6111;0,05598418
6112;0,079819456
6113;0,17383292
6114;0,049887978
6115;0,06517223
6116;0,018844115
6117;0,020458523
6118;0,00065282086
6119;0,019247858
6120;0,102014534
6121;0,008645145
6122;0,060519353
6123;0,021938654
6124;0,1716785
6125;0,07093072
6126;0,071484156
6127;0,28767234
6128;0,0016809436
6129;0,13907066
6130;0,071276985
6131;0,096374266
6132;0,03927724
6133;0,008356101
6134;0,0050816783
6135;0,14393052
6136;0,24228308
6137;0,06786807
6138;0,05762978
6139;0,002860175
6140;0,10314036
6141;0,083708026
6142;0,015304739
6143;0,096272185
6144;0,18650465
6145;0,001017225
6146;0,12769483
6147;0,022554519
6148;0,0024588262
6149;0,16212894
6150;0,17827041
6151;0,025006711
6152;0,24415314
6153;0,00049857807
6154;0,024899513
6155;0,07515089
6156;0,072368816
6157;0,0005701462
6158;0,024819987
6159;0,010418417
6160;0,022079447
6161;0,038691398
6162;0,13500765
6163;0,004795961
6164;0,0039561093
6165;0,0005371503
6166;0,05496037
6167;0,020355202
6168;0,08777697
6169;0,024974799
6170;0,11784412
6171;0,12781608
6172;0,17363705
6173;0,11259442
6174;0,0015635848
6175;0,004261962
6176;0,018142521
6177;0,025583083
6178;0,06843585
6179;0,16498561
6180;0,0018710691
6181;0,0031603973
6182;0,06025297
6183;0,23245116
6184;0,061930723
6185;0,0017259833
6186;0,06119907
6187;0,00046170785
6188;0,0005368587
6189;0,0056084655
6190;0,0011249892
6191;0,030007403
6192;0,006931788
6193;0,0012091543
6194;0,00052454765
6195;0,00046545573
6196;0,08193305
6197;0,007482635
6198;0,005817175
6199;0,00038663475
6200;0,06270405
6201;0,200394
6202;0,00041853014
6203;0,060568437
6204;0,12886745
6205;0,004796473
6206;0,0015769152
6207;0,09437559
6208;0,00039222132
6209;0,116388924
6210;0,12938735
6211;0,07854309
6212;0,017660687
6213;0,05103312
6214;0,008807178
6215;0,0083529325
6216;0,02267591
6217;0,13622685
6218;0,071386814
6219;0,10219583
6220;0,022362933
6221;0,09133145
6222;0,20954758
6223;0,059165414
6224;0,008275384
6225;0,003328994
6226;0,018866437
6227;0,061005905
6228;0,00672297
6229;0,15458168
6230;0,12801084
6231;0,071313374
6232;0,017798476
6233;0,03884195
6234;0,12661782
6235;0,025817407
6236;0,040429592
6237;0,008958902
6238;0,015926193
6239;0,040914033
6240;0,110847354
6241;0,07401636
6242;0,11217052
6243;0,10747223
6244;0,001166489
6245;0,10241255
6246;0,10250448
6247;0,12837608
6248;0,10788715
6249;0,0032360828
6250;0,066363536
6251;0,0042621563
6252;0,13458557
6253;0,0007730017
6254;0,00024276666
6255;0,046843097
6256;0,20749559
6257;0,018538533
6258;0,08671644
6259;0,10251244
6260;0,00392753
6261;0,061811812
6262;0,060802456
6263;0,0045235683
6264;0,14863938
6265;0,16017129
6266;0,2446697
6267;0,07820575
6268;0,23152609
6269;0,0019151672
6270;0,10889207
6271;0,20150411
6272;0,040524635
6273;0,22347002
6274;0,15435936
6275;0,048286863
6276;0,11576803
6277;0,008346889
6278;0,071017265
6279;0,050232824
6280;0,0384261
6281;0,013858606
6282;0,06899848
6283;0,06467868
6284;0,050874766
6285;0,12052586
6286;0,006566839
6287;0,016780829
6288;0,0032757344
6289;0,32226115
6290;0,1370892
6291;0,004070446
6292;0,024638835
6293;0,05637209
6294;0,052428354
6295;0,021830475
6296;0,0037428904
6297;0,016142685
6298;0,10766462
6299;0,15117007
6300;0,017249543
6301;0,13985352
6302;0,025447609
6303;0,16774505
6304;0,0010169387
6305;0,004047194
6306;0,08729129
6307;0,0698637
6308;0,12280766
6309;0,11592247
6310;0,16812786
6311;0,12753214
6312;0,005036939
6313;0,004666895
6314;0,036787298
6315;0,0015853707
6316;0,08946058
6317;0,0068952176
6318;0,08272383
6319;0,0056319656
6320;0,18462577
6321;0,17904355
6322;0,0013982917
6323;0,0003910909
6324;0,10020514
6325;0,0011501295
6326;0,004861216
6327;0,004088359
6328;0,053759295
6329;0,11487326
6330;0,018730288
6331;0,0009787583
6332;0,0015496723
6333;0,0006730091
6334;0,050797578
6335;0,0044568754
6336;0,0065603983
6337;0,00054397265
6338;0,006221847
6339;0,13089892
6340;0,17456292
6341;0,024867315
6342;0,041180126
6343;0,13232249
6344;0,09658613
6345;0,008838175
6346;0,0018126494
6347;0,003421385
6348;0,0065095825
6349;0,0075749406
6350;0,053256758
6351;0,030821173
6352;0,01520399
6353;0,075582944
6354;0,0008767953
6355;0,06957394
6356;0,010211003
6357;0,067388184
6358;0,053918622
6359;0,017835718
6360;0,00086765323
6361;0,06582191
6362;0,061956923
6363;0,0041742977
6364;0,040409487
6365;0,15903343
6366;0,08292448
6367;0,07062146
6368;0,003910931
6369;0,0032095804
6370;0,0007566431
6371;0,05536967
6372;0,0004900192
6373;0,004659622
6374;0,0020608907
6375;0,0005361255
6376;0,0008091313
6377;0,017853197
6378;0,11221938
6379;0,09900378
6380;0,105301686
6381;0,032077678
6382;0,053762335
6383;0,016433276
6384;0,10345063
6385;0,004270355
6386;0,25439867
6387;0,021051904
6388;0,15936443
6389;0,07956724
6390;0,11506266
6391;0,15818366
6392;0,005436711
6393;0,07861383
6394;0,063310884
6395;0,00054544053
6396;0,09451983
6397;0,096077874
6398;0,056137662
6399;0,019799266
6400;0,06117347
6401;0,01934155
6402;0,0018847247
6403;0,030526156
6404;0,13368386
6405;0,0006272532
6406;0,019337825
6407;0,13779849
6408;0,010410968
6409;0,05744307
6410;0,013237631
6411;0,12830341
6412;0,056842234
6413;0,026919812
6414;0,104002126
6415;0,080183275
6416;0,0011085346
6417;0,00090134854
6418;0,021386025
6419;0,2196027
6420;0,08076073
6421;0,12084986
6422;0,0011761558
6423;0,10753775
6424;0,1680329
6425;0,05353431
6426;0,06293659
6427;0,0010951752
6428;0,02306932
6429;0,0018040945
6430;0,0007363334
6431;0,0031276466
6432;0,05786545
6433;0,060785353
6434;0,035623115
6435;0,0007614822
6436;0,00048520777
6437;0,046992972
6438;0,04160423
6439;0,0013998582
6440;0,053047586
6441;0,100297004
6442;0,058535255
6443;0,12668625
6444;0,0024409438
6445;0,06314754
6446;0,09809041
6447;0,026258003
6448;0,019493941
6449;0,06942899
6450;0,15849885
6451;0,0043874225
6452;0,060749277
6453;0,114399806
6454;0,117588475
6455;0,00032162198
6456;0,25764602
6457;0,029851269
6458;0,0059971036
6459;0,061048966
6460;0,039420135
6461;0,10435033
6462;0,022195224
6463;0,001001118
6464;0,14534083
6465;0,002604479
6466;0,24829696
6467;0,009043544
6468;0,054131113
6469;0,0043053245
6470;0,0006504566
6471;0,1100267
6472;0,10218301
6473;0,15557878
6474;0,13775729
6475;0,14551952
6476;0,02212247
6477;0,042986147
6478;0,08403838
6479;0,17628825
6480;0,070530534
6481;0,003952633
6482;0,007937947
6483;0,07691379
6484;0,13479978
6485;0,0007681469
6486;0,12264327
6487;0,004145486
6488;0,1486099
6489;0,12580153
6490;0,0045886426
6491;0,002119309
6492;0,07999883
6493;0,11162845
6494;0,117302425
6495;0,17364693
6496;0,057644628
6497;0,2098026
6498;0,0002928282
6499;0,08474001
6500;0,007589215
6501;0,07573858
6502;0,0072382307
6503;0,0740323
6504;0,08143896
6505;0,004328027
6506;0,020009123
6507;0,04461797
6508;0,21765792
6509;0,02031375
6510;0,012355875
6511;0,039339617
6512;0,04402375
6513;0,016497772
6514;0,041795682
6515;0,0873864
6516;0,21524277
6517;0,004275569
6518;0,0047427244
6519;0,0027512764
6520;0,00032383675
6521;0,01528919
6522;0,003646151
6523;0,05511097
6524;0,16444573
6525;0,00044569338
6526;0,060091384
6527;0,0008612365
6528;0,00199207
6529;0,0008491813
6530;0,09976821
6531;0,006497355
6532;0,1783434
6533;0,0047575636
6534;0,046803948
6535;0,26152202
6536;0,1309468
6537;0,17758861
6538;0,019769397
6539;0,0065448424
6540;0,24423607
6541;0,20410423
6542;0,093231864
6543;0,15883876
6544;0,02159549
6545;0,053578712
6546;0,058272686
6547;0,0036274781
6548;0,03798131
6549;0,025051266
6550;0,075697035
6551;0,008000601
6552;0,018968645
6553;0,00029112273
6554;0,09304929
6555;0,042112503
6556;0,1596937
6557;0,34544292
6558;0,055381723
6559;0,0045189224
6560;0,0031197695
6561;0,24072
6562;0,0016743543
6563;0,0018636177
6564;0,071210116
6565;0,0007018137
6566;0,08712156
6567;0,11043887
6568;0,023057066
6569;0,0021752925
6570;0,0037053975
6571;0,022127477
6572;0,10015807
6573;0,080536485
6574;0,0033502225
6575;0,074866354
6576;0,00051894726
6577;0,0010084172
6578;0,115267314
6579;0,08493718
6580;0,1682387
6581;0,085299335
6582;0,00801774
6583;0,00074901007
6584;0,09259499
6585;0,061996225
6586;0,02600306
6587;0,0017121036
6588;0,057505567
6589;0,0702297
6590;0,0627256
6591;0,04033625
6592;0,0018377505
6593;0,000738511
6594;0,00061067025
6595;0,061593685
6596;0,016627735
6597;0,114916
6598;0,0026120108
6599;0,07594647
6600;0,047011945
6601;0,027875395
6602;0,08258934
6603;0,09721218
6604;0,14474896
6605;0,095089436
6606;0,0008929024
6607;0,039868142
6608;0,09210929
6609;0,001972361
6610;0,063868806
6611;0,0019047796
6612;0,060789473
6613;0,046660505
6614;0,05370226
6615;0,19128516
6616;0,05237828
6617;0,020945566
6618;0,114785805
6619;0,019263774
6620;0,08004801
6621;0,139382
6622;0,04720487
6623;0,077256
6624;0,11186622
6625;0,0018741069
6626;0,0040465407
6627;0,10255702
6628;0,0007046056
6629;0,18001452
6630;0,054407895
6631;0,00064286997
6632;0,010159415
6633;0,0676539
6634;0,061840076
6635;0,0035342413
6636;0,05924734
6637;0,059156943
6638;0,083678566
6639;0,20802048
6640;0,073506
6641;0,16956665
6642;0,46943563
6643;0,09628592
6644;0,006355885
6645;0,0554624
6646;0,11538777
6647;0,021674363
6648;0,12702823
6649;0,06076035
6650;0,0023141662
6651;0,008463562
6652;0,07608883
6653;0,0065538185
6654;0,00040097802
6655;0,082186915
6656;0,24335204
6657;0,09443498
6658;0,27587065
6659;0,006454048
6660;0,15676898
6661;0,08754903
6662;0,018126717
6663;0,0576075
6664;0,05896398
6665;0,08592945
6666;0,0005693573
6667;0,0015890857
6668;0,019035053
6669;0,21494001
6670;0,021480383
6671;0,1150424
6672;0,0004931873
6673;0,026374875
6674;0,0029264987
6675;0,10925065
6676;0,021138327
6677;0,17678729
6678;0,1984016
6679;0,16330019
6680;0,05624675
6681;0,057733417
6682;0,0021837028
6683;0,006562886
6684;0,12078948
6685;0,037474863
6686;0,16900373
6687;0,0026918475
6688;0,06528498
6689;0,021263858
6690;0,088905394
6691;0,0040765265
6692;0,047622677
6693;0,01609395
6694;0,112833135
6695;0,07053643
6696;0,0021399627
6697;0,07107504
6698;0,0672529
6699;0,11519055
6700;0,00893481
6701;0,0018432342
6702;0,0015139214
6703;0,07278837
6704;0,010831272
6705;0,096143834
6706;0,17220385
6707;0,006195082
6708;0,10786589
6709;0,00049231306
6710;0,0017242269
6711;0,017522406
6712;0,07604992
6713;0,60550714
6714;0,0020656101
6715;0,016090488
6716;0,14716573
6717;0,004960475
6718;0,058143742
6719;0,029125325
6720;0,0655975
6721;0,08959571
6722;0,02655232
6723;0,31418982
6724;0,0051739477
6725;0,073114544
6726;0,14964685
6727;0,07658158
6728;0,062158026
6729;0,018617675
6730;0,14417993
6731;0,0478294
6732;0,019713378
6733;0,0044379067
6734;0,0874496
6735;0,0005232679
6736;0,012035364
6737;0,090529576
6738;0,17849493
6739;0,17643073
6740;0,013456839
6741;0,007093006
6742;0,0012994449
6743;0,09831783
6744;0,057634577
6745;0,10324886
6746;0,0021162715
6747;0,07312474
6748;0,04703223
6749;0,008141253
6750;0,0034027542
6751;0,05892435
6752;0,0025814192
6753;0,0027508012
6754;0,024818225
6755;0,0013156629
6756;0,021052843
6757;0,007828228
6758;0,010499775
6759;0,0033391188
6760;0,003720518
6761;0,0006233515
6762;0,0022940752
6763;0,11441956
6764;0,03741953
6765;0,0003641648
6766;0,0024175174
6767;0,024443058
6768;0,029948981
6769;0,0004386981
6770;0,007815012
6771;0,21529545
6772;0,02021272
6773;0,22894418
6774;0,0009335184
6775;0,102895625
6776;0,15847234
6777;0,02219163
6778;0,119076125
6779;0,108916946
6780;0,08822137
6781;0,10620606
6782;0,017814891
6783;0,0016835058
6784;0,097975306
6785;0,0013630665
6786;0,16618052
6787;0,024019532
6788;0,1421082
6789;0,00083414593
6790;0,1339711
6791;0,0021511302
6792;0,004116005
6793;0,075229086
6794;0,080325596
6795;0,0013027766
6796;0,200931
6797;0,028929967
6798;0,0034876554
6799;0,0010426651
6800;0,039977435
6801;0,0046220315
6802;0,24666314
6803;0,063461125
6804;0,0005107338
6805;0,120631576
6806;0,0013338153
6807;0,013643052
6808;0,008185885
6809;0,17634478
6810;0,23148642
6811;0,09862666
6812;0,10173073
6813;0,024238938
6814;0,00063258794
6815;0,008544988
6816;0,0008791663
6817;0,012467594
6818;0,06588426
6819;0,004091507
6820;0,068059735
6821;0,06999061
6822;0,15914032
6823;0,036748372
6824;0,05958859
6825;0,029787004
6826;0,07380094
6827;0,094855785
6828;0,00096474873
6829;0,15891907
6830;0,046803568
6831;0,061788242
6832;0,102819994
6833;0,016520012
6834;0,055487696
6835;0,0035724635
6836;0,06659625
6837;0,09930788
6838;0,0011195133
6839;0,079274416
6840;0,006055403
6841;0,124110244
6842;0,0035714426
6843;0,08269911
6844;0,019003185
6845;0,058587153
6846;0,024793683
6847;0,2795282
6848;0,017562287
6849;0,0010516989
6850;0,12408248
6851;0,057970498
6852;0,023980903
6853;0,0038766242
6854;0,0379993
6855;0,015537507
6856;0,09262104
6857;0,025340945
6858;0,005636928
6859;0,11867525
6860;0,0005130369
6861;0,08277474
6862;0,13121158
6863;0,005425543
6864;0,058208153
6865;0,09804568
6866;0,004835313
6867;0,0017018551
6868;0,022149172
6869;0,10784778
6870;0,11903571
6871;0,09593001
6872;0,0058477856
6873;0,11491131
6874;0,0008773395
6875;0,2463875
6876;0,0006823385
6877;0,07817974
6878;0,08762337
6879;0,0011709844
6880;0,008358923
6881;0,00051461806
6882;0,105272755
6883;0,069561444
6884;0,028697848
6885;0,2407191
6886;0,0023344888
6887;0,16624242
6888;0,061780397
6889;0,00057655846
6890;0,062362242
6891;0,13680714
6892;0,0012044276
6893;0,00408675
6894;0,055485394
6895;0,0420893
6896;0,0006227471
6897;0,0008104859
6898;0,05863443
6899;0,018946039
6900;0,05550649
6901;0,0560612
6902;0,00046043214
6903;0,07714075
6904;0,0009781864
6905;0,09000058
6906;0,17383456
6907;0,22395734
6908;0,005923836
6909;0,059082385
6910;0,10347611
6911;0,00072561146
6912;0,05412392
6913;0,2443879
6914;0,0002447461
6915;0,022936122
6916;0,06426879
6917;0,04062462
6918;0,07293807
6919;0,08016996
6920;0,0045453147
6921;0,030176284
6922;0,06261861
6923;0,029264975
6924;0,1747272
6925;0,09986566
6926;0,08247943
6927;0,018535852
6928;0,069924064
6929;0,09312388
6930;0,011993517
6931;0,099872366
6932;0,044161458
6933;0,00066670845
6934;0,020022867
6935;0,0021044775
6936;0,0039226823
6937;0,08381471
6938;0,1765083
6939;0,0034574189
6940;0,07661598
6941;0,0010217406
6942;0,093675405
6943;0,14575526
6944;0,004203144
6945;0,060520552
6946;0,15257649
6947;0,060485728
6948;0,15078461
6949;0,1883269
6950;0,14655468
6951;0,038121182
6952;0,10479634
6953;0,004762442
6954;0,0061101536
6955;0,080418
6956;0,0295334
6957;0,03781779
6958;0,041060846
6959;0,118828416
6960;0,0014122034
6961;0,121634744
6962;0,1357204
6963;0,12862784
6964;0,096709915
6965;0,0065670414
6966;0,02153486
6967;0,06329166
6968;0,21528225
6969;0,10704869
6970;0,03991548
6971;0,04207315
6972;0,017048782
6973;0,0029502742
6974;0,15584207
6975;0,036864318
6976;0,06855249
6977;0,0035607317
6978;0,0017787715
6979;0,0013030479
6980;0,048961185
6981;0,20540997
6982;0,0052246423
6983;0,09736316
6984;0,049058575
6985;0,07386008
6986;0,021801094
6987;0,0041076834
6988;0,12218504
6989;0,020919714
6990;0,0005627752
6991;0,023386871
6992;0,0005017683
6993;0,06348435
6994;0,065155774
6995;0,017779354
6996;0,04166291
6997;0,086041085
6998;0,0018482392
6999;0,005047237
7000;0,09442739
7001;0,098639674
7002;0,03319045
7003;0,03973706
7004;0,0009292306
7005;0,23905045
7006;0,14498127
7007;0,0018055958
7008;0,0016970856
7009;0,020762881
7010;0,13745229
7011;0,059032366
7012;0,07369345
7013;0,00061878184
7014;0,0006874477
7015;0,06991497
7016;0,082741104
7017;0,04482753
7018;0,0005389102
7019;0,09915874
7020;0,15580374
7021;0,08180634
7022;0,18348368
7023;0,15621448
7024;0,11174278
7025;0,020124298
7026;0,0008346368
7027;0,09928965
7028;0,079374395
7029;0,008301578
7030;0,096939094
7031;0,10370478
7032;0,00046067854
7033;0,077881016
7034;0,0017098051
7035;0,0061400807
7036;0,0004992126
7037;0,0041931057
7038;0,06734138
7039;0,004506477
7040;0,0005230371
7041;0,0066350894
7042;0,09983659
7043;0,09615733
7044;0,060507316
7045;0,14071679
7046;0,00041834556
7047;0,023607641
7048;0,0028256995
7049;0,0004484827
7050;0,0010162166
7051;0,016338736
7052;0,09008778
7053;0,10695115
7054;0,04378594
7055;0,080829605
7056;0,0053708274
7057;0,020549556
7058;0,0032491973
7059;0,07460443
7060;0,12947452
7061;0,002909119
7062;0,07417541
7063;0,104564615
7064;0,23104778
7065;0,15350993
7066;0,06358597
7067;0,008951547
7068;0,007992903
7069;0,009954674
7070;0,056973003
7071;0,010945186
7072;0,051023766
7073;0,0006539331
7074;0,11792041
7075;0,10354203
7076;0,0059969993
7077;0,13937134
7078;0,054356623
7079;0,14430492
7080;0,06388237
7081;0,023004614
7082;0,20553109
7083;0,118935704
7084;0,007955215
7085;0,05727422
7086;0,07890598
7087;0,007856764
7088;0,017244417
7089;0,026128093
7090;0,0961247
7091;0,20681041
7092;0,0017990128
7093;0,028341174
7094;0,00064416695
7095;0,06435033
7096;0,08794804
7097;0,0972791
7098;0,005056993
7099;0,0040524555
7100;0,05532747
7101;0,058536254
7102;0,0078071235
7103;0,0032649492
7104;0,07376163
7105;0,035642274
7106;0,11743183
7107;0,017548522
7108;0,06465678
7109;0,00054749334
7110;0,09646102
7111;0,004359373
7112;0,008997327
7113;0,14834982
7114;0,09794084
7115;0,11099176
7116;0,0023014885
7117;0,0006189686
7118;0,0045979177
7119;0,2574628
7120;0,0011396995
7121;0,004690265
7122;0,0015534624
7123;0,013942614
7124;0,0020137206
7125;0,042874273
7126;0,0034936627
7127;0,00047309778
7128;0,08845174
7129;0,0006635008
7130;0,13629901
7131;0,056170475
7132;0,012148884
7133;0,051231563
7134;0,06886945
7135;0,00047480632
7136;0,10633926
7137;0,00038725726
7138;0,017206635
7139;0,20042965
7140;0,12461063
7141;0,00054482504
7142;0,064058065
7143;0,039627556
7144;0,0004722165
7145;0,00068793737
7146;0,10141581
7147;0,0061413753
7148;0,0006833726
7149;0,09185293
7150;0,15411684
7151;0,0016949475
7152;0,043888874
7153;0,01973036
7154;0,09191116
7155;0,07628083
7156;0,070366174
7157;0,21632293
7158;0,000324119
7159;0,06359793
7160;0,00076930074
7161;0,021175008
7162;0,0006288603
7163;0,037042797
7164;0,044986937
7165;0,022975277
7166;0,0087754745
7167;0,000570075
7168;0,005909683
7169;0,00046802405
7170;0,0004471561
7171;0,07938887
7172;0,13184966
7173;0,0011145088
7174;0,11540432
7175;0,007106858
7176;0,11574666
7177;0,0894207
7178;0,18197778
7179;0,17488283
7180;0,1243651
7181;0,021655662
7182;0,12896737
7183;0,13018973
7184;0,053839587
7185;0,00062366034
7186;0,0059186323
7187;0,0019037127
7188;0,13387083
7189;0,017255027
7190;0,11129566
7191;0,0050388607
7192;0,0032539733
7193;0,024265975
7194;0,118385
7195;0,0057914397
7196;0,14945334
7197;0,0027347924
7198;0,11758142
7199;0,05910148
7200;0,037761033
7201;0,0045936108
7202;0,06134056
7203;0,093867324
7204;0,14048402
7205;0,0026801676
7206;0,078194305
7207;0,021866603
7208;0,09162986
7209;0,018635044
7210;0,0010236725
7211;0,05302201
7212;0,020334657
7213;0,06240492
7214;0,11600309
7215;0,0008354393
7216;0,016736198
7217;0,1412894
7218;0,12178823
7219;0,015635502
7220;0,0046345764
7221;0,079160646
7222;0,0015415831
7223;0,117382
7224;0,22387078
7225;0,044145174
7226;0,00067069137
7227;0,19751993
7228;0,004956555
7229;0,18713485
7230;0,14126372
7231;0,017304758
7232;0,15537933
7233;0,0029063781
7234;0,03997973
7235;0,00078320026
7236;0,19131696
7237;0,024784086
7238;0,09310565
7239;0,0026172618
7240;0,019307341
7241;0,17311989
7242;0,07735305
7243;0,0040648873
7244;0,004534522
7245;0,0019440358
7246;0,12096838
7247;0,075767644
7248;0,17456639
7249;0,0040399446
7250;0,11000655
7251;0,04668236
7252;0,0016270913
7253;0,0002479229
7254;0,05934923
7255;0,019770276
7256;0,006394554
7257;0,0015315347
7258;0,0837298
7259;0,004383698
7260;0,7344078
7261;0,022253549
7262;0,029095206
7263;0,020794913
7264;0,0009592484
7265;0,002844645
7266;0,1529876
7267;0,0005467144
7268;0,052788753
7269;0,0004268435
7270;0,004081715
7271;0,0003652142
7272;0,020631416
7273;0,09983372
7274;0,06546638
7275;0,01344139
7276;0,26460114
7277;0,06942613
7278;0,005699442
7279;0,05870494
7280;0,0046381797
7281;0,13224083
7282;0,004210202
7283;0,24566409
7284;0,03250252
7285;0,00053857133
7286;0,0065088547
7287;0,020097496
7288;0,000728402
7289;0,03848604
7290;0,047367454
7291;0,06446356
7292;0,11774687
7293;0,0057390695
7294;0,037443407
7295;0,12714341
7296;0,1299184
7297;0,11473635
7298;0,05730847
7299;0,13740954
7300;0,11178345
7301;0,00093706034
7302;0,08307602
7303;0,0004617932
7304;0,004614015
7305;0,0005298168
7306;0,06342059
7307;0,12225524
7308;0,3770777
7309;0,11931871
7310;0,080989026
7311;0,0012583293
7312;0,0047190324
7313;0,0005606422
7314;0,075764045
7315;0,07632174
7316;0,0031987415
7317;0,00086620223
7318;0,13740912
7319;0,0006112103
7320;0,09520084
7321;0,004321114
7322;0,015448077
7323;0,026481118
7324;0,0919555
7325;0,06397037
7326;0,096352264
7327;0,00045714417
7328;0,021178389
7329;0,17292061
7330;0,092066005
7331;0,104765445
7332;0,0053452468
7333;0,0021323906
7334;0,010818236
7335;0,02229243
7336;0,012942142
7337;0,08657901
7338;0,06680394
7339;0,1328013
7340;0,03644365
7341;0,17170341
7342;0,06737766
7343;0,0004541042
7344;0,018922562
7345;0,023142014
7346;0,059962027
7347;0,01568729
7348;0,15148461
7349;0,06264656
7350;0,0015537419
7351;0,10788101
7352;0,059755813
7353;0,07968458
7354;0,0004845765
7355;0,08174403
7356;0,07065757
7357;0,0044788336
7358;0,0005825335
7359;0,0047968267
7360;0,08063029
7361;0,0005096297
7362;0,059055313
7363;0,0016171513
7364;0,0667487
7365;0,12508966
7366;0,06174482
7367;0,15887323
7368;0,024773542
7369;0,005081379
7370;0,00043401326
7371;0,00085954287
7372;0,105301395
7373;0,00037698363
7374;0,022062909
7375;0,020311419
7376;0,14533705
7377;0,10602907
7378;0,003878811
7379;0,021063589
7380;0,021023119
7381;0,058579363
7382;0,03805247
7383;0,0046009207
7384;0,10115336
7385;0,024003863
7386;0,01348084
7387;0,11107668
7388;0,015992431
7389;0,09611797
7390;0,0017280523
7391;0,0012660812
7392;0,09373313
7393;0,02845482
7394;0,0030929768
7395;0,14670654
7396;0,019097334
7397;0,11343589
7398;0,1298184
7399;0,00058777834
7400;0,002535699
7401;0,14960119
7402;0,100724295
7403;0,00026021415
7404;0,09188643
7405;0,060404282
7406;0,00063271326
7407;0,046322178
7408;0,004352783
7409;0,08174608
7410;0,0033931204
7411;0,0743005
7412;0,0043798317
7413;0,008331702
7414;0,073750794
7415;0,13401863
7416;0,052361622
7417;0,004569039
7418;0,018391991
7419;0,005631252
7420;0,040420875
7421;0,0018854298
7422;0,05168987
7423;0,0011492989
7424;0,07419764
7425;0,001333344
7426;0,20701136
7427;0,002271769
7428;0,29324436
7429;0,21927163
7430;0,10227278
7431;0,007722893
7432;0,16911002
7433;0,000285351
7434;0,11618731
7435;0,05576851
7436;0,021868322
7437;0,07994566
7438;0,10190178
7439;0,0005551991
7440;0,00659052
7441;0,0057026152
7442;0,020587526
7443;0,010329331
7444;0,0005670377
7445;0,0017745933
7446;0,046593934
7447;0,00078210526
7448;0,115587115
7449;0,00076497544
7450;0,14495772
7451;0,00066089764
7452;0,020859217
7453;0,0026837946
7454;0,011922074
7455;0,17798045
7456;0,14842433
7457;0,038139835
7458;0,0037422806
7459;0,061079495
7460;0,08431566
7461;0,0025714955
7462;0,0015270275
7463;0,05022823
7464;0,0034918962
7465;0,008460663
7466;0,008830192
7467;0,055497594
7468;0,0009061943
7469;0,00476548
7470;0,12789437
7471;0,0255331
7472;0,0018773414
7473;0,005102804
7474;0,07502376
7475;0,0007445194
7476;0,00059128035
7477;0,0047401953
7478;0,060850214
7479;0,21045272
7480;0,13161889
7481;0,004060676
7482;0,07753039
7483;0,055595122
7484;0,027011115
7485;0,003933981
7486;0,0008586061
7487;0,13896821
7488;0,16933373
7489;0,053643107
7490;0,08312527
7491;0,0064506936
7492;0,00082014006
7493;0,06676984
7494;0,019656252
7495;0,07395765
7496;0,012387683
7497;0,0038290631
7498;0,020779217
7499;0,0005649843
7500;0,078317754
7501;0,07355854
7502;0,0022919415
7503;0,0010565927
7504;0,004299152
7505;0,005194448
7506;0,22516674
7507;0,055886865
7508;0,031203672
7509;0,008282748
7510;0,084683836
7511;0,018325381
7512;0,0011649411
7513;0,054309715
7514;0,005569675
7515;0,10345057
7516;0,1343183
7517;0,001614584
7518;0,0030544442
7519;0,0013275207
7520;0,00067353545
7521;0,07896936
7522;0,063969694
7523;0,15069364
7524;0,0061344435
7525;0,025919039
7526;0,035504192
7527;0,00043181065
7528;0,11751394
7529;0,0011324876
7530;0,064053364
7531;0,064697705
7532;0,041895278
7533;0,07656442
7534;0,04034402
7535;0,10661278
7536;0,06775695
7537;0,106251284
7538;0,08461567
7539;0,09931426
7540;0,000784714
7541;0,11737417
7542;0,001984146
7543;0,00089680264
7544;0,09053712
7545;0,15936016
7546;0,021539621
7547;0,12172681
7548;0,004945774
7549;0,23078328
7550;0,005319939
7551;0,021510882
7552;0,018782992
7553;0,002565417
7554;0,00052269635
7555;0,0065637557
7556;0,01990059
7557;0,04173747
7558;0,07243074
7559;0,17990747
7560;0,12273233
7561;0,09217964
7562;0,09808953
7563;0,11910815
7564;0,03800022
7565;0,00027997955
7566;0,0008561017
7567;0,08401522
7568;0,0037034934
7569;0,08319358
7570;0,06972987
7571;0,0035858068
7572;0,10418469
7573;0,10389542
7574;0,12325125
7575;0,006631536
7576;0,0013659573
7577;0,002938841
7578;0,11607186
7579;0,10282202
7580;0,0031719287
7581;0,0030201413
7582;0,0007533106
7583;0,062128022
7584;0,054345742
7585;0,20747228
7586;0,17344354
7587;0,0051805153
7588;0,16527656
7589;0,00075849856
7590;0,0051001445
7591;0,17322141
7592;0,14481425
7593;0,04786674
7594;0,08253932
7595;0,006045651
7596;0,0068406654
7597;0,0008091507
7598;0,24520624
7599;0,059924588
7600;0,025292767
7601;0,006657061
7602;0,0038821097
7603;0,0027063796
7604;0,007752418
7605;0,107051134
7606;0,00074633036
7607;0,0011073974
7608;0,18853575
7609;0,13181494
7610;0,006900818
7611;0,08756799
7612;0,019816907
7613;0,007424236
7614;0,006952584
7615;0,07509854
7616;0,050874136
7617;0,31116486
7618;0,06170147
7619;0,064408645
7620;0,0857909
7621;0,0036164608
7622;0,009900192
7623;0,11348567
7624;0,0032897077
7625;0,10614394
7626;0,06405223
7627;0,019193256
7628;0,08076916
7629;0,08081995
7630;0,095798925
7631;0,012412604
7632;0,14976734
7633;0,001019159
7634;0,11989018
7635;0,17828843
7636;0,0038571437
7637;0,13410261
7638;0,005345061
7639;0,055043895
7640;0,006972656
7641;0,0046304413
7642;0,12471977
7643;0,17701162
7644;0,004848546
7645;0,0047662854
7646;0,0117809335
7647;0,00545183
7648;0,03846722
7649;0,108165756
7650;0,13091925
7651;0,0004229471
7652;0,018894827
7653;0,053062506
7654;0,007980866
7655;0,00045743366
7656;0,10043215
7657;0,020191452
7658;0,0152516635
7659;0,13369025
7660;0,037232906
7661;0,00044563302
7662;0,0005397447
7663;0,026518505
7664;0,11424656
7665;0,051358234
7666;0,27504522
7667;0,0050038593
7668;0,0075155525
7669;0,12322171
7670;0,11715262
7671;0,02435795
7672;0,11481164
7673;0,15297598
7674;0,097843245
7675;0,0017368566
7676;0,00055968907
7677;0,0552626
7678;0,0993032
7679;0,16737331
7680;0,00030475066
7681;0,006612922
7682;0,15537977
7683;0,07190208
7684;0,060476355
7685;0,096181214
7686;0,099680185
7687;0,0005393588
7688;0,0072476286
7689;0,0011802337
7690;0,19417278
7691;0,0074123256
7692;0,016803654
7693;0,0032913613
7694;0,0026258053
7695;0,005571045
7696;0,02572047
7697;0,09368736
7698;0,0013308611
7699;0,06555915
7700;0,00070063653
7701;0,0031896464
7702;0,0003493823
7703;0,0006270481
7704;0,0064234408
7705;0,0034858233
7706;0,1618187
7707;0,024675524
7708;0,01229494
7709;0,07172871
7710;0,18038204
7711;0,12039544
7712;0,019911483
7713;0,004013495
7714;0,06456266
7715;0,062915176
7716;0,048592325
7717;0,012473807
7718;0,110929035
7719;0,015182758
7720;0,24635291
7721;0,14918067
7722;0,112347536
7723;0,061626777
7724;0,21442014
7725;0,02943419
7726;0,0037464004
7727;0,389936
7728;0,00060206844
7729;0,040789228
7730;0,56683433
7731;0,023267586
7732;0,0006584707
7733;0,025064794
7734;0,018505648
7735;0,21321228
7736;0,031131798
7737;0,023488058
7738;0,04996398
7739;0,08271494
7740;0,10708775
7741;0,0017754727
7742;0,11583099
7743;0,16893841
7744;0,10599305
7745;0,18031268
7746;0,08857099
7747;0,1369277
7748;0,0041626142
7749;0,020550821
7750;0,024477273
7751;0,017919017
7752;0,0051346794
7753;0,20823243
7754;0,054858305
7755;0,034019373
7756;0,105250604
7757;0,14315988
7758;0,095489495
7759;0,023996314
7760;0,10257587
7761;0,107938446
7762;0,0015769876
7763;0,0015752094
7764;0,00091449625
7765;0,022943364
7766;0,06623298
7767;0,004311209
7768;0,063669376
7769;0,060760565
7770;0,21460998
7771;0,004396375
7772;0,0014749285
7773;0,007827827
7774;0,0993896
7775;0,025290567
7776;0,06310791
7777;0,0009691169
7778;0,0011090797
7779;0,017022451
7780;0,09675929
7781;0,0016612976
7782;0,07285585
7783;0,2603332
7784;0,076101445
7785;0,0019997247
7786;0,06269071
7787;0,24015442
7788;0,001221605
7789;0,067041084
7790;0,07542486
7791;0,0029978752
7792;0,0009941078
7793;0,087665044
7794;0,14994316
7795;0,122611396
7796;0,048220832
7797;0,004510366
7798;0,008455082
7799;0,004594078
7800;0,008128981
7801;0,0013833262
7802;0,0045446362
7803;0,07184381
7804;0,00084985193
7805;0,020199528
7806;0,14029361
7807;0,14289512
7808;0,095897995
7809;0,122974664
7810;0,0062842825
7811;0,020887261
7812;0,0065475414
7813;0,072938435
7814;0,076421045
7815;0,0010139003
7816;0,0015392058
7817;0,0035137068
7818;0,056933165
7819;0,122988544
7820;0,116161875
7821;0,004178685
7822;0,0056125624
7823;0,010593494
7824;0,013859185
7825;0,013324313
7826;0,20140278
7827;0,018787635
7828;0,06801917
7829;0,21295431
7830;0,124385424
7831;0,003254698
7832;0,19562425
7833;0,012860959
7834;0,10443068
7835;0,0006982214
7836;0,0044682785
7837;0,0011557027
7838;0,13293539
7839;0,004438723
7840;0,019921748
7841;0,0019774109
7842;0,006625865
7843;0,004266046
7844;0,0042175334
7845;0,08692378
7846;0,016834466
7847;0,0004987598
7848;0,14926286
7849;0,1477248
7850;0,08964309
7851;0,069704115
7852;0,062066145
7853;0,004326606
7854;0,009927437
7855;0,021224288
7856;0,1970308
7857;0,06075596
7858;0,19546586
7859;0,0024397394
7860;0,09978023
7861;0,0012879086
7862;0,1468216
7863;0,007859261
7864;0,0034101824
7865;0,06274791
7866;0,13832659
7867;0,034177117
7868;0,0754434
7869;0,08258454
7870;0,0042534987
7871;0,0723187
7872;0,13280596
7873;0,1152806
7874;0,16998267
7875;0,0035260015
7876;0,004916996
7877;0,08442668
7878;0,12123117
7879;0,036397826
7880;0,0015883495
7881;0,0058541074
7882;0,0017321864
7883;0,22539291
7884;0,00053229777
7885;0,14651921
7886;0,050329834
7887;0,07363346
7888;0,0012239504
7889;0,18424834
7890;0,039077044
7891;0,0013004779
7892;0,13196413
7893;0,023928553
7894;0,09193765
7895;0,0029431737
7896;0,0011364503
7897;0,061328843
7898;0,093921535
7899;0,00450863
7900;0,018358767
7901;0,0017096116
7902;0,020527955
7903;0,11419762
7904;0,24243568
7905;0,041128833
7906;0,003759141
7907;0,05175762
7908;0,06284485
7909;0,11862375
7910;0,10589254
7911;0,111274324
7912;0,10585895
7913;0,004569469
7914;0,02325921
7915;0,0049317735
7916;0,09317448
7917;0,00065265136
7918;0,041484404
7919;0,21045373
7920;0,094343744
7921;0,09516884
7922;0,28734654
7923;0,16990642
7924;0,047199957
7925;0,05385374
7926;0,17005704
7927;0,020149946
7928;0,054166287
7929;0,04332544
7930;0,09450335
7931;0,053740498
7932;0,00785485
7933;0,055567525
7934;0,0013031727
7935;0,055365853
7936;0,06307809
7937;0,012578674
7938;0,21655777
7939;0,0009297535
7940;0,060919758
7941;0,056879364
7942;0,041947324
7943;0,00082867744
7944;0,021678586
7945;0,052732095
7946;0,0015540352
7947;0,11779694
7948;0,023996891
7949;0,16245048
7950;0,091268234
7951;0,12361087
7952;0,054416273
7953;0,11904762
7954;0,1439303
7955;0,08423929
7956;0,125041
7957;0,073336825
7958;0,03671663
7959;0,08212829
7960;0,0044683455
7961;0,0009144744
7962;0,07317385
7963;0,0045557525
7964;0,00062387064
7965;0,054691285
7966;0,101076856
7967;0,055778414
7968;0,07463922
7969;0,012093635
7970;0,018312791
7971;0,0042518005
7972;0,0027158968
7973;0,058775004
7974;0,07873598
7975;0,058957443
7976;0,05121809
7977;0,075266
7978;0,018168371
7979;0,0003220667
7980;0,0028245451
7981;0,11150497
7982;0,34174743
7983;0,22124347
7984;0,2084629
7985;0,062968865
7986;0,08480021
7987;0,15004985
7988;0,0048497673
7989;0,067769855
7990;0,065603286
7991;0,021798298
7992;0,0010521521
7993;0,0014387943
7994;0,08411983
7995;0,06822524
7996;0,015006054
7997;0,00056500314
7998;0,023708127
7999;0,07639447
8000;0,064324215
8001;0,08025104
8002;0,0018006791
8003;0,07368761
8004;0,01926908
8005;0,042568494
8006;0,06957671
8007;0,0013266274
8008;0,003663236
8009;0,0018023526
8010;0,11869058
8011;0,000547245
8012;0,07969499
8013;0,023745187
8014;0,00084009266
8015;0,0015718252
8016;0,0063891145
8017;0,13997567
8018;0,08863567
8019;0,008167409
8020;0,00059327425
8021;0,032860123
8022;0,09823786
8023;0,008447784
8024;0,121997684
8025;0,17757589
8026;0,010167994
8027;0,0047709434
8028;0,11220704
8029;0,10675011
8030;0,123882696
8031;0,0072143194
8032;0,0054028374
8033;0,00096883764
8034;0,016021775
8035;0,00072815304
8036;0,003902285
8037;0,0068179686
8038;0,07002387
8039;0,0011271982
8040;0,13202254
8041;0,13605562
8042;0,015635729
8043;0,00047313137
8044;0,004549997
8045;0,081907354
8046;0,00462127
8047;0,040640183
8048;0,12463373
8049;0,016327951
8050;0,025330054
8051;0,0071981843
8052;0,07599509
8053;0,04268388
8054;0,0008211067
8055;0,0779882
8056;0,069918744
8057;0,006355274
8058;0,20360065
8059;0,0016141469
8060;0,020249642
8061;0,059731532
8062;0,0069236355
8063;0,04759623
8064;0,10362389
8065;0,0049403156
8066;0,0031607025
8067;0,12553847
8068;0,13859469
8069;0,118703716
8070;0,06355892
8071;0,10842857
8072;0,0007114441
8073;0,09295313
8074;0,061290644
8075;0,005205036
8076;0,012010357
8077;0,022834275
8078;0,02444714
8079;0,16975164
8080;0,005213348
8081;0,018185962
8082;0,07188501
8083;0,0019178629
8084;0,0017826869
8085;0,020610271
8086;0,113371134
8087;0,0063163294
8088;0,11108028
8089;0,0047420054
8090;0,007667837
8091;0,0622303
8092;0,12624994
8093;0,008318368
8094;0,12681115
8095;0,00074078527
8096;0,10050407
8097;0,13291128
8098;0,1151554
8099;0,08021449
8100;0,0026500518
8101;0,064819075
8102;0,14493051
8103;0,06697656
8104;0,06318995
8105;0,093847364
8106;0,0010505037
8107;0,0028110335
8108;0,02086239
8109;0,0046346523
8110;0,10749561
8111;0,0041594673
8112;0,102932245
8113;0,002313121
8114;0,009244333
8115;0,12608078
8116;0,16951343
8117;0,008849573
8118;0,10309555
8119;0,01871375
8120;0,11862572
8121;0,075597525
8122;0,019139456
8123;0,00056649465
8124;0,15342315
8125;0,12245111
8126;0,046807367
8127;0,21306595
8128;0,0005267776
8129;0,10456386
8130;0,22123456
8131;0,065627486
8132;0,0976347
8133;0,019904243
8134;0,0037736644
8135;0,062276214
8136;0,0567582
8137;0,00089255546
8138;0,006979293
8139;0,02146182
8140;0,02872362
8141;0,0625943
8142;0,027307328
8143;0,042033974
8144;0,0020838678
8145;0,0059916973
8146;0,012912278
8147;0,0011848825
8148;0,003783486
8149;0,20620629
8150;0,007820212
8151;0,09932211
8152;0,00076759263
8153;0,08843932
8154;0,00042500728
8155;0,001515063
8156;0,0034720097
8157;0,018649137
8158;0,004169609
8159;0,016247818
8160;0,019817146
8161;0,0011327737
8162;0,27230287
8163;0,13224405
8164;0,004434404
8165;0,000283088
8166;0,00042864383
8167;0,061855625
8168;0,06124925
8169;0,002070104
8170;0,01957321
8171;0,03148524
8172;0,005437984
8173;0,0017514599
8174;0,07655371
8175;0,017459352
8176;0,0005263906
8177;0,068917245
8178;0,06476575
8179;0,0061051757
8180;0,06946263
8181;0,2024744
8182;0,018543111
8183;0,038031057
8184;0,14177795
8185;0,16880667
8186;0,005433367
8187;0,09964526
8188;0,0030858228
8189;0,12499814
8190;0,02392978
8191;0,09138085
8192;0,00029023868
8193;0,022174114
8194;0,023221353
8195;0,0010451811
8196;0,11043657
8197;0,005629768
8198;0,10894714
8199;0,058603555
8200;0,060655765
8201;0,0025384265
8202;0,021251881
8203;0,09139861
8204;0,0006023848
8205;0,0017406293
8206;0,00042996136
8207;0,009290973
8208;0,30778456
8209;0,04764761
8210;0,02965248
8211;0,14125519
8212;0,038915876
8213;0,0062885853
8214;0,009081537
8215;0,040566925
8216;0,16015762
8217;0,00074317225
8218;0,0004481066
8219;0,1559758
8220;0,021213375
8221;0,0013010751
8222;0,09591687
8223;0,0556054
8224;0,22516538
8225;0,00096573477
8226;0,117099494
8227;0,006674534
8228;0,088379845
8229;0,1328495
8230;0,16689882
8231;0,0656877
8232;0,009344361
8233;0,055579323
8234;0,00044172973
8235;0,047831994
8236;0,078091934
8237;0,0049800924
8238;0,060963877
8239;0,08567473
8240;0,107680395
8241;0,0028578981
8242;0,005171235
8243;0,07605946
8244;0,10844338
8245;0,0006831055
8246;0,2954097
8247;0,031087961
8248;0,0015243735
8249;0,05839455
8250;0,049897503
8251;0,06590435
8252;0,17124265
8253;0,2211974
8254;0,10110985
8255;0,038906418
8256;0,07385811
8257;0,05244195
8258;0,16186887
8259;0,25771767
8260;0,08430088
8261;0,004682247
8262;0,0012748884
8263;0,05967122
8264;0,04058754
8265;0,004782266
8266;0,0010946839
8267;0,0012770887
8268;0,00065485167
8269;0,18929294
8270;0,022558143
8271;0,08274547
8272;0,2471053
8273;0,058657683
8274;0,0009489608
8275;0,05322431
8276;0,0092078345
8277;0,025191817
8278;0,0016933947
8279;0,06429085
8280;0,0048356717
8281;0,15440914
8282;0,0046482584
8283;0,019173816
8284;0,06674586
8285;0,11443788
8286;0,0027926997
8287;0,0008819243
8288;0,10926248
8289;0,004348369
8290;0,0018167234
8291;0,08489152
8292;0,10052879
8293;0,17850293
8294;0,14502439
8295;0,102223285
8296;0,10632001
8297;0,020113058
8298;0,009153273
8299;0,056797862
8300;0,1290586
8301;0,002450929
8302;0,004166102
8303;0,11063144
8304;0,024824506
8305;0,08834624
8306;0,020362332
8307;0,06349467
8308;0,0002571004
8309;0,016138298
8310;0,0004583112
8311;0,00071745086
8312;0,0005872726
8313;0,18267417
8314;0,058569636
8315;0,039830793
8316;0,09005528
8317;0,09952932
8318;0,055678304
8319;0,054483633
8320;0,11738312
8321;0,018805087
8322;0,024424208
8323;0,006248601
8324;0,06564377
8325;0,20225158
8326;0,05966711
8327;0,0048351614
8328;0,004689841
8329;0,30816603
8330;0,025269823
8331;0,0005786909
8332;0,003810279
8333;0,0079673035
8334;0,00047778513
8335;0,0008932004
8336;0,017347118
8337;0,0702635
8338;0,022263952
8339;0,030174492
8340;0,025228003
8341;0,0733597
8342;0,123220935
8343;0,042700626
8344;0,0006710354
8345;0,018270403
8346;0,030831408
8347;0,0045674057
8348;0,110841684
8349;0,1730662
8350;0,11911002
8351;0,0062694997
8352;0,087365724
8353;0,09268758
8354;0,0041518686
8355;0,023110127
8356;0,1439512
8357;0,0645046
8358;0,10750512
8359;0,0049418253
8360;0,006516543
8361;0,0019431559
8362;0,0024032586
8363;0,17122866
8364;0,091074
8365;0,0067697205
8366;0,046358317
8367;0,0012168458
8368;0,03280242
8369;0,005025899
8370;0,16555628
8371;0,00495386
8372;0,055160016
8373;0,023866694
8374;0,0006114779
8375;0,06030783
8376;0,021967657
8377;0,20748909
8378;0,06526889
8379;0,06354717
8380;0,0137977125
8381;0,0009761139
8382;0,004360575
8383;0,00063092477
8384;0,023205217
8385;0,07838806
8386;0,1634254
8387;0,054278802
8388;0,03186846
8389;0,007455532
8390;0,043808043
8391;0,00065192406
8392;0,12164508
8393;0,15627906
8394;0,11320744
8395;0,00078875094
8396;0,18909821
8397;0,018856337
8398;0,057053827
8399;0,036301475
8400;0,00052034826
8401;0,09674853
8402;0,00040812208
8403;0,010961858
8404;0,1004421
8405;0,08688828
8406;0,05892379
8407;0,06410467
8408;0,019289177
8409;0,13935086
8410;0,23877472
8411;0,21751776
8412;0,0039183274
8413;0,0022295048
8414;0,21840823
8415;0,06873332
8416;0,023282744
8417;0,022642205
8418;0,0022919532
8419;0,121582195
8420;0,07054579
8421;0,13547496
8422;0,0004077605
8423;0,060843762
8424;0,08376729
8425;0,005736181
8426;0,101905145
8427;0,099701315
8428;0,0005296529
8429;0,07262351
8430;0,0875798
8431;0,67122513
8432;0,015692165
8433;0,03855482
8434;0,0017631922
8435;0,0117088575
8436;0,0025471358
8437;0,06443368
8438;0,018791312
8439;0,007853478
8440;0,038212657
8441;0,045205727
8442;0,0014392219
8443;0,07109137
8444;0,0012277131
8445;0,11098127
8446;0,0028112927
8447;0,31753564
8448;0,32605
8449;0,08151018
8450;0,11346664
8451;0,007485257
8452;0,007171666
8453;0,021932902
8454;0,003572213
8455;0,001930964
8456;0,0005497069
8457;0,09670665
8458;0,11329387
8459;0,0027453904
8460;0,047433354
8461;0,0013305829
8462;0,057891764
8463;0,02114504
8464;0,17604071
8465;0,10894444
8466;0,019358678
8467;0,091876216
8468;0,0040814164
8469;0,16323745
8470;0,0013879698
8471;0,07045847
8472;0,21895513
8473;0,11112842
8474;0,05545102
8475;0,042217962
8476;0,021454241
8477;0,044694606
8478;0,00600891
8479;0,09244383
8480;0,1225162
8481;0,11220905
8482;0,0007920021
8483;0,17439038
8484;0,004791527
8485;0,09009296
8486;0,0004410246
8487;0,096218094
8488;0,14179236
8489;0,02068701
8490;0,12577024
8491;0,001733394
8492;0,043146152
8493;0,039873034
8494;0,14017418
8495;0,0009367175
8496;0,005446324
8497;0,002096843
8498;0,10108545
8499;0,0040505873
8500;0,0008959535
8501;0,09361084
8502;0,018338902
8503;0,0069968645
8504;0,15742025
8505;0,06349807
8506;0,16388305
8507;0,12119763
8508;0,0025021925
8509;0,068192124
8510;0,19326288
8511;0,094749
8512;0,040018156
8513;0,08236138
8514;0,073495395
8515;0,07590318
8516;0,0026432262
8517;0,30243835
8518;0,00055421656
8519;0,00077015674
8520;0,0017029144
8521;0,09988859
8522;0,021912115
8523;0,020825598
8524;0,0006292936
8525;0,019883143
8526;0,001651173
8527;0,16708598
8528;0,011512505
8529;0,00077468215
8530;0,16492279
8531;0,0073202727
8532;0,05567881
8533;0,004627336
8534;0,15189031
8535;0,07346208
8536;0,0019870019
8537;0,0046845195
8538;0,12520273
8539;0,16786446
8540;0,0012088321
8541;0,08595141
8542;0,004853622
8543;0,0006995294
8544;0,03516154
8545;0,1783514
8546;0,102597155
8547;0,2607517
8548;0,00076690613
8549;0,0031332024
8550;0,07257538
8551;0,06406708
8552;0,001940765
8553;0,0018052397
8554;0,00046624494
8555;0,0004151113
8556;0,028747104
8557;0,12862206
8558;0,065777294
8559;0,06808131
8560;0,00049689703
8561;0,00073594024
8562;0,018228956
8563;0,0028606735
8564;0,0186957
8565;0,09508319
8566;0,023030834
8567;0,063721426
8568;0,37568957
8569;0,0007436852
8570;0,0017078232
8571;0,005406018
8572;0,0022028224
8573;0,12634774
8574;0,0041247304
8575;0,15819208
8576;0,0040393043
8577;0,004589912
8578;0,13072285
8579;0,057622217
8580;0,05712791
8581;0,1700944
8582;0,0005678143
8583;0,19851449
8584;0,7174627
8585;0,10128493
8586;0,008381212
8587;0,10865985
8588;0,0007147203
8589;0,08835899
8590;0,15292773
8591;0,02363318
8592;0,0368292
8593;0,1271614
8594;0,00068677356
8595;0,0019194179
8596;0,07053934
8597;0,027180353
8598;0,025911154
8599;0,11286567
8600;0,07478703
8601;0,0040176595
8602;0,0010880987
8603;0,097587645
8604;0,0016937645
8605;0,09634262
8606;0,15929615
8607;0,109199695
8608;0,1806676
8609;0,10445082
8610;0,10239433
8611;0,0010381762
8612;0,0005200849
8613;0,0035918995
8614;0,00053758087
8615;0,0011626984
8616;0,007227491
8617;0,07443629
8618;0,12066038
8619;0,0014871525
8620;0,059237067
8621;0,13574891
8622;0,34711155
8623;0,13715366
8624;0,03062557
8625;0,06197119
8626;0,090680994
8627;0,0007586159
8628;0,021967303
8629;0,002715273
8630;0,05331032
8631;0,10402815
8632;0,09068716
8633;0,0011007076
8634;0,00041933864
8635;0,05635431
8636;0,09886959
8637;0,09514201
8638;0,024808846
8639;0,052158993
8640;0,10828424
8641;0,07075291
8642;0,00041706755
8643;0,091787465
8644;0,096081614
8645;0,04031334
8646;0,1503536
8647;0,0004010235
8648;0,0099547515
8649;0,014627036
8650;0,014569699
8651;0,11215182
8652;0,00071077084
8653;0,006845441
8654;0,065893956
8655;0,002743926
8656;0,107982956
8657;0,0005313801
8658;0,018002765
8659;0,00044354657
8660;0,0174159
8661;0,005148567
8662;0,00058932963
8663;0,003995304
8664;0,0054139923
8665;0,0054362663
8666;0,0031115771
8667;0,0051194057
8668;0,047105886
8669;0,0061605223
8670;0,110959575
8671;0,060461007
8672;0,121898465
8673;0,0024666938
8674;0,00039484992
8675;0,023880249
8676;0,071843356
8677;0,034258626
8678;0,00037483498
8679;0,0025296337
8680;0,15532684
8681;0,005690098
8682;0,10474736
8683;0,3708355
8684;0,0005340021
8685;0,09140913
8686;0,0012380311
8687;0,15319718
8688;0,11686514
8689;0,013486814
8690;0,06792008
8691;0,017862275
8692;0,098393135
8693;0,0045729065
8694;0,102900535
8695;0,025543539
8696;0,0039036064
8697;0,1485049
8698;0,00027855532
8699;0,19756202
8700;0,037937053
8701;0,08155689
8702;0,29213458
8703;0,112449154
8704;0,01997441
8705;0,054381195
8706;0,03743732
8707;0,04759012
8708;0,005847638
8709;0,0044630966
8710;0,00043079304
8711;0,016560428
8712;0,036980078
8713;0,115799434
8714;0,10809092
8715;0,053728923
8716;0,06321014
8717;0,0061656344
8718;0,007575825
8719;0,17677456
8720;0,00044876622
8721;0,005539724
8722;0,037730303
8723;0,058244154
8724;0,00085419626
8725;0,18376243
8726;0,0238982
8727;0,06587373
8728;0,009999479
8729;0,113070086
8730;0,17530864
8731;0,126804
8732;0,13478094
8733;0,02375797
8734;0,074621364
8735;0,021364853
8736;0,04735333
8737;0,121693745
8738;0,0032808282
8739;0,063965976
8740;0,061322164
8741;0,14707749
8742;0,10165092
8743;0,020478882
8744;0,0045936066
8745;0,08714543
8746;0,003550052
8747;0,008988666
8748;0,10201656
8749;0,020325344
8750;0,06360973
8751;0,00062753353
8752;0,079643026
8753;0,013314148
8754;0,054012243
8755;0,067640886
8756;0,019521447
8757;0,0058009736
8758;0,029418752
8759;0,10149185
8760;0,006137764
8761;0,13075018
8762;0,07788644
8763;0,0013457403
8764;0,000660117
8765;0,14704055
8766;0,18027443
8767;0,17630672
8768;0,10583955
8769;0,044520035
8770;0,053591326
8771;0,056422465
8772;0,15871386
8773;0,108132735
8774;0,0008278307
8775;0,035664495
8776;0,13920258
8777;0,013402227
8778;0,0371546
8779;0,064290166
8780;0,06540793
8781;0,0011077761
8782;0,09050818
8783;0,12027541
8784;0,0064817714
8785;0,032631934
8786;0,004288322
8787;0,016565787
8788;0,021798942
8789;0,1581268
8790;0,040769216
8791;0,023609992
8792;0,09264139
8793;0,2628206
8794;0,0010705721
8795;0,22642766
8796;0,00412601
8797;0,13793729
8798;0,0047572535
8799;0,22158183
8800;0,0014275514
8801;0,026270023
8802;0,0050893454
8803;0,0039406624
8804;0,03793083
8805;0,0017115963
8806;0,15110376
8807;0,021557616
8808;0,2105012
8809;0,29963854
8810;0,006533069
8811;0,0018991962
8812;0,017279802
8813;0,07425715
8814;0,09669784
8815;0,024868079
8816;0,11586298
8817;0,0010837334
8818;0,005139031
8819;0,024054794
8820;0,039302636
8821;0,0017202122
8822;0,061835095
8823;0,020619124
8824;0,0037244484
8825;0,12070821
8826;0,061186932
8827;0,04671649
8828;0,0033422918
8829;0,0026076534
8830;0,0022609816
8831;0,0018680487
8832;0,07244566
8833;0,00935032
8834;0,13355643
8835;0,13283315
8836;0,001364579
8837;0,0014683845
8838;0,06927551
8839;0,14402576
8840;0,0035979182
8841;0,0009481369
8842;0,063362665
8843;0,061093826
8844;0,021864712
8845;0,12060928
8846;0,008385777
8847;0,045166098
8848;0,0018020982
8849;0,07552864
8850;0,021279981
8851;0,09519626
8852;0,0879737
8853;0,07035468
8854;0,062393844
8855;0,004420108
8856;0,039569236
8857;0,042994585
8858;0,005205432
8859;0,021445002
8860;0,020200403
8861;0,0007425659
8862;0,04822381
8863;0,020264968
8864;0,11906903
8865;0,0017947392
8866;0,0039261184
8867;0,07629124
8868;0,05222796
8869;0,08288693
8870;0,1309505
8871;0,020338535
8872;0,06407392
8873;0,02132074
8874;0,12974097
8875;0,07869473
8876;0,00061700534
8877;0,07534231
8878;0,09007491
8879;0,12696566
8880;0,07991838
8881;0,0010969039
8882;0,004427846
8883;0,1463599
8884;0,07478586
8885;0,007552222
8886;0,0017214128
8887;0,019006316
8888;0,00071452383
8889;0,0999235
8890;0,0927657
8891;0,004816825
8892;0,007058907
8893;0,11900763
8894;0,000623851
8895;0,0948601
8896;0,07218355
8897;0,16613573
8898;0,06323878
8899;0,030875897
8900;0,03547571
8901;0,0044770385
8902;0,044134077
8903;0,03871818
8904;0,022902267
8905;0,0912333
8906;0,16510983
8907;0,566836
8908;0,1138502
8909;0,1123267
8910;0,005093747
8911;0,0010670489
8912;0,004187401
8913;0,09027427
8914;0,0020315049
8915;0,00067680725
8916;0,22603527
8917;0,33583784
8918;0,0409531
8919;0,08516381
8920;0,0021775814
8921;0,21964693
8922;0,0055255913
8923;0,09185933
8924;0,21071328
8925;0,057843823
8926;0,005263966
8927;0,06323377
8928;0,055054028
8929;0,026162174
8930;0,0014038116
8931;0,11921933
8932;0,00055361574
8933;0,0040256954
8934;0,13796966
8935;0,074075304
8936;0,0011766483
8937;0,01950649
8938;0,053318188
8939;0,041530773
8940;0,11129092
8941;0,0028634195
8942;0,019945923
8943;0,0037623667
8944;0,072504684
8945;0,13114683
8946;0,00077477354
8947;0,059425704
8948;0,1033383
8949;0,087847054
8950;0,0011323199
8951;0,11177342
8952;0,00032448448
8953;0,18241073
8954;0,08623913
8955;0,00092875987
8956;0,04650113
8957;0,12394442
8958;0,07645158
8959;0,00090052874
8960;0,025526214
8961;0,00074849254
8962;0,016009456
8963;0,053953458
8964;0,00075231254
8965;0,01643603
8966;0,0024354407
8967;0,1983749
8968;0,10043453
8969;0,2881567
8970;0,12104885
8971;0,11662732
8972;0,00690704
8973;0,11879568
8974;0,0063979765
8975;0,02195527
8976;0,14964269
8977;0,010164747
8978;0,0027385075
8979;0,017045224
8980;0,00030033372
8981;0,094946034
8982;0,13262008
8983;0,072241455
8984;0,0040395316
8985;0,0853242
8986;0,11803019
8987;0,15914322
8988;0,0074023665
8989;0,2090042
8990;0,0012184962
8991;0,0636972
8992;0,049740057
8993;0,0046868334
8994;0,020798456
8995;0,0047206096
8996;0,1075584
8997;0,0020446144
8998;0,07867524
8999;0,19298719
9000;0,024450297
9001;0,001609899
9002;0,24151987
9003;0,09576841
9004;0,0014379101
9005;0,068045974
9006;0,0016923478
9007;0,16546562
9008;0,072139464
9009;0,07609158
9010;0,062720574
9011;0,15835653
9012;0,11209986
9013;0,0012006165
9014;0,046021074
9015;0,143717
9016;0,13146664
9017;0,0008367315
9018;0,111152664
9019;0,07889584
9020;0,074126646
9021;0,008098963
9022;0,0881419
9023;0,27181605
9024;0,073631614
9025;0,035248455
9026;0,0076107774
9027;0,0056912494
9028;0,0027977165
9029;0,11796564
9030;0,0018490325
9031;0,000603804
9032;0,020860769
9033;0,0004966958
9034;0,05943218
9035;0,055486653
9036;0,2572496
9037;0,0024495232
9038;0,023620397
9039;0,09482808
9040;0,09789596
9041;0,016714592
9042;0,11412997
9043;0,0022584477
9044;0,07631102
9045;0,15576723
9046;0,14515452
9047;0,119449675
9048;0,12145279
9049;0,12562817
9050;0,08004245
9051;0,025902651
9052;0,0036981876
9053;0,021121906
9054;0,004823204
9055;0,079189986
9056;0,09754167
9057;0,005860664
9058;0,0004962331
9059;0,025540136
9060;0,009911563
9061;0,08990606
9062;0,08045966
9063;0,15826061
9064;0,14646432
9065;0,0015013276
9066;0,0160513
9067;0,10079371
9068;0,0150783565
9069;0,01454212
9070;0,061976645
9071;0,17454606
9072;0,040222205
9073;0,06297436
9074;0,14957777
9075;0,037271336
9076;0,000813461
9077;0,0511114
9078;0,020740325
9079;0,14496729
9080;0,0031139557
9081;0,08107368
9082;0,0005569448
9083;0,00048296628
9084;0,004100362
9085;0,11591928
9086;0,038704354
9087;0,13105863
9088;0,08255016
9089;0,097335175
9090;0,0018172974
9091;0,0017146454
9092;0,027044257
9093;0,24657631
9094;0,064328775
9095;0,11445846
9096;0,018102279
9097;0,06480269
9098;0,0012309633
9099;0,1140671
9100;0,016797995
9101;0,09342454
9102;0,006012517
9103;0,06417792
9104;0,00065404654
9105;0,21767598
9106;0,0034434446
9107;0,00585829
9108;0,0006044388
9109;0,19064169
9110;0,17348397
9111;0,1398417
9112;0,05048402
9113;0,0011739976
9114;0,08316618
9115;0,06270402
9116;0,07051779
9117;0,004197414
9118;0,0036568677
9119;0,000792305
9120;0,0059664706
9121;0,0060761776
9122;0,0007252871
9123;0,00025716145
9124;0,023891238
9125;0,0076937834
9126;0,0039399434
9127;0,07219172
9128;0,025572222
9129;0,12371107
9130;0,006740681
9131;0,0018275906
9132;0,023130085
9133;0,0005162474
9134;0,083627254
9135;0,11209283
9136;0,02508059
9137;0,0642304
9138;0,056801114
9139;0,15678787
9140;0,0006759317
9141;0,00492078
9142;0,003933838
9143;0,020425178
9144;0,021230198
9145;0,05812981
9146;0,462766
9147;0,07663306
9148;0,008406358
9149;0,0013451828
9150;0,06611124
9151;0,0043529687
9152;0,0050336355
9153;0,03606452
9154;0,0011531068
9155;0,14303815
9156;0,06291252
9157;0,001999425
9158;0,003934803
9159;0,049840074
9160;0,02325883
9161;0,09232822
9162;0,120120555
9163;0,08166936
9164;0,053833224
9165;0,02293905
9166;0,19007325
9167;0,015535666
9168;0,08861159
9169;0,06526996
9170;0,057062194
9171;0,2532928
9172;0,044936992
9173;0,019892251
9174;0,0032635627
9175;0,0052283877
9176;0,04334099
9177;0,019589514
9178;0,090370215
9179;0,17154425
9180;0,111562744
9181;0,12754373
9182;0,043652363
9183;0,02650881
9184;0,0019535427
9185;0,0040765307
9186;0,092123
9187;0,0010259971
9188;0,08747895
9189;0,09311776
9190;0,13333641
9191;0,1416197
9192;0,092087924
9193;0,065361135
9194;0,07411422
9195;0,109437615
9196;0,026045883
9197;0,0015243981
9198;0,0024064705
9199;0,12243972
9200;0,0057794424
9201;0,022248803
9202;0,0006467194
9203;0,07245609
9204;0,09705479
9205;0,0050473404
9206;0,0008137049
9207;0,07200822
9208;0,13192888
9209;0,072489865
9210;0,021437837
9211;0,002462599
9212;0,022753917
9213;0,07820748
9214;0,080540225
9215;0,09051721
9216;0,0010776283
9217;0,100078166
9218;0,16388781
9219;0,15911463
9220;0,08832548
9221;0,14539452
9222;0,14247943
9223;0,05720534
9224;0,04400479
9225;0,0061180433
9226;0,16271739
9227;0,04033886
9228;0,09285083
9229;0,16241898
9230;0,08021058
9231;0,111902885
9232;0,1555618
9233;0,10455732
9234;0,0053903386
9235;0,089840166
9236;0,12830524
9237;0,016413791
9238;0,004923531
9239;0,022719016
9240;0,12400157
9241;0,073317096
9242;0,0008218737
9243;0,08172724
9244;0,09434414
9245;0,0017020935
9246;0,10870306
9247;0,08346844
9248;0,076628976
9249;0,0015729289
9250;0,01937459
9251;0,2992263
9252;0,09066191
9253;0,000452288
9254;0,039968245
9255;0,0016779329
9256;0,039956834
9257;0,025551671
9258;0,02149808
9259;0,05766863
9260;0,0559721
9261;0,00027311605
9262;0,16295567
9263;0,00092365436
9264;0,14437781
9265;0,0006245753
9266;0,104334995
9267;0,14659795
9268;0,00055742863
9269;0,017134514
9270;0,116531566
9271;0,024734527
9272;0,06797846
9273;0,035809673
9274;0,073734075
9275;0,32305747
9276;0,11272809
9277;0,0020803711
9278;0,15324908
9279;0,0010409611
9280;0,003635194
9281;0,094805226
9282;0,0013556841
9283;0,06398228
9284;0,15625367
9285;0,040845312
9286;0,05773986
9287;0,006816119
9288;0,06716937
9289;0,012697244
9290;0,11443653
9291;0,06285023
9292;0,0074539925
9293;0,12537533
9294;0,000742264
9295;0,0034217278
9296;0,0019919043
9297;0,063607834
9298;0,04927522
9299;0,06456024
9300;0,000763505
9301;0,087476335
9302;0,062008776
9303;0,08434624
9304;0,005434296
9305;0,02259423
9306;0,15955274
9307;0,004487539
9308;0,011693608
9309;0,1565121
9310;0,17630729
9311;0,2558655
9312;0,068103656
9313;0,027148774
9314;0,0019397215
9315;0,0045273574
9316;0,07316105
9317;0,0788582
9318;0,01663143
9319;0,00751946
9320;0,0056654736
9321;0,0036225237
9322;0,027093526
9323;0,023796396
9324;0,117122844
9325;0,044912297
9326;0,13637035
9327;0,06279303
9328;0,07425721
9329;0,00066548865
9330;0,11640816
9331;0,0027017104
9332;0,108998016
9333;0,0785886
9334;0,0036080233
9335;0,00053945195
9336;0,07809378
9337;0,089879334
9338;0,09533125
9339;0,054510344
9340;0,02302233
9341;0,1979117
9342;0,10661744
9343;0,0014663868
9344;0,002433863
9345;0,14087942
9346;0,0027670637
9347;0,111925766
9348;0,05517544
9349;0,11579028
9350;0,0020637508
9351;0,002036246
9352;0,09341851
9353;0,0006291113
9354;0,110422716
9355;0,13212392
9356;0,07244044
9357;0,15798186
9358;0,11454344
9359;0,07919796
9360;0,056588065
9361;0,058476895
9362;0,008764677
9363;0,07014421
9364;0,09951906
9365;0,0038580252
9366;0,0007092427
9367;0,14556755
9368;0,00046511192
9369;0,07509293
9370;0,023956815
9371;0,17200541
9372;0,084276706
9373;0,11119619
9374;0,0009657157
9375;0,108196706
9376;0,057472367
9377;0,006456694
9378;0,10344604
9379;0,15204494
9380;0,0036018167
9381;0,05460774
9382;0,20296778
9383;0,023949208
9384;0,071380794
9385;0,00031734834
9386;0,1039331
9387;0,09971157
9388;0,002444716
9389;0,008338455
9390;0,1034791
9391;0,001803431
9392;0,0007950382
9393;0,11719497
9394;0,03294841
9395;0,06497249
9396;0,103237644
9397;0,058614165
9398;0,00029490862
9399;0,0031161918
9400;0,0053711347
9401;0,00089240365
9402;0,08542851
9403;0,06488498
9404;0,14512938
9405;0,15239494
9406;0,10256456
9407;0,00078397314
9408;0,07497105
9409;0,006037369
9410;0,00035736253
9411;0,061587937
9412;0,036768876
9413;0,025704607
9414;0,086360686
9415;0,008192778
9416;0,006552417
9417;0,11668732
9418;0,11374914
9419;0,20354414
9420;0,10902402
9421;0,024016395
9422;0,00051935413
9423;0,06317261
9424;0,2540841
9425;0,08897508
9426;0,053527113
9427;0,0058994596
9428;0,0045945714
9429;0,07150996
9430;0,0013239256
9431;0,11798841
9432;0,0012393581
9433;0,020625025
9434;0,10225789
9435;0,1490978
9436;0,0012590282
9437;0,20611428
9438;0,13358414
9439;0,114089206
9440;0,019451044
9441;0,07691831
9442;0,0018407635
9443;0,044247266
9444;0,0046306355
9445;0,11044596
9446;0,005319666
9447;0,049996182
9448;0,28643882
9449;0,0051995623
9450;0,00061163754
9451;0,01857808
9452;0,005370505
9453;0,00673122
9454;0,042848904
9455;0,018167319
9456;0,11008496
9457;0,0053321985
9458;0,024854526
9459;0,12212788
9460;0,018403588
9461;0,09561156
9462;0,08078696
9463;0,10767139
9464;0,18948996
9465;0,0216509
9466;0,000614563
9467;0,023522018
9468;0,043625496
9469;0,08965893
9470;0,108148016
9471;0,023188863
9472;0,0006945386
9473;0,011736828
9474;0,068669125
9475;0,16810086
9476;0,0006349256
9477;0,0011259244
9478;0,017191919
9479;0,11422703
9480;0,022276245
9481;0,053767387
9482;0,0640917
9483;0,004989663
9484;0,16220073
9485;0,06931062
9486;0,09365119
9487;0,085611224
9488;0,0927521
9489;0,12163587
9490;0,098646805
9491;0,074587926
9492;0,05196985
9493;0,098023444
9494;0,08448373
9495;0,27135852
9496;0,057056308
9497;0,33164322
9498;0,014708786
9499;0,0019301889
9500;0,09818259
9501;0,044328995
9502;0,0008925258
9503;0,092684194
9504;0,09726609
9505;0,16334334
9506;0,0009859691
9507;0,0066162692
9508;0,23500921
9509;0,048032664
9510;0,16075225
9511;0,0004954438
9512;0,0036317206
9513;0,053059917
9514;0,38680914
9515;0,10281356
9516;0,09561466
9517;0,1072232
9518;0,0018073593
9519;0,004642535
9520;0,08411805
9521;0,032402325
9522;0,228069
9523;0,008498567
9524;0,0010638719
9525;0,007221039
9526;0,15145001
9527;0,006748503
9528;0,004084151
9529;0,0042249677
9530;0,06190193
9531;0,1020175
9532;0,00054589345
9533;0,07795157
9534;0,09106165
9535;0,06846976
9536;0,079583496
9537;0,0044708126
9538;0,021822648
9539;0,0018938659
9540;0,00072307873
9541;0,08697118
9542;0,020911638
9543;0,08828835
9544;0,044588577
9545;0,16320215
9546;0,17172936
9547;0,004669133
9548;0,068986304
9549;0,0011824532
9550;0,0004649577
9551;0,23649281
9552;0,018111564
9553;0,06300172
9554;0,0059579695
9555;0,03852038
9556;0,0625475
9557;0,08658982
9558;0,00452244
9559;0,1288192
9560;0,059649497
9561;0,22246365
9562;0,0005441978
9563;0,064061254
9564;0,015075139
9565;0,04190301
9566;0,02364052
9567;0,08993491
9568;0,11442076
9569;0,0012120013
9570;0,076984525
9571;0,047692724
9572;0,02251671
9573;0,18368487
9574;0,00710185
9575;0,033219263
9576;0,035322957
9577;0,006384375
9578;0,124597825
9579;0,103493
9580;0,14125496
9581;0,09951172
9582;0,0006092236
9583;0,020247906
9584;0,06610825
9585;0,0856272
9586;0,060949095
9587;0,10949235
9588;0,042153187
9589;0,051283345
9590;0,13462965
9591;0,10672897
9592;0,006642061
9593;0,09064495
9594;0,024360014
9595;0,0010974695
9596;0,0024910858
9597;0,028080238
9598;0,026004171
9599;0,09394819
9600;0,006367939
9601;0,0040779943
9602;0,012975698
9603;0,08786431
9604;0,055932526
9605;0,14331733
9606;0,0013828801
9607;0,018919284
9608;0,19486696
9609;0,0635343
9610;0,07953861
9611;0,02488004
9612;0,15134478
9613;0,12032418
9614;0,13753973
9615;0,001581849
9616;0,17691684
9617;0,0010653795
9618;0,06293163
9619;0,13918005
9620;0,0036504192
9621;0,1128263
9622;0,007345873
9623;0,018761847
9624;0,08480863
9625;0,11959278
9626;0,09765615
9627;0,048172653
9628;0,11370452
9629;0,15011433
9630;0,05501294
9631;0,042769156
9632;0,07799142
9633;0,037907887
9634;0,15287718
9635;0,02437863
9636;0,107077084
9637;0,0036462555
9638;0,024504565
9639;0,06969779
9640;0,009579272
9641;0,10305318
9642;0,2734971
9643;0,06370893
9644;0,07753476
9645;0,06246575
9646;0,11316114
9647;0,12909958
9648;0,0017887732
9649;0,0032774252
9650;0,09604718
9651;0,02007486
9652;0,118544064
9653;0,0052715223
9654;0,05982678
9655;0,016956562
9656;0,0041632317
9657;0,10104954
9658;0,07003119
9659;0,00066701224
9660;0,1115232
9661;0,07857609
9662;0,004006329
9663;0,15751076
9664;0,0015586567
9665;0,014123121
9666;0,14827764
9667;0,20213188
9668;0,11864139
9669;0,0012766346
9670;0,0046556434
9671;0,030852463
9672;0,07806709
9673;0,06474665
9674;0,0010995932
9675;0,028175736
9676;0,048568826
9677;0,03292656
9678;0,0020530415
9679;0,21366365
9680;0,061353266
9681;0,018195054
9682;0,1937569
9683;0,0071845786
9684;0,0047251727
9685;0,06995201
9686;0,057716433
9687;0,062319376
9688;0,08327586
9689;0,007056857
9690;0,00096004177
9691;0,26038218
9692;0,14141583
9693;0,11644816
9694;0,08139254
9695;0,114920974
9696;0,07061708
9697;0,1261765
9698;0,1859546
9699;0,03693012
9700;0,0011277287
9701;0,039243873
9702;0,019851187
9703;0,106883876
9704;0,0019451189
9705;0,039978325
9706;0,17441005
9707;0,01790085
9708;0,0049515674
9709;0,006584492
9710;0,03251317
9711;0,015629569
9712;0,04507435
9713;0,0008795608
9714;0,0064914064
9715;0,0005790936
9716;0,0008831823
9717;0,3643387
9718;0,0013529623
9719;0,19575751
9720;0,061151274
9721;0,019305477
9722;0,06921642
9723;0,0009048821
9724;0,0052030673
9725;0,2539349
9726;0,14252785
9727;0,03830413
9728;0,09825861
9729;0,036581833
9730;0,070200734
9731;0,060674205
9732;0,02443985
9733;0,039295062
9734;0,05986534
9735;0,026617203
9736;0,0019010846
9737;0,003932547
9738;0,07318511
9739;0,10767597
9740;0,004043759
9741;0,039278153
9742;0,2971024
9743;0,005765602
9744;0,10446113
9745;0,12379373
9746;0,0015799935
9747;0,0011637271
9748;0,021270458
9749;0,08285119
9750;0,0045795864
9751;0,07983914
9752;0,0016025737
9753;0,09045243
9754;0,0628563
9755;0,024432072
9756;0,018825307
9757;0,09236473
9758;0,03690048
9759;0,059871245
9760;0,05789751
9761;0,085384205
9762;0,08931632
9763;0,05876924
9764;0,064740784
9765;0,16248752
9766;0,009535565
9767;0,0021905454
9768;0,0032814792
9769;0,059531853
9770;0,0037892833
9771;0,0046009286
9772;0,0819058
9773;0,0010263324
9774;0,0631272
9775;0,014480108
9776;0,014647495
9777;0,06328178
9778;0,09911457
9779;0,0004980641
9780;0,17286737
9781;0,11110667
9782;0,00068849407
9783;0,07731606
9784;0,2752203
9785;0,0005628029
9786;0,00075694866
9787;0,030051537
9788;0,0041942494
9789;0,0907721
9790;0,06892768
9791;0,0052742455
9792;0,21541294
9793;0,062419415
9794;0,03343625
9795;0,10959543
9796;0,10308734
9797;0,03964522
9798;0,076970756
9799;0,08898374
9800;0,0019160818
9801;0,0019406276
9802;0,090267524
9803;0,11610797
9804;0,114223644
9805;0,11638405
9806;0,070908636
9807;0,119119234
9808;0,0040388047
9809;0,16618657
9810;0,10042734
9811;0,067212775
9812;0,11306171
9813;0,0019043981
9814;0,13177773
9815;0,08724191
9816;0,10923164
9817;0,0716568
9818;0,058201097
9819;0,0015617923
9820;0,000961663
9821;0,020849327
9822;0,16591612
9823;0,0152157955
9824;0,021607356
9825;0,060642295
9826;0,0055809263
9827;0,2270259
9828;0,05066631
9829;0,14795586
9830;0,025240859
9831;0,0895928
9832;0,14151709
9833;0,100744694
9834;0,004698202
9835;0,23793101
9836;0,0075398143
9837;0,14094988
9838;0,007890311
9839;0,12862708
9840;0,004400022
9841;0,12280687
9842;0,097281754
9843;0,018824436
9844;0,023275878
9845;0,0042643957
9846;0,09529737
9847;0,17409414
9848;0,003973556
9849;0,057697885
9850;0,0043606246
9851;0,07414014
9852;0,037726805
9853;0,023044163
9854;0,10569718
9855;0,06020569
9856;0,13292834
9857;0,07492813
9858;0,0041300855
9859;0,23439188
9860;0,13323233
9861;0,11105934
9862;0,010786905
9863;0,049729235
9864;0,0006510145
9865;0,0007695294
9866;0,070873916
9867;0,0019965195
9868;0,07580268
9869;0,0016575207
9870;0,108997926
9871;0,03765339
9872;0,29610234
9873;0,22530062
9874;0,16215493
9875;0,00073656574
9876;0,006253076
9877;0,07769394
9878;0,0063299746
9879;0,07479914
9880;0,08933611
9881;0,32703215
9882;0,0011620282
9883;0,0005810111
9884;0,36282632
9885;0,0017649579
9886;0,027733957
9887;0,0048546907
9888;0,0041268365
9889;0,068323374
9890;0,0013809277
9891;0,0010052253
9892;0,0029307841
9893;0,0017170822
9894;0,093333036
9895;0,1110344
9896;0,093462184
9897;0,12521574
9898;0,04778554
9899;0,073834285
9900;0,030900432
9901;0,035003558
9902;0,1187816
9903;0,089572266
9904;0,10235748
9905;0,15478906
9906;0,0041763405
9907;0,08501843
9908;0,005370774
9909;0,087523244
9910;0,09887518
9911;0,001335437
9912;0,00047084264
9913;0,04699113
9914;0,13027364
9915;0,03682223
9916;0,04656693
9917;0,0015179666
9918;0,06384287
9919;0,0016019567
9920;0,03598948
9921;0,00061953766
9922;0,0005782034
9923;0,03848078
9924;0,13811605
9925;0,001735958
9926;0,005061211
9927;0,2024282
9928;0,060067214
9929;0,04283198
9930;0,061792195
9931;0,0044340948
9932;0,040106036
9933;0,01999094
9934;0,059442926
9935;0,001367142
9936;0,04526077
9937;0,00040770203
9938;0,06389377
9939;0,019461365
9940;0,03735144
9941;0,20351623
9942;0,07297763
9943;0,043536887
9944;0,0020201094
9945;0,17350209
9946;0,0035543817
9947;0,06518255
9948;0,0924605
9949;0,060306102
9950;0,08566401
9951;0,017958576
9952;0,075397216
9953;0,0067986827
9954;0,12012238
9955;0,0026486292
9956;0,020866532
9957;0,058744848
9958;0,001957076
9959;0,06974002
9960;0,088006444
9961;0,0010088175
9962;0,143175
9963;0,106388055
9964;0,005097842
9965;0,03234398
9966;0,007573307
9967;0,14940144
9968;0,00078459503
9969;0,14488016
9970;0,07765935
9971;0,17960022
9972;0,24305588
9973;0,08805323
9974;0,11438885
9975;0,26159224
9976;0,0006634359
9977;0,15543197
9978;0,004080004
9979;0,048873667
9980;0,0026761468
9981;0,110841125
9982;0,0046520326
9983;0,10211414
9984;0,07052936
9985;0,17282528
9986;0,07939942
9987;0,00061271
9988;0,11309745
9989;0,059435572
9990;0,056305178
9991;0,038295887
9992;0,06465702
9993;0,061236847
9994;0,00049752963
9995;0,0784072
9996;0,17139657
9997;0,020310815
9998;0,0011332538
9999;0,038564224
10000;0,035932545
10001;0,07931131
10002;0,008615637
10003;0,17018421
10004;0,12172832
10005;0,186223
10006;0,10189335
10007;0,0008496633
10008;0,04086374
10009;0,054990176
10010;0,0011908284
10011;0,12695771
10012;0,099793755
10013;0,23222949
10014;0,0011429747
10015;0,37924373
10016;0,055479854
10017;0,0008963101
10018;0,16607478
10019;0,13675044
10020;0,080597416
10021;0,0020536385
10022;0,10469746
10023;0,00087930687
10024;0,00053176505
10025;0,10880871
10026;0,064037524
10027;0,004270169
10028;0,18116619
10029;0,12973863
10030;0,018943295
10031;0,031425316
10032;0,00282023
10033;0,041010804
10034;0,064612806
10035;0,07753348
10036;0,003825663
10037;0,0022628533
10038;0,0018974874
10039;0,00043224666
10040;0,00043450636
10041;0,003993081
10042;0,06891158
10043;0,16819748
10044;0,09838211
10045;0,023659764
10046;0,0008837202
10047;0,07866508
10048;0,12417474
10049;0,0023727776
10050;0,0004480815
10051;0,002981878
10052;0,0028054682
10053;0,1362254
10054;0,17707993
10055;0,0044579613
10056;0,13648865
10057;0,03804482
10058;0,055458628
10059;0,10983147
10060;0,0054079383
10061;0,101609804
10062;0,0025060202
10063;0,004165625
10064;0,005695783
10065;0,056586955
10066;0,09726987
10067;0,053486988
10068;0,007849645
10069;0,0006733133
10070;0,015186852
10071;0,2756474
10072;0,0027740817
10073;0,036560483
10074;0,0005122933
10075;0,09973121
10076;0,0442581
10077;0,04081655
10078;0,09769091
10079;0,056545846
10080;0,00078302267
10081;0,040793225
10082;0,18806621
10083;0,19904286
10084;0,13257402
10085;0,0015943171
10086;0,061812747
10087;0,009059157
10088;0,16483219
10089;0,053918865
10090;0,13666448
10091;0,00034531526
10092;0,0033360857
10093;0,07879144
10094;0,0005225537
10095;0,029076662
10096;0,0014534402
10097;0,004500675
10098;0,11734103
10099;0,0013220935
10100;0,0006448736
10101;0,06696259
10102;0,104697846
10103;0,0025462909
10104;0,0007618352
10105;0,06309877
10106;0,004673145
10107;0,059502903
10108;0,017535862
10109;0,02058509
10110;0,0011013749
10111;0,0025023087
10112;0,26817054
10113;0,104636565
10114;0,0027783653
10115;0,12602742
10116;0,001773246
10117;0,00075106154
10118;0,05303058
10119;0,23941332
10120;0,0024972293
10121;0,0022899634
10122;0,042183314
10123;0,06720333
10124;0,0745011
10125;0,005897606
10126;0,008021574
10127;0,0048117368
10128;0,004163599
10129;0,09092799
10130;0,06165624
10131;0,038401783
10132;0,0046261167
10133;0,013079186
10134;0,004345147
10135;0,19818796
10136;0,021072756
10137;0,00056280167
10138;0,05834737
10139;0,031882178
10140;0,08710285
10141;0,0011582779
10142;0,3964962
10143;0,047635
10144;0,100890234
10145;0,0002448872
10146;0,084689185
10147;0,07971132
10148;0,038930174
10149;0,0048238407
10150;0,22874334
10151;0,09198238
10152;0,071656466
10153;0,00057193503
10154;0,24895062
10155;0,005117591
10156;0,15167916
10157;0,018213851
10158;0,0952156
10159;0,09904115
10160;0,05378914
10161;0,00053908414
10162;0,0032662384
10163;0,13870475
10164;0,0034783287
10165;0,11461808
10166;0,14741912
10167;0,063720256
10168;0,019960264
10169;0,112607114
10170;0,02472512
10171;0,0039213956
10172;0,0055555864
10173;0,09828492
10174;0,09029793
10175;0,118086174
10176;0,0067195427
10177;0,0040623033
10178;0,01962265
10179;0,03384858
10180;0,10036121
10181;0,07045018
10182;0,005987318
10183;0,08650993
10184;0,031142283
10185;0,088774815
10186;0,00080928276
10187;0,0067591695
10188;0,00393874
10189;0,12017323
10190;0,0008789239
10191;0,0031916723
10192;0,106928796
10193;0,0011908691
10194;0,16667143
10195;0,1634115
10196;0,0009691677
10197;0,0010384944
10198;0,07338005
10199;0,004043507
10200;0,07671335
10201;0,0047729793
10202;0,079198025
10203;0,01796624
10204;0,04498951
10205;0,021470228
10206;0,095874324
10207;0,09302531
10208;0,1716795
10209;0,076950595
10210;0,0019077269
10211;0,0034186176
10212;0,023458043
10213;0,09920644
10214;0,040679935
10215;0,021703925
10216;0,008229041
10217;0,01934652
10218;0,11596592
10219;0,0047669783
10220;0,09948495
10221;0,0027461103
10222;0,04928824
10223;0,026269007
10224;0,04092081
10225;0,0014896141
10226;0,12420754
10227;0,11731167
10228;0,029968334
10229;0,06427352
10230;0,06798829
10231;0,1897335
10232;0,10118087
10233;0,02502486
10234;0,0033451263
10235;0,11680226
10236;0,20963131
10237;0,0798666
10238;0,005525711
10239;0,0004859906
10240;0,11243995
10241;0,0009912382
10242;0,10005989
10243;0,012910063
10244;0,003920121
10245;0,059513047
10246;0,09115756
10247;0,09087648
10248;0,002802106
10249;0,018237306
10250;0,003067142
10251;0,0018372373
10252;0,085076414
10253;0,06284873
10254;0,13489184
10255;0,010165656
10256;0,10875139
10257;0,026064545
10258;0,05795361
10259;0,0012266492
10260;0,025265524
10261;0,004635713
10262;0,0014119628
10263;0,039862122
10264;0,0011625132
10265;0,115065604
10266;0,001282536
10267;0,0873903
10268;0,032654647
10269;0,01468604
10270;0,072171606
10271;0,093802854
10272;0,060348593
10273;0,01816356
10274;0,018173395
10275;0,10156059
10276;0,056618366
10277;0,006108396
10278;0,032270145
10279;0,00065992854
10280;0,005772703
10281;0,08654284
10282;0,060406353
10283;0,049616426
10284;0,0005482745
10285;0,00096739014
10286;0,079020664
10287;0,038935803
10288;0,08432484
10289;0,053985797
10290;0,16484898
10291;0,0014046695
10292;0,0007377416
10293;0,0048850733
10294;0,09104204
10295;0,0051797386
10296;0,086176574
10297;0,0045316443
10298;0,06165332
10299;0,0044338293
10300;0,15775812
10301;0,0902829
10302;0,0009610655
10303;0,11876619
10304;0,0013355808
10305;0,007899936
10306;0,037434064
10307;0,20070702
10308;0,16407868
10309;0,08438436
10310;0,14354078
10311;0,057145216
10312;0,011083618
10313;0,08923121
10314;0,078403845
10315;0,051776033
10316;0,00085864903
10317;0,13279463
10318;0,11671025
10319;0,093534425
10320;0,11151159
10321;0,0005579848
10322;0,06100356
10323;0,17620571
10324;0,00079092046
10325;0,074660435
10326;0,16668719
10327;0,018208014
10328;0,0010462921
10329;0,002091729
10330;0,005330404
10331;0,12530312
10332;0,0018420549
10333;0,023327408
10334;0,15477143
10335;0,0051593
10336;0,10780628
10337;0,0011398282
10338;0,06606436
10339;0,061799858
10340;0,0007909329
10341;0,16519412
10342;0,123723194
10343;0,018700298
10344;0,0045335107
10345;0,0041510905
10346;0,00066045823
10347;0,019231223
10348;0,08917829
10349;0,00038916292
10350;0,05723319
10351;0,0209732
10352;0,014284507
10353;0,0018635155
10354;0,14273974
10355;0,02572409
10356;0,07468056
10357;0,11580498
10358;0,13882779
10359;0,0052712355
10360;0,023793478
10361;0,0013765167
10362;0,0668164
10363;0,10527088
10364;0,08221629
10365;0,0032413292
10366;0,004568854
10367;0,00050303916
10368;0,067791864
10369;0,021158699
10370;0,0013888787
10371;0,03666314
10372;0,028455317
10373;0,000660407
10374;0,0066930912
10375;0,024885582
10376;0,07815065
10377;0,100988895
10378;0,0006083904
10379;0,001674289
10380;0,000506342
10381;0,008630226
10382;0,07936939
10383;0,0022039295
10384;0,074474946
10385;0,028913014
10386;0,04729179
10387;0,16175267
10388;0,0011152298
10389;0,052141674
10390;0,15918773
10391;0,0017141106
10392;0,013159575
10393;0,005666709
10394;0,15464103
10395;0,078783385
10396;0,017297009
10397;0,06507473
10398;0,07786453
10399;0,08273914
10400;0,0060018343
10401;0,15078971
10402;0,10868078
10403;0,0045678024
10404;0,0039645806
10405;0,006064781
10406;0,10904998
10407;0,026848936
10408;0,005312952
10409;0,10798232
10410;0,0004518037
10411;0,007928636
10412;0,0024799546
10413;0,20068063
10414;0,1466948
10415;0,644372
10416;0,0045612897
10417;0,08570185
10418;0,0056193722
10419;0,00427315
10420;0,0017681911
10421;0,15680474
10422;0,06990045
10423;0,099875614
10424;0,08334372
10425;0,025689699
10426;0,060417563
10427;0,08037294
10428;0,10984218
10429;0,0031814594
10430;0,114923015
10431;0,016090535
10432;0,14717801
10433;0,075480945
10434;0,0024034278
10435;0,10691307
10436;0,12938756
10437;0,056404017
10438;0,03789115
10439;0,20186076
10440;0,10576076
10441;0,088661246
10442;0,066416726
10443;0,05947848
10444;0,09683509
10445;0,14285474
10446;0,018023726
10447;0,0006462872
10448;0,020987174
10449;0,09415212
10450;0,00099282
10451;0,123144925
10452;0,0048533184
10453;0,15478487
10454;0,00044701927
10455;0,0639805
10456;0,10824288
10457;0,16203606
10458;0,1120722
10459;0,017435413
10460;0,060587764
10461;0,005985071
10462;0,029498097
10463;0,07822932
10464;0,07834785
10465;0,08082856
10466;0,0048505454
10467;0,038943924
10468;0,0017747346
10469;0,0019597318
10470;0,016634945
10471;0,063913725
10472;0,06680813
10473;0,054693088
10474;0,12360433
10475;0,20260948
10476;0,006423376
10477;0,0031805867
10478;0,00052386324
10479;0,15452811
10480;0,055744957
10481;0,07171187
10482;0,002202903
10483;0,017521413
10484;0,17716129
10485;0,06040875
10486;0,020794297
10487;0,25298923
10488;0,0005728131
10489;0,08503928
10490;0,07598176
10491;0,0049402984
10492;0,027720392
10493;0,005133404
10494;0,020071136
10495;0,037629586
10496;0,11453507
10497;0,09171678
10498;0,06375972
10499;0,00077199994
10500;0,0006059079
10501;0,0018060014
10502;0,1163776
10503;0,16094393
10504;0,006299442
10505;0,038461287
10506;0,0012646043
10507;0,01852354
10508;0,18314013
10509;0,0010073485
10510;0,0028816664
10511;0,100616634
10512;0,06955599
10513;0,10535905
10514;0,021825876
10515;0,12044021
10516;0,122084975
10517;0,11001183
10518;0,019854374
10519;0,106165186
10520;0,0018795438
10521;0,08129943
10522;0,050220728
10523;0,049620412
10524;0,17154592
10525;0,004455648
10526;0,009122439
10527;0,092312224
10528;0,09263642
10529;0,12147008
10530;0,0015969892
10531;0,13960125
10532;0,005679501
10533;0,047185097
10534;0,003808483
10535;0,0036630384
10536;0,0011824532
10537;0,00082911184
10538;0,069020376
10539;0,037828658
10540;0,0035649207
10541;0,0018628205
10542;0,063840955
10543;0,00066938176
10544;0,059210263
10545;0,06978126
10546;0,0019657086
10547;0,0014727195
10548;0,17671941
10549;0,09095471
10550;0,16462561
10551;0,11693528
10552;0,1464555
10553;0,12829642
10554;0,0019956527
10555;0,006828526
10556;0,013094722
10557;0,0005878475
10558;0,10848949
10559;0,0019122069
10560;0,00031219586
10561;0,0070115263
10562;0,021802425
10563;0,000901402
10564;0,1714409
10565;0,1812864
10566;0,009269297
10567;0,0005208211
10568;0,07809145
10569;0,0049902163
10570;0,0048832437
10571;0,026185758
10572;0,18450713
10573;0,14585306
10574;0,13173121
10575;0,054073915
10576;0,0005428053
10577;0,0005044767
10578;0,0022717472
10579;0,074239075
10580;0,07226726
10581;0,07819734
10582;0,00079189485
10583;0,27444237
10584;0,010463548
10585;0,005687169
10586;0,15684538
10587;0,10144622
10588;0,03361768
10589;0,039252564
10590;0,0074878247
10591;0,14206116
10592;0,0013174256
10593;0,066486806
10594;0,0008100572
10595;0,05215673
10596;0,0007783822
10597;0,14427161
10598;0,018902194
10599;0,077329636
10600;0,0702299
10601;0,071724445
10602;0,061232746
10603;0,014948705
10604;0,076859474
10605;0,023991523
10606;0,06474269
10607;0,004134868
10608;0,16682696
10609;0,0012853278
10610;0,048600797
10611;0,098916076
10612;0,051796027
10613;0,06357906
10614;0,024088152
10615;0,037916265
10616;0,104423255
10617;0,0024367743
10618;0,0026291586
10619;0,03999761
10620;0,10038413
10621;0,0015625781
10622;0,09909073
10623;0,05688429
10624;0,008425181
10625;0,016528152
10626;0,22932987
10627;0,007711501
10628;0,11390865
10629;0,02379635
10630;0,024846332
10631;0,001081452
10632;0,0861022
10633;0,16958338
10634;0,03686603
10635;0,09304955
10636;0,09680188
10637;0,12752005
10638;0,07887577
10639;0,0045551937
10640;0,07359035
10641;0,09704243
10642;0,06663486
10643;0,10833826
10644;0,0541897
10645;0,08901833
10646;0,09966069
10647;0,09574456
10648;0,06359252
10649;0,13324614
10650;0,08957252
10651;0,0058347625
10652;0,00041647622
10653;0,0006936578
10654;0,0049690194
10655;0,0038206873
10656;0,07793614
10657;0,26069656
10658;0,112412475
10659;0,09300175
10660;0,06158577
10661;0,0014484075
10662;0,06118663
10663;0,16612375
10664;0,04430774
10665;0,023486165
10666;0,0006856008
10667;0,026673175
10668;0,07585609
10669;0,02277968
10670;0,024226531
10671;0,05136854
10672;0,00047665698
10673;0,0009303681
10674;0,13087906
10675;0,38806224
10676;0,13825205
10677;0,061276764
10678;0,019952958
10679;0,015873164
10680;0,22830215
10681;0,0019558957
10682;0,024210967
10683;0,0823866
10684;0,00070596
10685;0,021473512
10686;0,054005727
10687;0,0043478184
10688;0,006859334
10689;0,0029748497
10690;0,15449199
10691;0,11236773
10692;0,0014233042
10693;0,064757966
10694;0,067659594
10695;0,1750375
10696;0,019074554
10697;0,115024224
10698;0,00458674
10699;0,004423164
10700;0,03066709
10701;0,0799875
10702;0,0059234137
10703;0,089861594
10704;0,0019091305
10705;0,2041694
10706;0,058923524
10707;0,00452723
10708;0,011685604
10709;0,039194334
10710;0,11785638
10711;0,23018396
10712;0,055303216
10713;0,030305684
10714;0,08429152
10715;0,107855305
10716;0,06515277
10717;0,023562238
10718;0,00081618456
10719;0,016568942
10720;0,08742083
10721;0,008372791
10722;0,03750165
10723;0,07078602
10724;0,032261424
10725;0,00094592624
10726;0,03974075
10727;0,11142058
10728;0,057362232
10729;0,09170245
10730;0,10874414
10731;0,024905115
10732;0,0042319624
10733;0,07809901
10734;0,06742306
10735;0,09534416
10736;0,06394689
10737;0,037835926
10738;0,056379613
10739;0,066937536
10740;0,25210255
10741;0,03758191
10742;0,09151452
10743;0,032636926
10744;0,091862515
10745;0,10588162
10746;0,24211338
10747;0,0059824986
10748;0,026820507
10749;0,12501578
10750;0,014960044
10751;0,07225895
10752;0,008345576
10753;0,05400123
10754;0,02067118
10755;0,00072295393
10756;0,07044248
10757;0,005749709
10758;0,00065696787
10759;0,09820055
10760;0,0031871847
10761;0,081389874
10762;0,08320636
10763;0,02843055
10764;0,02648499
10765;0,061588127
10766;0,002152293
10767;0,07230855
10768;0,0009617404
10769;0,0004166653
10770;0,064521186
10771;0,29055655
10772;0,069311425
10773;0,04183558
10774;0,023597123
10775;0,0022484753
10776;0,06621246
10777;0,0009472102
10778;0,008329654
10779;0,003203595
10780;0,04676583
10781;0,025304478
10782;0,022176106
10783;0,0028139406
10784;0,03675929
10785;0,030841567
10786;0,0863248
10787;0,041086655
10788;0,02327571
10789;0,016366892
10790;0,09125428
10791;0,11956445
10792;0,031816784
10793;0,004153068
10794;0,00089249056
10795;0,107287675
10796;0,015940895
10797;0,022203138
10798;0,10495446
10799;0,15173057
10800;0,060425535
10801;0,12252359
10802;0,06323259
10803;0,09371839
10804;0,058752786
10805;0,0042880564
10806;0,12705636
10807;0,00067414244
10808;0,023431256
10809;0,042363256
10810;0,14894193
10811;0,0006226027
10812;0,069460385
10813;0,0014875806
10814;0,04760374
10815;0,10769033
10816;0,0047293473
10817;0,08275795
10818;0,017036153
10819;0,039444875
10820;0,0077489987
10821;0,002551726
10822;0,06943058
10823;0,02568399
10824;0,00047382325
10825;0,008184036
10826;0,0006965614
10827;0,0051489063
10828;0,39030078
10829;0,06772523
10830;0,023560574
10831;0,038907513
10832;0,083750345
10833;0,0037285595
10834;0,0041868826
10835;0,1394774
10836;0,09919996
10837;0,120381385
10838;0,24363874
10839;0,07289127
10840;0,23138487
10841;0,059582144
10842;0,08315654
10843;0,05526242
10844;0,002264352
10845;0,0006971456
10846;0,06209043
10847;0,005201997
10848;0,041535832
10849;0,1346482
10850;0,0019415809
10851;0,14846921
10852;0,009800646
10853;0,0012595176
10854;0,08343156
10855;0,04011398
10856;0,05944995
10857;0,005014217
10858;0,110284
10859;0,002075887
10860;0,09974834
10861;0,2322071
10862;0,10088577
10863;0,24456456
10864;0,0005521779
10865;0,137098
10866;0,43932444
10867;0,014881803
10868;0,009272305
10869;0,016981345
10870;0,00076079625
10871;0,00053942215
10872;0,103473544
10873;0,057918344
10874;0,04440212
10875;0,01407191
10876;0,02230221
10877;0,003772105
10878;0,061395336
10879;0,123325646
10880;0,0016580271
10881;0,0068709045
10882;0,00055035733
10883;0,15571377
10884;0,0009167579
10885;0,058385488
10886;0,0008641357
10887;0,06339053
10888;0,0040478897
10889;0,057812896
10890;0,093258284
10891;0,07946622
10892;0,078329444
10893;0,000620033
10894;0,056653224
10895;0,02155019
10896;0,1799654
10897;0,0006625226
10898;0,120929785
10899;0,020969393
10900;0,098437324
10901;0,018965324
10902;0,12889078
10903;0,0050509144
10904;0,1769387
10905;0,06412378
10906;0,100418486
10907;0,09648976
10908;0,0007412343
10909;0,15806621
10910;0,0032661054
10911;0,044553813
10912;0,023329934
10913;0,006152091
10914;0,0005743207
10915;0,0036793638
10916;0,098090276
10917;0,00093502714
10918;0,115420096
10919;0,18038976
10920;0,0052238535
10921;0,0071455464
10922;0,009349989
10923;0,02723661
10924;0,021453802
10925;0,024794487
10926;0,0004983839
10927;0,1433942
10928;0,06755498
10929;0,11898123
10930;0,08019133
10931;0,0008671854
10932;0,061276
10933;0,021636771
10934;0,073875524
10935;0,073081054
10936;0,29174542
10937;0,08800655
10938;0,0025066664
10939;0,15606397
10940;0,10202715
10941;0,03403509
10942;0,0021078265
10943;0,00024388413
10944;0,0020471145
10945;0,0056366636
10946;0,0049784696
10947;0,09385562
10948;0,00067323516
10949;0,029655442
10950;0,094836526
10951;0,057149503
10952;0,045845665
10953;0,0044456422
10954;0,11685334
10955;0,015890487
10956;0,1873497
10957;0,01802324
10958;0,111401565
10959;0,076743245
10960;0,05329917
10961;0,001893719
10962;0,16854066
10963;0,31764027
10964;0,0717133
10965;0,058852408
10966;0,0017594584
10967;0,22773641
10968;0,010779578
10969;0,0006941625
10970;0,14425623
10971;0,11228173
10972;0,0038236692
10973;0,06358315
10974;0,11109732
10975;0,04111418
10976;0,00030483553
10977;0,107819244
10978;0,00078386127
10979;0,09837037
10980;0,00069217075
10981;0,0041691354
10982;0,2166224
10983;0,029759612
10984;0,06543249
10985;0,005377378
10986;0,00054048415
10987;0,10112946
10988;0,11761976
10989;0,030306537
10990;0,017751666
10991;0,11525809
10992;0,019145949
10993;0,015476453
10994;0,03937405
10995;0,020486757
10996;0,0006664115
10997;0,0006741906
10998;0,0879276
10999;0,0044893464
11000;0,017654996
11001;0,003989444
11002;0,08045283
11003;0,0075998707
11004;0,024731418
11005;0,057563577
11006;0,004399159
11007;0,0036341397
11008;0,087089956
11009;0,060049593
11010;0,042865563
11011;0,0034150353
11012;0,32699966
11013;0,002014664
11014;0,0460478
11015;0,00070260704
11016;0,019823503
11017;0,007921227
11018;0,1656529
11019;0,06672435
11020;0,14835994
11021;0,081688665
11022;0,084329665
11023;0,00083978655
11024;0,087880306
11025;0,047873743
11026;0,18770501
11027;0,005812466
11028;0,0075530056
11029;0,16486278
11030;0,04499276
11031;0,054644316
11032;0,085280426
11033;0,0056017567
11034;0,10653214
11035;0,13622037
11036;0,0038636045
11037;0,117247984
11038;0,005077923
11039;0,14365557
11040;0,057314835
11041;0,0017857369
11042;0,064124964
11043;0,0018299217
11044;0,0061778785
11045;0,07471016
11046;0,020520613
11047;0,00091167603
11048;0,007765546
11049;0,047524545
11050;0,026671082
11051;0,07441482
11052;0,02162659
11053;0,0021160087
11054;0,0035614413
11055;0,026512465
11056;0,0036947501
11057;0,16860253
11058;0,14153168
11059;0,26024687
11060;0,0843817
11061;0,081516705
11062;0,0062601203
11063;0,033590037
11064;0,00079957535
11065;0,024348067
11066;0,0703132
11067;0,00052669283
11068;0,31018764
11069;0,06919653
11070;0,08484368
11071;0,0061060423
11072;0,10418056
11073;0,018401092
11074;0,00088550715
11075;0,12097849
11076;0,06198726
11077;0,00049682683
11078;0,103951395
11079;0,0026452043
11080;0,17175618
11081;0,09922627
11082;0,001993243
11083;0,00031833144
11084;0,11833228
11085;0,030448742
11086;0,1569301
11087;0,0059765256
11088;0,043502998
11089;0,004996085
11090;0,018940138
11091;0,09353797
11092;0,09199571
11093;0,0045513217
11094;0,025390577
11095;0,004037238
11096;0,16401036
11097;0,11101702
11098;0,06466972
11099;0,37305015
11100;0,000585177
11101;0,12970044
11102;0,002365413
11103;0,06112322
11104;0,0058099204
11105;0,00060413685
11106;0,0034940168
11107;0,0006002997
11108;0,07862395
11109;0,14569154
11110;0,09776321
11111;0,0023280708
11112;0,0007087465
11113;0,038731802
11114;0,07389094
11115;0,00086341065
11116;0,029525906
11117;0,110452086
11118;0,066847876
11119;0,017836737
11120;0,024787564
11121;0,10327148
11122;0,0130528975
11123;0,19481218
11124;0,02384437
11125;0,056086425
11126;0,056114413
11127;0,0037589227
11128;0,0011013874
11129;0,11056442
11130;0,068430066
11131;0,08750554
11132;0,08540256
11133;0,052794226
11134;0,078964695
11135;0,102482446
11136;0,0014934572
11137;0,08793811
11138;0,0004947367
11139;0,017845817
11140;0,066899195
11141;0,02532219
11142;0,004258454
11143;0,00502944
11144;0,10847542
11145;0,005542009
11146;0,0042768396
11147;0,005194565
11148;0,048929855
11149;0,23588023
11150;0,10001435
11151;0,036958177
11152;0,25718176
11153;0,12080906
11154;0,021380547
11155;0,0004908341
11156;0,00064519444
11157;0,10646228
11158;0,057534624
11159;0,15232712
11160;0,0043433993
11161;0,0054732976
11162;0,02016834
11163;0,08644249
11164;0,00594985
11165;0,005814964
11166;0,06576384
11167;0,0045106956
11168;0,0011477745
11169;0,0018716496
11170;0,09815301
11171;0,08586656
11172;0,09396759
11173;0,09996958
11174;0,14581071
11175;0,007972895
11176;0,07681091
11177;0,0024693483
11178;0,0004572656
11179;0,01966336
11180;0,020209188
11181;0,0010175699
11182;0,0008870583
11183;0,12922393
11184;0,004181248
11185;0,1629376
11186;0,2581052
11187;0,008852631
11188;0,04002622
11189;0,040308956
11190;0,021693759
11191;0,031449072
11192;0,00827599
11193;0,080996335
11194;0,0039648865
11195;0,00043926382
11196;0,0013799459
11197;0,11193753
11198;0,00056493643
11199;0,027823761
11200;0,115618944
11201;0,0009395104
11202;0,025619848
11203;0,1295171
11204;0,045600962
11205;0,055493362
11206;0,04090361
11207;0,04915925
11208;0,18164814
11209;0,00033387064
11210;0,011753686
11211;0,10805653
11212;0,0935234
11213;0,074900456
11214;0,13744704
11215;0,017009124
11216;0,0008687122
11217;0,0010184826
11218;0,058164775
11219;0,00071538624
11220;0,08623073
11221;0,0007269616
11222;0,020471908
11223;0,051894147
11224;0,038481478
11225;0,02649671
11226;0,00052320585
11227;0,035545383
11228;0,09947133
11229;0,0018529299
11230;0,057750754
11231;0,05640824
11232;0,09172587
11233;0,0066401153
11234;0,028668055
11235;0,0004197032
11236;0,15817079
11237;0,0015663406
11238;0,09129202
11239;0,051743925
11240;0,15086737
11241;0,0009900602
11242;0,12737751
11243;0,038214248
11244;0,025101522
11245;0,11001286
11246;0,1306036
11247;0,13384382
11248;0,037013553
11249;0,087144636
11250;0,09083861
11251;0,0049844487
11252;0,02087419
11253;0,00085954287
11254;0,079951465
11255;0,0062000826
11256;0,049155645
11257;0,001032356
11258;0,003263145
11259;0,0025967536
11260;0,00089148805
11261;0,0848578
11262;0,005444147
11263;0,13731009
11264;0,08993533
11265;0,08119501
11266;0,044599432
11267;0,06525384
11268;0,09188543
11269;0,004409616
11270;0,016946698
11271;0,0041215452
11272;0,0018686501
11273;0,0029717097
11274;0,11741592
11275;0,01914975
11276;0,0055704545
11277;0,12444633
11278;0,004116919
11279;0,0026259264
11280;0,09664744
11281;0,0011812048
11282;0,14169158
11283;0,10553628
11284;0,06448307
11285;0,10657538
11286;0,06981839
11287;0,20544386
11288;0,0007896377
11289;0,077341884
11290;0,030144408
11291;0,12014386
11292;0,27811247
11293;0,10469181
11294;0,07353363
11295;0,015202884
11296;0,082389295
11297;0,09055346
11298;0,0026144516
11299;0,015012295
11300;0,0016081221
11301;0,054258946
11302;0,003284272
11303;0,00053017633
11304;0,08261058
11305;0,022902198
11306;0,021993551
11307;0,0028257947
11308;0,0004372084
11309;0,0042171776
11310;0,0019032262
11311;0,018825723
11312;0,06156238
11313;0,21017233
11314;0,054122217
11315;0,008014641
11316;0,11332295
11317;0,0006279703
11318;0,016964156
11319;0,024464635
11320;0,05473234
11321;0,058491323
11322;0,025246855
11323;0,00663173
11324;0,0006899779
11325;0,043790404
11326;0,11629947
11327;0,0044226786
11328;0,00079805683
11329;0,0714304
11330;0,021967655
11331;0,1096471
11332;0,005270521
11333;0,35525393
11334;0,10371895
11335;0,0004687973
11336;0,07775607
11337;0,16297947
11338;0,085863754
11339;0,0047590747
11340;0,0002654364
11341;0,11225934
11342;0,06787619
11343;0,114088416
11344;0,004089382
11345;0,006731496
11346;0,07692111
11347;0,005043933
11348;0,09693703
11349;0,0067200186
11350;0,15657212
11351;0,000369501
11352;0,01665875
11353;0,0004992089
11354;0,1310231
11355;0,1070223
11356;0,0039422926
11357;0,118555956
11358;0,0038996937
11359;0,08479938
11360;0,11003606
11361;0,37410182
11362;0,11299376
11363;0,09636861
11364;0,03803704
11365;0,0026498316
11366;0,043806687
11367;0,1131762
11368;0,0030776123
11369;0,0004580817
11370;0,01603273
11371;0,0038002143
11372;0,004938377
11373;0,06880985
11374;0,003189624
11375;0,004122748
11376;0,18588151
11377;0,00058800355
11378;0,0021810513
11379;0,0817089
11380;0,018652994
11381;0,0009496206
11382;0,26810718
11383;0,1512796
11384;0,07849851
11385;0,07347371
11386;0,01509012
11387;0,16746633
11388;0,06201702
11389;0,03691715
11390;0,005017869
11391;0,06806116
11392;0,0030878107
11393;0,112000056
11394;0,0018748754
11395;0,07201559
11396;0,055479586
11397;0,096470915
11398;0,030940214
11399;0,008454502
11400;0,12548411
11401;0,02313674
11402;0,0009279639
11403;0,04643961
11404;0,0027327053
11405;0,06373611
11406;0,16515818
11407;0,09273322
11408;0,0037424949
11409;0,23734567
11410;0,023924546
11411;0,0032948838
11412;0,060216643
11413;0,025925307
11414;0,05817293
11415;0,00045759356
11416;0,10905298
11417;0,2115131
11418;0,0013452674
11419;0,0037527822
11420;0,039460953
11421;0,15080214
11422;0,0011412548
11423;0,019311689
11424;0,08548163
11425;0,0047451975
11426;0,0048431423
11427;0,000596951
11428;0,00784248
11429;0,0075190803
11430;0,061752368
11431;0,015232354
11432;0,0077499766
11433;0,105441324
11434;0,010571413
11435;0,08665697
11436;0,062376298
11437;0,056824643
11438;0,0004362877
11439;0,15634617
11440;0,022089034
11441;0,0720905
11442;0,0010390696
11443;0,00828721
11444;0,049302593
11445;0,0017508047
11446;0,020706134
11447;0,17566901
11448;0,1315547
11449;0,08629437
11450;0,0050993077
11451;0,004032366
11452;0,09573909
11453;0,06568858
11454;0,0680373
11455;0,005796859
11456;0,016655922
11457;0,060468405
11458;0,106244095
11459;0,011122841
11460;0,12317202
11461;0,0011700473
11462;0,17115742
11463;0,071592264
11464;0,00049386616
11465;0,1818849
11466;0,0578526
11467;0,014682833
11468;0,0037309316
11469;0,0018247557
11470;0,08441982
11471;0,04533387
11472;0,09446624
11473;0,00080738345
11474;0,001400074
11475;0,09686805
11476;0,0049365168
11477;0,19447052
11478;0,029246889
11479;0,07286796
11480;0,016300399
11481;0,00044641254
11482;0,0043489486
11483;0,020999067
11484;0,0010605264
11485;0,004011755
11486;0,12766963
11487;0,02120692
11488;0,04030215
11489;0,0019521962
11490;0,025560822
11491;0,112122566
11492;0,23538508
11493;0,1455074
11494;0,08030158
11495;0,13949674
11496;0,00048269774
11497;0,030984417
11498;0,055205006
11499;0,0004165434
11500;0,0077643683
11501;0,01565283
11502;0,10512583
11503;0,0036693632
11504;0,11672894
11505;0,10109106
11506;0,13651949
11507;0,11516388
11508;0,08860318
11509;0,03335413
11510;0,00412785
11511;0,089167595
11512;0,082338475
11513;0,077413686
11514;0,11462313
11515;0,015354421
11516;0,024318337
11517;0,27074045
11518;0,09558909
11519;0,08256536
11520;0,4605971
11521;0,08857961
11522;0,102828115
11523;0,07907236
11524;0,0008666106
11525;0,0048467536
11526;0,05142436
11527;0,0035184547
11528;0,047724012
11529;0,10232579
11530;0,29007393
11531;0,15118116
11532;0,0014285079
11533;0,053103738
11534;0,0047501954
11535;0,10282086
11536;0,100391425
11537;0,004324972
11538;0,0004945525
11539;0,11476764
11540;0,0015271974
11541;0,09938432
11542;0,07659143
11543;0,1609559
11544;0,06333771
11545;0,008740132
11546;0,09737388
11547;0,062651515
11548;0,00064114993
11549;0,10167287
11550;0,0055809873
11551;0,12357524
11552;0,046060245
11553;0,00065909914
11554;0,05478232
11555;0,0010784991
11556;0,14035216
11557;0,07676719
11558;0,07437046
11559;0,070430174
11560;0,026106007
11561;0,04613455
11562;0,049466237
11563;0,0008667985
11564;0,015492619
11565;0,10310297
11566;0,14801478
11567;0,11924146
11568;0,06269228
11569;0,0042357687
11570;0,08461994
11571;0,009652268
11572;0,090472944
11573;0,015105471
11574;0,005718359
11575;0,0024740302
11576;0,06495334
11577;0,00047896913
11578;0,13249004
11579;0,0053104972
11580;0,057449993
11581;0,063610144
11582;0,029160036
11583;0,021734696
11584;0,076876275
11585;0,11494646
11586;0,056580514
11587;0,13532722
11588;0,10275044
11589;0,00081195985
11590;0,0047408785
11591;0,24982257
11592;0,007358955
11593;0,023398032
11594;0,06212665
11595;0,00053963537
11596;0,13259315
11597;0,12568212
11598;0,36569342
11599;0,06306241
11600;0,0005105997
11601;0,025904013
11602;0,10654843
11603;0,110300116
11604;0,068980195
11605;0,12297449
11606;0,09021209
11607;0,087962225
11608;0,08068019
11609;0,0020254098
11610;0,0016419162
11611;0,07517871
11612;0,07076578
11613;0,0035419096
11614;0,0004888041
11615;0,00054031285
11616;0,061895646
11617;0,036193594
11618;0,0031344576
11619;0,04940012
11620;0,005792794
11621;0,0010173303
11622;0,27961454
11623;0,10875468
11624;0,004324024
11625;0,0048547806
11626;0,008746402
11627;0,0011201447
11628;0,0057296916
11629;0,25869727
11630;0,00038236374
11631;0,12586352
11632;0,0004574904
11633;0,13745926
11634;0,10975691
11635;0,09830734
11636;0,01747987
11637;0,0033901457
11638;0,0056992522
11639;0,061750162
11640;0,0013781006
11641;0,0016490081
11642;0,0008869201
11643;0,068551
11644;0,07807911
11645;0,008929166
11646;0,09985835
11647;0,006505693
11648;0,0596828
11649;0,020491503
11650;0,116893366
11651;0,15802106
11652;0,038003318
11653;0,098756514
11654;0,0074529983
11655;0,11167258
11656;0,1754885
11657;0,0020640003
11658;0,0041770353
11659;0,0009049702
11660;0,2078583
11661;0,10647104
11662;0,089873716
11663;0,034254063
11664;0,1492925
11665;0,0006356501
11666;0,0012292184
11667;0,115691155
11668;0,017850315
11669;0,00067156856
11670;0,025549702
11671;0,17752996
11672;0,06829705
11673;0,020243267
11674;0,0746893
11675;0,004006343
11676;0,0051298253
11677;0,00077621784
11678;0,10152292
11679;0,07040166
11680;0,053680353
11681;0,00084983336
11682;0,0041449727
11683;0,0016668405
11684;0,64712375
11685;0,13807046
11686;0,0018562315
11687;0,0086817965
11688;0,07759787
11689;0,10193449
11690;0,030857125
11691;0,010271881
11692;0,007970559
11693;0,07681143
11694;0,024785219
11695;0,003934929
11696;0,063418716
11697;0,0011825494
11698;0,10159688
11699;0,090740226
11700;0,075914875
11701;0,11613496
11702;0,12627429
11703;0,37247893
11704;0,05307863
11705;0,024160651
11706;0,07174501
11707;0,07241223
11708;0,010991302
11709;0,004013446
11710;0,004362093
11711;0,004591172
11712;0,0022656578
11713;0,011244997
11714;0,0030487361
11715;0,0077310978
11716;0,06123992
11717;0,03926084
11718;0,0005141469
11719;0,008611601
11720;0,26291072
11721;0,12790859
11722;0,0030546568
11723;0,0051602335
11724;0,0008211992
11725;0,18962227
11726;0,044797875
11727;0,05476617
11728;0,014647972
11729;0,12124315
11730;0,036570426
11731;0,00056080555
11732;0,026899638
11733;0,0017202067
11734;0,121720344
11735;0,05539821
11736;0,13662533
11737;0,0052627986
11738;0,10017832
11739;0,1296212
11740;0,005835983
11741;0,002509835
11742;0,004202932
11743;0,018281896
11744;0,004693314
11745;0,07525924
11746;0,17112935
11747;0,004302049
11748;0,036771595
11749;0,03812166
11750;0,007736833
11751;0,11637915
11752;0,15631121
11753;0,10655882
11754;0,07022315
11755;0,0021465318
11756;0,13113716
11757;0,12449972
11758;0,10639111
11759;0,001796884
11760;0,020489022
11761;0,0025710752
11762;0,052026022
11763;0,0008575681
11764;0,08324084
11765;0,0053049903
11766;0,071556024
11767;0,056900546
11768;0,10685872
11769;0,17887223
11770;0,15882069
11771;0,0025244618
11772;0,088906296
11773;0,052521836
11774;0,020168386
11775;0,0050219754
11776;0,14508143
11777;0,13404867
11778;0,05750762
11779;0,18546492
11780;0,273511
11781;0,13211778
11782;0,006144525
11783;0,057596497
11784;0,21811655
11785;0,019839095
11786;0,0007581735
11787;0,32083088
11788;0,06336496
11789;0,23589952
11790;0,00046134042
11791;0,008521215
11792;0,08317014
11793;0,090476766
11794;0,0046152
11795;0,0008400064
11796;0,13234434
11797;0,029613612
11798;0,00073580723
11799;0,025964428
11800;0,056536138
11801;0,0019160557
11802;0,09714266
11803;0,060662378
11804;0,0048825024
11805;0,025914565
11806;0,039383143
11807;0,0019650622
11808;0,14664635
11809;0,07430867
11810;0,0031585344
11811;0,0008637289
11812;0,0014180788
11813;0,0017647077
11814;0,0021095418
11815;0,106179796
11816;0,0019242071
11817;0,006785845
11818;0,0064048977
11819;0,040765125
11820;0,09138516
11821;0,10031396
11822;0,00046420086
11823;0,0024174633
11824;0,07511091
11825;0,016936768
11826;0,028295482
11827;0,054258004
11828;0,13043076
11829;0,00071924616
11830;0,10723129
11831;0,01621173
11832;0,06890018
11833;0,15466791
11834;0,061451674
11835;0,020657301
11836;0,0830399
11837;0,0018842192
11838;0,09257738
11839;0,10366841
11840;0,016745001
11841;0,055286992
11842;0,12097529
11843;0,06459541
11844;0,024462
11845;0,0016767834
11846;0,07018112
11847;0,09045982
11848;0,07149306
11849;0,104246736
11850;0,22319232
11851;0,0165378
11852;0,039054707
11853;0,021575807
11854;0,00065795064
11855;0,0009580323
11856;0,03646116
11857;0,0549143
11858;0,0016631365
11859;0,07395984
11860;0,07284384
11861;0,12453144
11862;0,10212475
11863;0,24655114
11864;0,07025775
11865;0,078267254
11866;0,0028926213
11867;0,09604712
11868;0,06093476
11869;0,0043782135
11870;0,004891317
11871;0,0745338
11872;0,0013408575
11873;0,00785524
11874;0,05754814
11875;0,06678454
11876;0,0008695422
11877;0,0011303916
11878;0,13169047
11879;0,054031823
11880;0,1738461
11881;0,08470754
11882;0,1199622
11883;0,11158383
11884;0,0076707746
11885;0,039451152
11886;0,0039048335
11887;0,1044434
11888;0,057307377
11889;0,006401073
11890;0,032993443
11891;0,04639851
11892;0,040322613
11893;0,04260403
11894;0,0042671333
11895;0,12389717
11896;0,073360436
11897;0,09403502
11898;0,068208106
11899;0,0034376835
11900;0,14008458
11901;0,020690199
11902;0,10028468
11903;0,07933957
11904;0,06655544
11905;0,13483487
11906;0,002181409
11907;0,056340013
11908;0,13965574
11909;0,016963637
11910;0,0021752147
11911;0,00059195946
11912;0,13898744
11913;0,0087012
11914;0,0003082432
11915;0,00688571
11916;0,05916796
11917;0,0010528408
11918;0,10636018
11919;0,076633826
11920;0,12176291
11921;0,14240561
11922;0,13455379
11923;0,14310527
11924;0,097842656
11925;0,06344606
11926;0,081625566
11927;0,08182777
11928;0,0016840512
11929;0,08111825
11930;0,103892125
11931;0,15265605
11932;0,1340173
11933;0,003063331
11934;0,06248746
11935;0,102077454
11936;0,07405122
11937;0,0014963303
11938;0,00042371714
11939;0,0039403294
11940;0,0040508793
11941;0,039639726
11942;0,11249889
11943;0,03733311
11944;0,038232274
11945;0,08920689
11946;0,08781937
11947;0,115581155
11948;0,0037965083
11949;0,003995204
11950;0,0020880918
11951;0,00077451667
11952;0,06510405
11953;0,11523274
11954;0,1681828
11955;0,08601615
11956;0,09783994
11957;0,05727418
11958;0,007909071
11959;0,06302182
11960;0,0047789696
11961;0,0638779
11962;0,0057802657
11963;0,070928186
11964;0,018951299
11965;0,23758584
11966;0,039328985
11967;0,014121012
11968;0,07580558
11969;0,075930044
11970;0,0006013402
11971;0,10146354
11972;0,0034454907
11973;0,063988954
11974;0,14949597
11975;0,09908826
11976;0,020505432
11977;0,008822395
11978;0,0039729504
11979;0,14526957
11980;0,0028032146
11981;0,12827235
11982;0,08943032
11983;0,02182951
11984;0,14380917
11985;0,0008676518
11986;0,007803183
11987;0,22652054
11988;0,1837526
11989;0,0015137474
11990;0,058904987
11991;0,11371666
11992;0,020668657
11993;0,047563512
11994;0,087612346
11995;0,047092646
11996;0,016405769
11997;0,011500975
11998;0,10583124
11999;0,0063195415
12000;0,025432076
12001;0,0017393556
12002;0,083626255
12003;0,09344547
12004;0,04128256
12005;0,033475887
12006;0,18501723
12007;0,0006695776
12008;0,070567995
12009;0,065859005
12010;0,0986432
12011;0,08386853
12012;0,003153235
12013;0,042521995
12014;0,02173584
12015;0,05564582
12016;0,03756466
12017;0,0038287928
12018;0,06300282
12019;0,048694145
12020;0,0034134127
12021;0,0006178174
12022;0,022062544
12023;0,0048763417
12024;0,15692416
12025;0,10108841
12026;0,006775743
12027;0,19781613
12028;0,1241972
12029;0,11119299
12030;0,13945955
12031;0,17883149
12032;0,11158825
12033;0,0163474
12034;0,0041733356
12035;0,0050250003
12036;0,111710005
12037;0,00082935684
12038;0,079137824
12039;0,022067556
12040;0,004142507
12041;0,069037676
12042;0,00027103868
12043;0,009366403
12044;0,00039713277
12045;0,12443498
12046;0,0028801956
12047;0,0048864726
12048;0,0006543255
12049;0,005083595
12050;0,001982176
12051;0,008527466
12052;0,06481854
12053;0,05789408
12054;0,034818668
12055;0,039683238
12056;0,0018609504
12057;0,022860035
12058;0,2587139
12059;0,10686052
12060;0,0048003495
12061;0,0048507303
12062;0,004737479
12063;0,0027250648
12064;0,06668231
12065;0,056616683
12066;0,0002457709
12067;0,1016265
12068;0,10782756
12069;0,0051133446
12070;0,070244424
12071;0,119428664
12072;0,06268723
12073;0,11401515
12074;0,058785375
12075;0,21351735
12076;0,1708611
12077;0,063837536
12078;0,005825538
12079;0,17987335
12080;0,0014815497
12081;0,0077411393
12082;0,082255036
12083;0,07268075
12084;0,0073056775
12085;0,13980116
12086;0,00068226684
12087;0,094313145
12088;0,05456746
12089;0,0017728695
12090;0,0004920652
12091;0,08042695
12092;0,061920963
12093;0,09761765
12094;0,06471738
12095;0,0021756308
12096;0,028114557
12097;0,00073888263
12098;0,001536353
12099;0,0030915337
12100;0,018088156
12101;0,0040869424
12102;0,0781327
12103;0,01839774
12104;0,011784338
12105;0,13542405
12106;0,003990741
12107;0,11877902
12108;0,15466586
12109;0,21658474
12110;0,0005091975
12111;0,081386074
12112;0,004338341
12113;0,06570936
12114;0,0009885865
12115;0,0019136235
12116;0,0012444614
12117;0,0850625
12118;0,05790182
12119;0,0049486244
12120;0,053469315
12121;0,0006080802
12122;0,09441984
12123;0,08517004
12124;0,087341614
12125;0,21124804
12126;0,004222567
12127;0,0017867761
12128;0,108287886
12129;0,085768186
12130;0,24387842
12131;0,01941044
12132;0,007636867
12133;0,06351788
12134;0,05866981
12135;0,06033808
12136;0,015295038
12137;0,10111177
12138;0,22718419
12139;0,0007182741
12140;0,068434946
12141;0,07150632
12142;0,0015158333
12143;0,0006251044
12144;0,06596857
12145;0,06329336
12146;0,022350915
12147;0,0010539403
12148;0,03871966
12149;0,0061999145
12150;0,17956567
12151;0,05807093
12152;0,009005827
12153;0,004586555
12154;0,087021396
12155;0,022492975
12156;0,08388056
12157;0,10803615
12158;0,08108911
12159;0,0031091848
12160;0,06422302
12161;0,054749936
12162;0,14565557
12163;0,060604915
12164;0,0017581077
12165;0,0037377628
12166;0,053198203
12167;0,120222345
12168;0,10615358
12169;0,018402597
12170;0,0011853848
12171;0,06598154
12172;0,022067191
12173;0,061031144
12174;0,052521568
12175;0,0049310303
12176;0,09931716
12177;0,080545336
12178;0,10299851
12179;0,0651272
12180;0,061378647
12181;0,07574456
12182;0,0048306077
12183;0,0086339805
12184;0,040685963
12185;0,001769322
12186;0,09797642
12187;0,040012438
12188;0,0010882851
12189;0,01140735
12190;0,13448083
12191;0,04976785
12192;0,091926515
12193;0,3385111
12194;0,09491001
12195;0,111184195
12196;0,0021316367
12197;0,1384786
12198;0,020094898
12199;0,0025138783
12200;0,02140189
12201;0,054740705
12202;0,071801916
12203;0,00081423507
12204;0,08709064
12205;0,022905549
12206;0,06465298
12207;0,0046200105
12208;0,077064745
12209;0,0046982504
12210;0,018104022
12211;0,074324675
12212;0,2077183
12213;0,0028052644
12214;0,004818672
12215;0,0018859424
12216;0,00042821417
12217;0,09994749
12218;0,003135212
12219;0,0037877501
12220;0,00088165846
12221;0,07270439
12222;0,000713787
12223;0,020388627
12224;0,06884925
12225;0,12011884
12226;0,068729706
12227;0,005794642
12228;0,079261
12229;0,10499933
12230;0,078185536
12231;0,08802124
12232;0,041773137
12233;0,03802361
12234;0,017358642
12235;0,05771098
12236;0,18189716
12237;0,0047696168
12238;0,056354452
12239;0,024926169
12240;0,01812125
12241;0,24471587
12242;0,13562481
12243;0,004571502
12244;0,0015933742
12245;0,047321897
12246;0,003960529
12247;0,11961242
12248;0,14087683
12249;0,00103051
12250;0,12771872
12251;0,12293925
12252;0,0592271
12253;0,0041458597
12254;0,004758361
12255;0,10567056
12256;0,037163638
12257;0,02587889
12258;0,11404063
12259;0,00045816088
12260;0,10681387
12261;0,14879106
12262;0,17452061
12263;0,21906
12264;0,061791487
12265;0,0037518442
12266;0,09556775
12267;0,11752463
12268;0,0039205733
12269;0,00071820954
12270;0,0026065782
12271;0,2455301
12272;0,09945738
12273;0,20437533
12274;0,09018918
12275;0,005529329
12276;0,02831388
12277;0,098415434
12278;0,011207453
12279;0,02416689
12280;0,089276925
12281;0,02052907
12282;0,0029145142
12283;0,07666005
12284;0,004202349
12285;0,005237635
12286;0,17350394
12287;0,019688321
12288;0,0035761313
12289;0,13953859
12290;0,18181011
12291;0,0065381364
12292;0,1326658
12293;0,048734117
12294;0,15830326
12295;0,0036552593
12296;0,07716065
12297;0,118347034
12298;0,07154657
12299;0,00061301666
12300;0,05924011
12301;0,005851565
12302;0,05915486
12303;0,1271792
12304;0,026360996
12305;0,10160385
12306;0,0012300648
12307;0,09153511
12308;0,0901381
12309;0,12528692
12310;0,055870462
12311;0,0806477
12312;0,07545869
12313;0,037362065
12314;0,14501643
12315;0,0025139842
12316;0,102578335
12317;0,12034885
12318;0,13060138
12319;0,00460415
12320;0,0743555
12321;0,018429872
12322;0,03724029
12323;0,004729848
12324;0,07772284
12325;0,094673134
12326;0,030685183
12327;0,06199422
12328;0,0042639915
12329;0,07447849
12330;0,09969274
12331;0,2282109
12332;0,0135406
12333;0,17557004
12334;0,18797633
12335;0,1667186
12336;0,029495064
12337;0,022663588
12338;0,023210477
12339;0,004223784
12340;0,16316295
12341;0,0010094804
12342;0,05796875
12343;0,11515333
12344;0,0005126882
12345;0,0011647826
12346;0,14087307
12347;0,20916438
12348;0,076110415
12349;0,011106084
12350;0,07690316
12351;0,05603376
12352;0,16309945
12353;0,0044548158
12354;0,060860336
12355;0,0042697666
12356;0,056662314
12357;0,007564311
12358;0,11295992
12359;0,07175017
12360;0,17582038
12361;0,06424174
12362;0,09078123
12363;0,0048384937
12364;0,06473236
12365;0,05636646
12366;0,0034857998
12367;0,0005981637
12368;0,13810658
12369;0,003070653
12370;0,013868731
12371;0,02448779
12372;0,05008047
12373;0,022502076
12374;0,06650732
12375;0,084123574
12376;0,00047755425
12377;0,0010724581
12378;0,0039397874
12379;0,16579825
12380;0,077626325
12381;0,05940027
12382;0,0058220513
12383;0,059382793
12384;0,09248748
12385;0,0012431354
12386;0,04074456
12387;0,05762917
12388;0,07132986
12389;0,1293628
12390;0,1611492
12391;0,008073573
12392;0,0009701479
12393;0,021642592
12394;0,036685757
12395;0,016626388
12396;0,09157035
12397;0,09241332
12398;0,0015676927
12399;0,060910642
12400;0,0023467403
12401;0,15613231
12402;0,057782218
12403;0,044581607
12404;0,003632847
12405;0,011280436
12406;0,0057883924
12407;0,1516459
12408;0,023459073
12409;0,005128514
12410;0,070666894
12411;0,0022745957
12412;0,00060997467
12413;0,004601527
12414;0,0016760528
12415;0,0041232826
12416;0,025381796
12417;0,06093532
12418;0,15942135
12419;0,0035470058
12420;0,20965447
12421;0,04148308
12422;0,00039826563
12423;0,039184246
12424;0,044828262
12425;0,0017959164
12426;0,08730338
12427;0,0009097828
12428;0,0015098462
12429;0,20563127
12430;0,0006251687
12431;0,0051527796
12432;0,0055901837
12433;0,002354443
12434;0,01965754
12435;0,17023501
12436;0,1541023
12437;0,06217523
12438;0,025143232
12439;0,12533042
12440;0,003918318
12441;0,0010029203
12442;0,050033737
12443;0,042794175
12444;0,12593979
12445;0,09117651
12446;0,10667082
12447;0,0023567416
12448;0,000656337
12449;0,06483302
12450;0,0045754104
12451;0,1217497
12452;0,1898306
12453;0,098993585
12454;0,007428201
12455;0,05585974
12456;0,20911182
12457;0,11440991
12458;0,004372835
12459;0,0547709
12460;0,06937502
12461;0,00042757578
12462;0,085625894
12463;0,0047142454
12464;0,09895744
12465;0,1212372
12466;0,09936118
12467;0,09793693
12468;0,07828587
12469;0,004725191
12470;0,10951225
12471;0,125571
12472;0,006044969
12473;0,17275077
12474;0,06306807
12475;0,060174637
12476;0,12580918
12477;0,06848273
12478;0,22790566
12479;0,0043810005
12480;0,17630756
12481;0,10228485
12482;0,059014946
12483;0,0016830715
12484;0,021975875
12485;0,08451876
12486;0,08173403
12487;0,073454246
12488;0,0067586964
12489;0,0967239
12490;0,28278914
12491;0,082285225
12492;0,07997747
12493;0,108098716
12494;0,027063724
12495;0,004698447
12496;0,0019956457
12497;0,017019665
12498;0,030700207
12499;0,10111988
12500;0,0005194039
12501;0,0006274471
12502;0,081302285
12503;0,061488777
12504;0,005288086
12505;0,014983762
12506;0,04437218
12507;0,005149669
12508;0,22420257
12509;0,08976943
12510;0,10386549
12511;0,049334995
12512;0,15002282
12513;0,018520746
12514;0,065918
12515;0,022514934
12516;0,04357208
12517;0,0011135053
12518;0,19389209
12519;0,026514953
12520;0,06290749
12521;0,05513139
12522;0,0011834095
12523;0,06448863
12524;0,059991423
12525;0,09874029
12526;0,05305432
12527;0,14341
12528;0,2310021
12529;0,09762853
12530;0,09791578
12531;0,045534648
12532;0,13317424
12533;0,00039326752
12534;0,018027509
12535;0,0025787049
12536;0,0871202
12537;0,0041571474
12538;0,0008222835
12539;0,059424255
12540;0,17698328
12541;0,008715459
12542;0,06028893
12543;0,04300775
12544;0,02234467
12545;0,03824221
12546;0,11108015
12547;0,004105887
12548;0,2643503
12549;0,1997179
12550;0,10963537
12551;0,0852342
12552;0,0024375992
12553;0,0155931525
12554;0,05833286
12555;0,0048274114
12556;0,08858031
12557;0,11587828
12558;0,06407545
12559;0,08550747
12560;0,0089622345
12561;0,102384865
12562;0,06422802
12563;0,17708242
12564;0,0048140413
12565;0,038612694
12566;0,36046305
12567;0,0007142817
12568;0,11782755
12569;0,12131138
12570;0,030937657
12571;0,028297845
12572;0,019378286
12573;0,0044583445
12574;0,0054777893
12575;0,08357849
12576;0,2206883
12577;0,0008356865
12578;0,09322226
12579;0,0011403135
12580;0,020972308
12581;0,004607793
12582;0,089560255
12583;0,067851596
12584;0,031956222
12585;0,089145415
12586;0,030118875
12587;0,0007293732
12588;0,12307233
12589;0,11090569
12590;0,124004334
12591;0,0039430517
12592;0,057065226
12593;0,089574546
12594;0,014440686
12595;0,058038212
12596;0,06685339
12597;0,06384167
12598;0,13267577
12599;0,0024663892
12600;0,19376403
12601;0,0010003553
12602;0,11945659
12603;0,18485889
12604;0,03793775
12605;0,06590378
12606;0,0008596164
12607;0,0039101294
12608;0,029950615
12609;0,18496051
12610;0,1047059
12611;0,002915205
12612;0,03328027
12613;0,0019309236
12614;0,12794451
12615;0,13276458
12616;0,08906039
12617;0,09745
12618;0,1329492
12619;0,18586113
12620;0,096101984
12621;0,00047057704
12622;0,024728447
12623;0,0028522543
12624;0,20783056
12625;0,0685001
12626;0,00097432744
12627;0,0008171287
12628;0,012536093
12629;0,008520212
12630;0,018249035
12631;0,15583056
12632;0,024835905
12633;0,0010843563
12634;0,06505495
12635;0,0049919314
12636;0,10128756
12637;0,00051392685
12638;0,0022901995
12639;0,107214965
12640;0,25047633
12641;0,054617785
12642;0,0023481739
12643;0,004077398
12644;0,13042718
12645;0,12736818
12646;0,14874774
12647;0,08939375
12648;0,114668004
12649;0,014837692
12650;0,0136867
12651;0,03845781
12652;0,005981186
12653;0,0039175316
12654;0,0013676262
12655;0,00057901803
12656;0,0719206
12657;0,037152182
12658;0,024955185
12659;0,0009032086
12660;0,0006272015
12661;0,003938946
12662;0,0044376277
12663;0,004615307
12664;0,00383613
12665;0,00046249136
12666;0,06336969
12667;0,07270548
12668;0,00042132149
12669;0,17347255
12670;0,044390146
12671;0,06288871
12672;0,001744709
12673;0,08972427
12674;0,056170575
12675;0,0039928574
12676;0,23170573
12677;0,09602335
12678;0,054406863
12679;0,09835487
12680;0,0467758
12681;0,00077769515
12682;0,0008318202
12683;0,0059808204
12684;0,0022030822
12685;0,07542824
12686;0,018725159
12687;0,12787955
12688;0,005214692
12689;0,17109609
12690;0,07454141
12691;0,028290518
12692;0,24857181
12693;0,0006655863
12694;0,005330809
12695;0,019116726
12696;0,10928911
12697;0,0018154501
12698;0,0014650767
12699;0,0009887434
12700;0,06283709
12701;0,00085665437
12702;0,08091662
12703;0,012371382
12704;0,08701439
12705;0,007227713
12706;0,0008768363
12707;0,22893499
12708;0,022838213
12709;0,060627457
12710;0,0016355012
12711;0,11660719
12712;0,049496233
12713;0,34786013
12714;0,019390773
12715;0,023666931
12716;0,073220946
12717;0,019614479
12718;0,07521413
12719;0,18359561
12720;0,016800953
12721;0,16415964
12722;0,05723896
12723;0,004785766
12724;0,07795675
12725;0,00049948506
12726;0,06807855
12727;0,10203741
12728;0,02026452
12729;0,0020888108
12730;0,07115935
12731;0,113763615
12732;0,061006382
12733;0,1016951
12734;0,14889723
12735;0,0008662311
12736;0,02970886
12737;0,039359372
12738;0,1011035
12739;0,067243725
12740;0,14879522
12741;0,0020897218
12742;0,0076225707
12743;0,10759686
12744;0,16898751
12745;0,06099518
12746;0,0056786938
12747;0,00061005156
12748;0,0044652433
12749;0,15390284
12750;0,055889744
12751;0,10716554
12752;0,10742984
12753;0,0075175753
12754;0,018016834
12755;0,02213783
12756;0,0014201328
12757;0,0077507114
12758;0,014551222
12759;0,05431677
12760;0,067183554
12761;0,00045115416
12762;0,0037653637
12763;0,09315857
12764;0,10562979
12765;0,0044069886
12766;0,08950785
12767;0,08105751
12768;0,008125922
12769;0,09788669
12770;0,07135179
12771;0,14389554
12772;0,020419748
12773;0,23084313
12774;0,104815766
12775;0,04037861
12776;0,000698996
12777;0,0007405074
12778;0,0021178222
12779;0,0062092873
12780;0,005542614
12781;0,043527354
12782;0,044788964
12783;0,10844312
12784;0,023842497
12785;0,18225183
12786;0,0013651992
12787;0,0043617724
12788;0,077139586
12789;0,018832888
12790;0,12389926
12791;0,0016333133
12792;0,0020196626
12793;0,11580625
12794;0,05993581
12795;0,00027057144
12796;0,0005978264
12797;0,006901748
12798;0,09112552
12799;0,0014860062
12800;0,0029351024
12801;0,032069016
12802;0,0006440585
12803;0,09909439
12804;0,1083989
12805;0,006124723
12806;0,101290464
12807;0,119750336
12808;0,02411118
12809;0,04154551
12810;0,07394308
12811;0,001923717
12812;0,006252461
12813;0,00063755177
12814;0,00035560498
12815;0,0026498353
12816;0,0011238554
12817;0,1093687
12818;0,22493705
12819;0,017119719
12820;0,06422583
12821;0,05661879
12822;0,12716556
12823;0,039807055
12824;0,10665454
12825;0,0043467274
12826;0,12464444
12827;0,066615745
12828;0,10092309
12829;0,00036899137
12830;0,07659755
12831;0,00050528394
12832;0,0008458429
12833;0,0014031682
12834;0,07247466
12835;0,10625291
12836;0,001293327
12837;0,0010975018
12838;0,06965269
12839;0,066009186
12840;0,0004432491
12841;0,00085140526
12842;0,08950039
12843;0,05813174
12844;0,03237713
12845;0,015331711
12846;0,09213234
12847;0,09284114
12848;0,0687121
12849;0,0910644
12850;0,17581627
12851;0,19194844
12852;0,0915271
12853;0,0049061105
12854;0,1678654
12855;0,115377575
12856;0,0048337565
12857;0,11375707
12858;0,0011699684
12859;0,0007231253
12860;0,0006644304
12861;0,06407984
12862;0,018606681
12863;0,14103934
12864;0,037911713
12865;0,15261222
12866;0,00046617858
12867;0,0006390993
12868;0,022252029
12869;0,017184583
12870;0,0979753
12871;0,00075450365
12872;0,21628733
12873;0,0058369613
12874;0,030637175
12875;0,1037097
12876;0,039957944
12877;0,063957796
12878;0,0050439737
12879;0,08169544
12880;0,14134593
12881;0,074070446
12882;0,17482585
12883;0,16537535
12884;0,0051754075
12885;0,0009261564
12886;0,113790266
12887;0,0011375083
12888;0,028777748
12889;0,12379222
12890;0,114757404
12891;0,005633221
12892;0,113281995
12893;0,1837385
12894;0,112171985
12895;0,0007842735
12896;0,00043510163
12897;0,027093474
12898;0,09953363
12899;0,00059473026
12900;0,100608826
12901;0,08714554
12902;0,0045614606
12903;0,30625522
12904;0,013661374
12905;0,09575439
12906;0,057333793
12907;0,0032312314
12908;0,00224555
12909;0,0036282486
12910;0,0011195022
12911;0,0038005584
12912;0,000573418
12913;0,00043754827
12914;0,0010943486
12915;0,0030484574
12916;0,028273698
12917;0,020409869
12918;0,098936595
12919;0,024577472
12920;0,114954226
12921;0,005032375
12922;0,024889737
12923;0,013340161
12924;0,00066814583
12925;0,06955876
12926;0,0008302275
12927;0,072161786
12928;0,0058450666
12929;0,0697231
12930;0,0050922544
12931;0,08839375
12932;0,06013163
12933;0,11349045
12934;0,11199967
12935;0,00791895
12936;0,09276993
12937;0,10025432
12938;0,18667395
12939;0,008063246
12940;0,0022426816
12941;0,10902052
12942;0,039588194
12943;0,0579346
12944;0,058334857
12945;0,18648277
12946;0,04038494
12947;0,010905889
12948;0,0037927735
12949;0,060566943
12950;0,0008914949
12951;0,112051
12952;0,10278113
12953;0,023736812
12954;0,00064446527
12955;0,13131313
12956;0,09928207
12957;0,023850774
12958;0,16534375
12959;0,19053839
12960;0,022124246
12961;0,05539971
12962;0,01965311
12963;0,0029808304
12964;0,23572657
12965;0,13294774
12966;0,11755077
12967;0,13090771
12968;0,009835049
12969;0,070029795
12970;0,021504449
12971;0,025011556
12972;0,15828928
12973;0,038430136
12974;0,020227736
12975;0,0083680255
12976;0,049893353
12977;0,1095768
12978;0,09840723
12979;0,08477612
12980;0,0005497896
12981;0,023437334
12982;0,09778901
12983;0,00026097943
12984;0,000513286
12985;0,076354586
12986;0,10178262
12987;0,4485897
12988;0,050440446
12989;0,05096788
12990;0,026461076
12991;0,055966448
12992;0,099533096
12993;0,022391798
12994;0,10775123
12995;0,00070526346
12996;0,07153752
12997;0,07531484
12998;0,07574542
12999;0,26431113
13000;0,011977759
13001;0,0043549873
13002;0,12489946
13003;0,0025266216
13004;0,039701726
13005;0,004203516
13006;0,003984783
13007;0,0009875008
13008;0,05619776
13009;0,0006981223
13010;0,0012585908
13011;0,006208162
13012;0,017004516
13013;0,018114615
13014;0,14052074
13015;0,00080573815
13016;0,14945121
13017;0,064384565
13018;0,121616125
13019;0,004805211
13020;0,014173644
13021;0,05676379
13022;0,11515671
13023;0,13327006
13024;0,0019448106
13025;0,0009895263
13026;0,08221281
13027;0,022599097
13028;0,07602401
13029;0,095315404
13030;0,062429503
13031;0,0055353846
13032;0,12091995
13033;0,11860282
13034;0,05938124
13035;0,0033857375
13036;0,17517869
13037;0,06036802
13038;0,10879254
13039;0,07076529
13040;0,0017826532
13041;0,083248794
13042;0,00042931343
13043;0,005017396
13044;0,020917233
13045;0,011022574
13046;0,0034268068
13047;0,00046079012
13048;0,09262508
13049;0,29347804
13050;0,09616857
13051;0,0017210214
13052;0,0004394191
13053;0,0045838575
13054;0,02053048
13055;0,1648951
13056;0,03639718
13057;0,13246784
13058;0,03866026
13059;0,012070327
13060;0,056974165
13061;0,13908628
13062;0,04332842
13063;0,07012609
13064;0,10287319
13065;0,16933286
13066;0,20108643
13067;0,114482746
13068;0,07392767
13069;0,023791878
13070;0,09264788
13071;0,15283456
13072;0,024283782
13073;0,005641684
13074;0,0035689909
13075;0,00034194975
13076;0,0005893824
13077;0,023033416
13078;0,0040941653
13079;0,00050608633
13080;0,029063197
13081;0,027873581
13082;0,08209947
13083;0,0046523283
13084;0,07242695
13085;0,03105703
13086;0,0004902556
13087;0,059127882
13088;0,10018173
13089;0,118613645
13090;0,27950525
13091;0,0023411235
13092;0,0044471715
13093;0,008718931
13094;0,0052942634
13095;0,03177257
13096;0,0047281855
13097;0,15456808
13098;0,21683031
13099;0,11418757
13100;0,0005147634
13101;0,12776253
13102;0,06413043
13103;0,13316637
13104;0,08572658
13105;0,07525501
13106;0,0056047086
13107;0,022879854
13108;0,006407652
13109;0,07324289
13110;0,008174481
13111;0,06633844
13112;0,10878361
13113;0,0006516943
13114;0,07232196
13115;0,08814354
13116;0,05205904
13117;0,00055552786
13118;0,06903674
13119;0,064107455
13120;0,016909659
13121;0,12475675
13122;0,06992619
13123;0,12482588
13124;0,1396935
13125;0,14857012
13126;0,08698202
13127;0,0672681
13128;0,022909084
13129;0,0041143303
13130;0,05820898
13131;0,024193356
13132;0,28150365
13133;0,05614301
13134;0,0020953764
13135;0,121625975
13136;0,0041961847
13137;0,044703733
13138;0,06409798
13139;0,0891811
13140;0,1251775
13141;0,072948694
13142;0,026300304
13143;0,00060566113
13144;0,038337998
13145;0,12685129
13146;0,141261
13147;0,0047626793
13148;0,059434142
13149;0,00047782884
13150;0,020633781
13151;0,09059373
13152;0,22454989
13153;0,11942447
13154;0,14168344
13155;0,02196029
13156;0,0030022901
13157;0,0025697355
13158;0,028063674
13159;0,009640521
13160;0,08367557
13161;0,13888775
13162;0,025039472
13163;0,0055924286
13164;0,093848094
13165;0,013061495
13166;0,31307653
13167;0,0026992764
13168;0,064659424
13169;0,03108665
13170;0,0042845705
13171;0,01739488
13172;0,0039261854
13173;0,0017074911
13174;0,00051640114
13175;0,060431626
13176;0,020724736
13177;0,076979324
13178;0,0008362566
13179;0,11709645
13180;0,14894855
13181;0,07938189
13182;0,087399736
13183;0,019676445
13184;0,1669448
13185;0,026022607
13186;0,063291505
13187;0,19218697
13188;0,039436363
13189;0,014252448
13190;0,001233733
13191;0,13245735
13192;0,089117646
13193;0,030709954
13194;0,067392774
13195;0,004879479
13196;0,10412523
13197;0,85015815
13198;0,01859739
13199;0,21532516
13200;0,08610951
13201;0,24953184
13202;0,12866135
13203;0,0046341927
13204;0,06275415
13205;0,0041673915
13206;0,09667871
13207;0,107118815
13208;0,020650385
13209;0,16306083
13210;0,018516233
13211;0,06526468
13212;0,0074683954
13213;0,11016344
13214;0,052354276
13215;0,08928132
13216;0,0012201136
13217;0,040465426
13218;0,0007549672
13219;0,0035395727
13220;0,06635003
13221;0,017221585
13222;0,0858859
13223;0,0053409273
13224;0,12954657
13225;0,15585274
13226;0,01981177
13227;0,0040431865
13228;0,14357668
13229;0,0061960835
13230;0,061870232
13231;0,0040581776
13232;0,17222613
13233;0,02146009
13234;0,034021012
13235;0,019472472
13236;0,049015198
13237;0,06468812
13238;0,15096204
13239;0,08525805
13240;0,021453789
13241;0,105522126
13242;0,066536464
13243;0,06058174
13244;0,003525472
13245;0,0071375077
13246;0,37890303
13247;0,17839032
13248;0,022532722
13249;0,18461223
13250;0,057611305
13251;0,003811785
13252;0,05404594
13253;0,17340323
13254;0,17307438
13255;0,0027386541
13256;0,089565635
13257;0,023466945
13258;0,0018134888
13259;0,002405658
13260;0,111532554
13261;0,025996841
13262;0,09814945
13263;0,13705121
13264;0,0041661174
13265;0,10679965
13266;0,09149867
13267;0,13616776
13268;0,13961636
13269;0,024526667
13270;0,064092584
13271;0,00054345466
13272;0,08764445
13273;0,20084044
13274;0,32297766
13275;0,0012474424
13276;0,0005155974
13277;0,023345025
13278;0,024549007
13279;0,0006966513
13280;0,2395696
13281;0,14335793
13282;0,0026493068
13283;0,004350798
13284;0,0046338122
13285;0,15602228
13286;0,13853881
13287;0,0576776
13288;0,0015427422
13289;0,07447977
13290;0,019530535
13291;0,023983628
13292;0,14205799
13293;0,0004796715
13294;0,056041725
13295;0,03976503
13296;0,20549992
13297;0,003962106
13298;0,07556164
13299;0,22589484
13300;0,00065717625
13301;0,087491944
13302;0,00034477195
13303;0,08039612
13304;0,07033209
13305;0,01973376
13306;0,000830233
13307;0,06178671
13308;0,10384838
13309;0,0016751908
13310;0,17737347
13311;0,006466911
13312;0,00052670424
13313;0,009299615
13314;0,015669342
13315;0,06388415
13316;0,049499977
13317;0,0014928824
13318;0,0010004635
13319;0,0033114222
13320;0,10748893
13321;0,0010308757
13322;0,025020175
13323;0,143249
13324;0,04078991
13325;0,058655232
13326;0,091269165
13327;0,008038167
13328;0,046385117
13329;0,026026605
13330;0,0800758
13331;0,00062621513
13332;0,18556009
13333;0,07979823
13334;0,018570226
13335;0,0008256654
13336;0,0027789567
13337;0,07323867
13338;0,0011071945
13339;0,00051650126
13340;0,00069195125
13341;0,15324757
13342;0,0038038034
13343;0,07909959
13344;0,07415137
13345;0,0010777668
13346;0,0656557
13347;0,00043753587
13348;0,0040698205
13349;0,0005841594
13350;0,08472052
13351;0,0013052794
13352;0,005368521
13353;0,06274055
13354;0,04709505
13355;0,10855981
13356;0,007630096
13357;0,088229395
13358;0,15227664
13359;0,085838795
13360;0,09233571
13361;0,14333303
13362;0,07142358
13363;0,1316095
13364;0,068209216
13365;0,07056217
13366;0,00072644383
13367;0,085008
13368;0,046687238
13369;0,08587378
13370;0,09984646
13371;0,08637512
13372;0,043588508
13373;0,0017509119
13374;0,0014900891
13375;0,31656843
13376;0,026723588
13377;0,12911524
13378;0,0055245603
13379;0,0005560692
13380;0,15030757
13381;0,075022
13382;0,016641676
13383;0,00736831
13384;0,07797882
13385;0,01094103
13386;0,17790195
13387;0,04860328
13388;0,06459839
13389;0,0011348871
13390;0,1774312
13391;0,10247633
13392;0,0024685864
13393;0,0260544
13394;0,1222167
13395;0,00474747
13396;0,22359724
13397;0,020201882
13398;0,0075296955
13399;0,07718128
13400;0,015974624
13401;0,086554304
13402;0,1777263
13403;1,1406677
13404;0,20147705
13405;0,001049294
13406;0,00047095725
13407;0,06190709
13408;0,0039836653
13409;0,1243781
13410;0,10043631
13411;0,13199973
13412;0,06916249
13413;0,13029207
13414;0,031301845
13415;0,0008324353
13416;0,10996027
13417;0,07944348
13418;0,088330805
13419;0,15250963
13420;0,0031125844
13421;0,056115318
13422;0,055354074
13423;0,18073228
13424;0,01635826
13425;0,19966814
13426;0,017085325
13427;0,0052473866
13428;0,12434265
13429;0,02072484
13430;0,044638917
13431;0,07088099
13432;0,064191744
13433;0,06356454
13434;0,0041954378
13435;0,00041179993
13436;0,10239279
13437;0,20109391
13438;0,00067808654
13439;0,07372069
13440;0,11399573
13441;0,17198159
13442;0,000388279
13443;0,007585885
13444;0,078538686
13445;0,018221823
13446;0,08724135
13447;0,021514704
13448;0,1376421
13449;0,055754922
13450;0,031222073
13451;0,1719529
13452;0,02844409
13453;0,101305336
13454;0,0012861917
13455;0,0025222173
13456;0,14749008
13457;0,00028513043
13458;0,2036649
13459;0,0002601879
13460;0,028212732
13461;0,0012982814
13462;0,117649905
13463;0,00034481531
13464;0,000553826
13465;0,16630387
13466;0,082789704
13467;0,097738355
13468;0,0009205304
13469;0,058803614
13470;0,091958486
13471;0,14129476
13472;0,07177355
13473;0,0033736902
13474;0,0019816696
13475;0,008252238
13476;0,27631932
13477;0,12837072
13478;0,021363588
13479;0,013892962
13480;0,0018923173
13481;0,0031334518
13482;0,008335422
13483;0,18178509
13484;0,19575377
13485;0,060141973
13486;0,0034364278
13487;0,065947786
13488;0,023551114
13489;0,022065874
13490;0,007993249
13491;0,09637831
13492;0,09912817
13493;0,05708042
13494;0,01777672
13495;0,00050882634
13496;0,10749746
13497;0,06566991
13498;0,0024350472
13499;0,06095371
13500;0,007293858
13501;0,060933642
13502;0,11280049
13503;0,02121873
13504;0,018257534
13505;0,006412464
13506;0,5529485
13507;0,15127057
13508;0,005540264
13509;0,04997115
13510;0,00052548334
13511;0,11935241
13512;0,0009238902
13513;0,09332408
13514;0,02263817
13515;0,061729237
13516;0,12162695
13517;0,005087645
13518;0,023393087
13519;0,0608654
13520;0,06320462
13521;0,15280312
13522;0,0004280625
13523;0,014376404
13524;0,019754438
13525;0,1686283
13526;0,002851294
13527;0,00044984976
13528;0,00049813883
13529;0,06061332
13530;0,09583337
13531;0,054080624
13532;0,11857192
13533;0,0024071462
13534;0,10608938
13535;0,0037945092
13536;0,0045211595
13537;0,1617822
13538;0,0048491172
13539;0,22021309
13540;0,023640715
13541;0,00041145214
13542;0,19677536
13543;0,021761071
13544;0,0042998223
13545;0,07231566
13546;0,0035083226
13547;0,053454213
13548;0,06938783
13549;0,0010390155
13550;0,057242148
13551;0,03877516
13552;0,11681871
13553;0,042734962
13554;0,021919422
13555;0,12024045
13556;0,103731446
13557;0,037913613
13558;0,055725966
13559;0,0024544427
13560;0,0005334029
13561;0,0010406468
13562;0,0059879515
13563;0,053370398
13564;0,022972584
13565;0,00084420503
13566;0,02648327
13567;0,056755375
13568;0,09891968
13569;0,08189853
13570;0,0019726986
13571;0,0032920649
13572;0,02070844
13573;0,08563118
13574;0,18715242
13575;0,102405176
13576;0,04255785
13577;0,073204935
13578;0,04223153
13579;0,092825
13580;0,021244885
13581;0,18129961
13582;0,0047974056
13583;0,06645431
13584;0,1364284
13585;0,43257064
13586;0,0063595083
13587;0,10749853
13588;0,05018034
13589;0,10442249
13590;0,006168623
13591;0,06516887
13592;0,110361144
13593;0,103013925
13594;0,32449389
13595;0,01921807
13596;0,018836692
13597;0,07273197
13598;0,07113974
13599;0,2543324
13600;0,0004251065
13601;0,03012618
13602;0,063703746
13603;0,117814645
13604;0,0054153055
13605;0,06320308
13606;0,08188166
13607;0,0007108367
13608;0,038999602
13609;0,0414811
13610;0,00043650248
13611;0,042655576
13612;0,04117445
13613;0,17542571
13614;0,058292493
13615;0,0040782555
13616;0,0017587184
13617;0,029680625
13618;0,00060830894
13619;0,1338177
13620;0,0045916294
13621;0,41593444
13622;0,04353647
13623;0,10706257
13624;0,0024911207
13625;0,12275086
13626;0,07986732
13627;0,29076737
13628;0,004290576
13629;0,12122666
13630;0,0038361799
13631;0,084163904
13632;0,09220166
13633;0,1033493
13634;0,11356426
13635;0,008898477
13636;0,16074051
13637;0,00081207964
13638;0,11784284
13639;0,00086541165
13640;0,0031048616
13641;0,02086506
13642;0,0028046626
13643;0,007199544
13644;0,17940529
13645;0,17667904
13646;0,027974905
13647;0,05041303
13648;0,08581815
13649;0,09121171
13650;0,12171815
13651;0,005657135
13652;0,0040508267
13653;0,003953999
13654;0,010329002
13655;0,12275569
13656;0,0005943072
13657;0,20492679
13658;0,19472225
13659;0,059995312
13660;0,07164191
13661;0,11897246
13662;0,23818803
13663;0,25797856
13664;0,13465719
13665;0,020069405
13666;0,001609762
13667;0,07717385
13668;0,041709978
13669;0,2389431
13670;0,02538726
13671;0,056589723
13672;0,00032499907
13673;0,05632439
13674;0,0961196
13675;0,054029472
13676;0,17496498
13677;0,08647021
13678;0,00033148628
13679;0,024073195
13680;0,09982478
13681;0,0008439947
13682;0,023807386
13683;0,060845092
13684;0,08687445
13685;0,0030707964
13686;0,08120376
13687;0,07269577
13688;0,07131517
13689;0,13233316
13690;0,0017694284
13691;0,009515111
13692;0,013529327
13693;0,12374483
13694;0,13946861
13695;0,15172315
13696;0,16174865
13697;0,0019786241
13698;0,03139461
13699;0,111727476
13700;0,10358728
13701;0,14709917
13702;0,111618996
13703;0,0063589513
13704;0,06770224
13705;0,0039281165
13706;0,059167214
13707;0,012346048
13708;0,0018645406
13709;0,2003734
13710;0,051624384
