;ae_1;ae_2;pca_1;pca_2;cardio;ap_hi
0;-0,3647783;-0,17655504;-1,4314096;-0,68038905;0,0;120
1;-0,16842346;-0,5628315;0,07288745;0,82951784;1,0;120
2;0,50467014;-0,13288951;0,894469;-1,4375274;1,0;140
3;-0,8064872;0,10628008;-2,568114;0,61375856;0,0;110
4;-0,49425602;-0,22194363;-1,5261415;-0,29693514;0,0;120
5;-0,52407473;-0,21719886;-0,9521594;0,24725387;0,0;120
6;-0,51824254;-0,21772437;-1,4022328;-0,07869316;0,0;120
7;0,6918581;0,8663945;1,3803385;-2,1769094;0,0;151
8;-0,28523;-1,6428148;1,134992;2,3435311;0,0;120
9;-0,3434227;-0,35705805;-0,41623077;0,88284254;0,0;120
10;-0,42127097;-1,9972192;1,6798007;2,5773754;1,0;110
11;0,6333489;-0,15689275;1,525932;-0,31810388;1,0;150
12;-0,20677747;0,13597235;-1,271137;-1,0294299;1,0;120
13;0,840248;-0,6657882;1,7836921;1,5631994;1,0;120
14;-0,5559225;-0,2276734;-0,97088337;0,3124414;0,0;120
15;0,14185795;-0,56704015;-1,6874161;1,1531866;0,0;110
16;1,0958081;1,0069697;1,0786531;-3,0856328;1,0;160
17;0,2118156;-1,1368486;0,8060266;1,0705955;0,0;120
18;-0,15939309;-0,4358294;-0,5234787;1,7637905;0,0;110
19;0,56188273;0,5207688;0,6106492;-0,50361705;1,0;150
20;-0,6126886;-0,2499703;-0,91481256;0,41745615;0,0;120
21;1,6150446;0,61297345;2,5810666;-0,7880975;1,0;160
22;-0,3281688;-0,18839933;-0,67727613;0,45006016;1,0;110
23;0,17150511;0,34401172;-0,06900059;-2,818333;1,0;150
24;0,45550388;0,33809096;0,8359448;-1,376395;1,0;150
25;1,1776311;-0,22939502;2,206692;1,00077;0,0;130
26;0,14100295;-1,9379042;2,4290268;2,056387;1,0;130
27;-0,2015642;-0,67846584;0,70678484;0,90244806;0,0;130
28;-0,09317431;0,017665863;-0,58539116;-0,49879804;0,0;120
29;2,914646;1,7043954;3,958684;-2,8829842;1,0;170
30;1,66969;1,2699889;2,6376426;-1,9720091;1,0;170
31;2,014258;1,0534245;3,2850106;0,66323435;1,0;150
32;1,0326664;0,07825918;2,6088903;-1,2112379;1,0;160
33;0,073194586;-1,8787678;2,0267909;2,856248;0,0;131
34;0,74947625;0,3049124;1,8099966;0,98385286;0,0;130
35;0,23810142;-0,69146067;-2,107143;1,9576886;0,0;90
36;0,8920638;-0,8673459;1,8788837;1,3325373;1,0;120
37;1,1161201;0,44906676;2,2625902;-1,0229263;1,0;160
38;0,29239878;-0,1957899;0,3686542;-0,49385127;0,0;130
39;0,9304264;0,97925824;0,88941777;-2,436524;1,0;160
40;0,34373876;0,082238115;0,96595967;-1,1286956;1,0;140
41;0,72119415;0,005109675;0,7433959;-0,26137894;1,0;130
42;-0,86261123;0,3032303;-1,912344;1,6625242;0,0;110
43;-0,48568788;-0,08922239;-1,2132652;-0,5547862;0,0;120
44;-0,30935627;-0,22410141;-0,9183066;0,9013722;0,0;120
45;-0,13217613;0,043003988;-1,2683238;-0,9425943;0,0;120
46;0,052268658;-1,3525752;1,2194287;2,0044816;0,0;120
47;0,7387758;0,7862102;0,72664964;-1,6567214;1,0;150
48;-0,36502904;-0,073173895;-0,9053675;-0,61221147;1,0;120
49;0,8925921;0,9799401;0,7613363;-2,7810125;1,0;160
50;-1,352303;0,27822462;-3,083162;0,43664673;0,0;110
51;-0,41139057;-0,03939061;-0,88833976;-0,17048493;0,0;110
52;-0,47056186;-0,25757897;-1,2919098;0,498144;0,0;110
53;1,6896869;1,1346841;2,307635;-1,0009408;1,0;150
54;0,36762992;-0,28530705;0,52103686;-0,104512766;1,0;120
55;1,2687842;0,3277369;2,1604137;-0,34733465;1,0;150
56;0,45400986;-0,23501943;0,69633055;-0,34742448;1,0;130
57;-0,17560172;-0,11133285;-1,6058195;-1,0886459;1,0;130
58;0,23752189;-0,27378464;0,025276255;-0,07002518;0,0;120
59;-0,5541888;-0,4116925;-0,5295708;1,1757982;0,0;120
60;0,18538538;-0,072178036;0,8166563;0,8540546;1,0;120
61;-0,1562547;0,21026134;-0,45564473;-0,3468958;1,0;120
62;0,84274286;0,070431;1,225344;-0,4698412;1,0;140
63;-0,36962038;-0,7958528;1,0201565;0,37909874;1,0;130
64;0,89350796;0,035252754;1,1193559;-0,5327163;1,0;140
65;-0,45966795;-0,109623566;-1,3403115;-0,5570451;0,0;120
66;0,5217711;-0,0539186;1,0312943;-1,0169156;1,0;140
67;-0,103830524;-0,49756485;0,12876381;0,3961304;0,0;120
68;-0,1277821;0,17887652;-0,9199786;-1,0556989;1,0;120
69;0,32120818;0,29522592;0,9797282;0,09610309;1,0;140
70;-0,36323223;-0,1660697;-1,4026124;-0,72714937;0,0;120
71;0,957991;0,014419587;1,535014;-0,27543092;1,0;140
72;-0,085864134;-0,862274;0,065088905;0,82149196;0,0;120
73;1,0386944;0,2861641;1,9611939;-1,4386402;1,0;160
74;-0,72136474;0,14789654;-1,7357085;1,3302424;0,0;100
75;-0,23576494;-0,28808737;-1,655572;1,4707041;0,0;100
76;0,17876299;-0,25156987;-0,30586445;-0,28781223;0,0;120
77;-0,41881976;-1,997495;1,8858517;2,5050912;1,0;120
78;-0,8556735;0,40730798;-3,5255725;0,55709434;0,0;100
79;1,1938134;-0,16261329;2,6452663;0,7132338;1,0;140
80;-0,5302653;-0,192217;-1,6515266;-0,37612265;0,0;120
81;-0,32878375;-0,18298863;-0,7146578;-0,14861256;1,0;120
82;-0,3609247;-0,14029333;-0,6699995;-0,14500833;0,0;120
83;1,3772391;-0,08309521;2,8113937;0,5972222;1,0;150
84;-0,42773885;-0,12893845;-0,68025017;-0,05345372;1,0;120
85;-0,4538097;-0,1725245;-0,77061784;0,08799143;0,0;120
86;0,6854307;0,5632557;0,4900587;-1,4216834;1,0;140
87;-0,59805197;-0,4577875;-0,6297237;1,3956884;0,0;120
88;-0,85968745;0,39940935;-2,7448487;1,1145644;0,0;100
89;-0,07425004;-0,5695622;0,060350455;0,28190893;0,0;120
90;0,058538504;-0,5048947;-0,9385774;1,8273172;0,0;100
91;-0,2308175;-0,25125635;-0,6840278;0,112884745;0,0;120
92;0,7797822;0,75472844;0,97359014;-1,7717268;1,0;150
93;-0,20905226;0,1993072;-0,5840225;-0,84654415;1,0;120
94;0,45429072;-0,38829172;0,34897465;-0,36355075;0,0;130
95;-0,13920441;-0,689177;0,3027323;0,4902276;0,0;130
96;1,3695081;1,0113822;1,0981365;-1,9530294;1,0;180
97;-0,037271027;-0,51281846;-0,2954897;0,42925286;0,0;150
98;-0,60812837;0,40237045;-2,266232;-0,8684057;0,0;110
99;0,33645716;0,40170014;0,14172694;-0,67014277;1,0;130
100;-0,049766608;-0,76261264;0,20511384;0,005388655;0,0;130
101;0,34862596;-0,29109132;-0,0316858;-0,7518492;1,0;130
102;0,5081605;-2,1216617;2,667239;2,527828;1,0;120
103;0,43292058;-0,2326134;0,45874628;-0,12728743;0,0;130
104;-0,015824595;-1,3096671;0,20549925;1,9845908;0,0;110
105;0,3540347;-0,230785;0,49650246;-0,03583569;1,0;130
106;-0,6646179;-0,36025518;-0,6857276;1,0647614;0,0;120
107;2,4181423;1,2635396;3,324451;-1,163728;1,0;170
108;0,9036368;0,043569077;1,1767625;-0,43885112;1,0;140
109;0,75005585;-0,28498483;1,994957;-1,3597412;1,0;161
110;0,4724631;0,47915614;0,35934132;-0,83341706;1,0;140
111;-0,96147996;-0,56534535;-0,11206573;-0,11877392;1,0;130
112;-0,4075398;-0,2544415;-0,44834948;0,4905894;0,0;120
113;0,052525934;0,035058744;-0,08639127;-0,67442286;0,0;130
114;0,17008401;-0,2347972;-0,19106394;-0,32422292;1,0;120
115;-0,6886144;0,1906171;-1,8907206;0,20152813;0,0;110
116;0,3594054;0,34407216;0,13982882;-1,2969946;1,0;140
117;0,52862006;0,5778441;0,049654715;-2,0777125;1,0;140
118;-0,4753938;-0,2213461;-0,97286546;0,0929929;0,0;120
119;0,023327056;0,44663686;0,35259688;-2,298376;1,0;140
120;-0,20996869;0,4206512;-1,2561566;-1,9417508;1,0;125
121;-0,6987467;-1,0406458;1,7451133;0,95414686;1,0;140
122;-0,94149274;0,5267237;-2,9406798;0,5928403;0,0;100
123;0,42920914;0,5054878;0,09556651;-1,3556888;1,0;135
124;1,1561798;0,6068024;2,296335;-0,28799933;1,0;160
125;0,5817345;-0,22180758;0,8540164;-1,2498492;1,0;130
126;-0,33465979;-0,8597814;-0,23125705;2,4024167;1,0;120
127;-0,022094801;0,47772163;-0,0057772696;-1,5812213;0,0;150
128;-0,5258083;-0,31319267;-1,2595886;1,2097131;0,0;120
129;0,08108856;0,38263816;0,9272392;-1,3797722;1,0;140
130;0,7906459;0,14213064;1,8741663;0,0076610073;1,0;140
131;0,13762112;-0,5143361;-1,0885847;0,3116784;0,0;110
132;-0,88112426;-0,5642832;0,13211754;-0,3991034;1,0;140
133;0,75401783;-0,6401967;1,4546678;1,0176063;0,0;125
134;0,282284;-0,27958137;0,043357715;-0,14886507;1,0;120
135;-0,34110093;-0,12347205;-0,9225428;-0,44180262;1,0;120
136;0,629627;-0,25507218;1,5997213;-0,96325624;1,0;150
137;-0,23548526;-0,62106836;0,36494875;1,3989565;1,0;120
138;0,51335204;-0,15845405;0,09952448;-0,025549276;1,0;130
139;-1,0420023;0,46975636;-2,927828;1,8190911;1,0;90
140;0,022544105;0,5807196;0,6100898;-2,2206988;1,0;130
141;0,033313278;-0,42045897;-1,0691813;1,3208716;0,0;120
142;-0,7505798;-0,45906168;0,006448537;-0,069745824;1,0;130
143;-0,14863007;-0,64174825;0,36930084;0,5001112;0,0;130
144;0,20858863;-0,8258847;-0,6988133;1,8333848;0,0;110
145;0,7560579;-0,12484026;1,3511059;-1,608487;0,0;150
146;0,3581165;-0,19797464;0,6912788;0,32314998;0,0;130
147;-0,5082058;-0,36639208;-2,3525183;1,455302;0,0;110
148;-0,09873403;-1,2428875;0,33525133;1,4629688;0,0;109
149;-0,50632644;-2,3421776;2,7593234;2,7464998;1,0;140
150;0,15938379;-0,7155937;-0,66994894;1,3645704;0,0;110
151;-0,43834916;-0,17537539;-0,26133534;-0,046382137;1,0;130
152;-0,25148103;-1,0050402;-0,15828657;2,2248018;1,0;110
153;0,6437662;-0,079499714;0,583912;-0,12450965;1,0;140
154;2,2372897;1,9361957;2,5919633;-3,2195094;1,0;179
155;-0,40142658;-0,1198425;-0,4819467;-0,028691653;0,0;120
156;0,66778624;-0,31725878;1,6233462;1,0704778;1,0;130
157;-0,75178134;-0,5399919;-0,38179132;0,43685988;0,0;140
158;0,38367087;-0,043390237;1,1116234;-0,41577378;1,0;130
159;1,8946109;1,1333674;4,14744;0,22764614;1,0;160
160;-0,6803356;-0,48680258;-0,36082157;1,4442197;0,0;120
161;-0,5521995;-0,24162279;-1,0106704;0,86740184;0,0;110
162;-0,029170465;0,0033067577;-0,41538513;-0,2308704;0,0;120
163;-0,31647715;0,44880712;-1,395137;-1,9072945;0,0;120
164;-0,02747234;-0,45007068;-0,33751407;0,84616923;0,0;120
165;0,43527398;-0,41388053;0,35256734;-0,19319497;0,0;120
166;-0,3421365;-0,21947424;-0,90061367;0,04862281;0,0;120
167;-0,4481217;-0,26491326;-0,62607336;0,4658855;1,0;120
168;-0,46680778;-0,16260636;-0,30706236;0,29685104;0,0;121
169;-0,71640563;0,25949514;-1,9708996;0,8111875;0,0;120
170;-0,13960357;-0,5870202;0,50609964;0,9117397;1,0;120
171;-1,1693063;0,67616516;-4,1150084;-0,13963395;0,0;90
172;0,5845829;0,450127;0,5806997;-0,60575795;1,0;140
173;1,1220093;1,2080939;1,3554274;-3,5174897;1,0;200
174;0,116823845;0,29196936;0,08169709;-2,0655818;1,0;140
175;0,017230112;0,18749224;-0,14081582;-0,7095729;1,0;130
176;0,37498844;-0,13296568;0,7435069;-0,27093542;0,0;120
177;-0,60799915;-0,42225784;-0,83941203;1,0785413;0,0;120
178;0,3512051;-0,3674466;0,26479918;-0,032969106;1,0;120
179;1,0109972;0,558979;2,020578;-0,44384605;1,0;140
180;-0,20602901;-0,5491585;-0,13218968;0,96252096;1,0;120
181;-1,0577049;0,5150947;-3,696874;0,3775229;0,0;100
182;-0,23329456;-0,65206033;-0,09875995;1,1483967;0,0;120
183;-0,044819415;-0,33564955;-1,3401096;1,3329856;1,0;120
184;0,041630045;-1,7060707;1,5888602;1,7115688;1,0;120
185;0,36563057;-0,32626414;0,09663406;-0,44815406;0,0;120
186;-0,17638187;-0,9601329;0,28629357;1,3039916;0,0;110
187;-0,49860612;0,2171975;-1,8871886;-0,30034703;0,0;110
188;2,3043773;2,2127433;3,2327714;-3,1932771;1,0;190
189;-0,65057707;-0,30435872;-0,88867545;0,72729015;0,0;120
190;-0,1303285;-0,585567;0,118936434;0,6435057;0,0;120
191;-0,40954897;-0,3063935;-0,840626;0,47438648;0,0;120
192;0,011805881;-0,59137225;-0,82376933;0,9843854;0,0;120
193;0,89118373;0,102175675;1,4069493;-0,9224943;1,0;150
194;0,5754673;-0,5835096;0,74826896;0,21010336;0,0;120
195;-1,3225595;0,8304886;-4,3413506;0,83596814;0,0;90
196;0,09740814;0,39633316;1,0394771;-1,877398;1,0;150
197;1,3432426;-0,38297123;2,7406094;0,73492026;0,0;140
198;-0,05397271;0,65652174;0,050529495;-3,4479876;1,0;150
199;-0,46777612;-0,40877944;-0,46161556;1,1836917;1,0;120
200;-0,6616789;-0,25873256;-1,4786625;0,12829609;1,0;120
201;-0,6478617;-0,20102105;-1,3581586;-0,32617798;0,0;120
202;0,19569294;-0,14215851;0,53829104;0,48084435;1,0;120
203;0,59319687;-0,18192899;1,0187566;-1,4184656;1,0;160
204;2,186606;-1,7185796;6,020013;3,7945433;1,0;140
205;-0,5619631;0,28874713;-2,3019314;-0,54181933;0,0;110
206;-0,42590374;-0,73840714;0,93836397;0,66305614;1,0;130
207;-0,6682437;0,35817838;-2,2127025;0,80899286;0,0;100
208;0,068090305;0,124004714;-0,16916135;-0,9229599;1,0;140
209;-0,15758747;0,10289919;-0,84222674;-0,68273187;0,0;120
210;-0,3806276;-0,12107922;-0,9423791;-0,37863195;0,0;120
211;0,6107794;-1,0367707;1,1971266;1,5641325;0,0;120
212;-0,43017945;-0,1769345;-0,35546803;0,2965085;0,0;120
213;-0,30717522;-0,21890225;-1,1747748;0,1190584;1,0;120
214;0,62121195;-0,12587671;1,8110118;-1,135069;1,0;140
215;0,28547335;0,3797419;0,49711126;-1,2364178;1,0;140
216;-0,38334516;-0,07729997;-0,6079266;-0,35983163;0,0;120
217;0,04425172;0,46987087;0,79969895;-2,3690295;0,0;150
218;-0,53282315;-0,2502213;-1,8281063;-0,22868071;0,0;120
219;-0,6602087;-0,4114089;0,014531743;-0,35365275;1,0;130
220;-0,39531094;-0,30284595;-0,39620644;0,71770346;0,0;120
221;0,43703595;-0,38397056;0,30993944;-0,63111234;0,0;130
222;0,43292442;-0,16531284;0,9320545;-0,038284868;0,0;130
223;0,41021726;-0,3654374;0,072879285;-0,16746478;1,0;120
224;0,14045726;-0,44895422;-0,8373005;0,40439704;0,0;110
225;0,5139657;0,24973768;-0,32288492;-0,5953634;1,0;130
226;-0,3819584;-1,1639932;1,4316999;0,6716285;1,0;130
227;0,23514174;-0,1656525;0,72221816;0,61915123;0,0;120
228;-0,77499783;-0,04455401;-2,3613482;0,2504668;0,0;120
229;-0,38250917;-0,096867785;-0,89221764;-0,4493842;0,0;120
230;-0,11782767;-0,874629;0,8549061;0,27901003;1,0;131
231;0,6333877;-0,5481788;1,025108;-0,117763855;1,0;130
232;0,10593086;0,30107367;0,09723302;-2,4089692;1,0;160
233;-0,19008148;0,121804394;-1,0991989;-0,97482276;0,0;120
234;-0,56871957;-0,5380591;0,54893076;-0,07098896;1,0;140
235;0,29632804;-0,8850603;0,2845821;1,2717373;0,0;120
236;0,08688479;-0,515095;-1,7883855;2,9950879;0,0;100
237;-1,22544;0,37085134;-2,7896314;1,250113;0,0;100
238;-0,0009192559;-0,023068022;-0,1440182;-0,08082468;1,0;130
239;0,5544502;0,18103702;1,5538836;-0,19343798;1,0;140
240;0,8582462;0,24536657;2,21916;0,4708539;1,0;140
241;-0,15909438;0,110817984;-0,51716113;-1,0977037;1,0;120
242;0,27813864;-0,19204119;0,5129235;0,4950498;1,0;120
243;0,5553421;-0,2936582;0,5821496;-1,1945659;1,0;120
244;-1,0058417;0,18381745;-2,1185565;1,4427466;0,0;90
245;-0,46542865;-0,2734146;-0,45151675;0,7507434;0,0;120
246;0,31132916;0,44692552;0,2851004;-1,4015307;1,0;140
247;0,32808143;-0,38819474;-0,14911307;-0,6501441;0,0;120
248;0,57994705;-0,60869396;0,78116345;0,32628366;1,0;120
249;-0,040960137;0,009003503;-0,355315;-0,39363512;0,0;120
250;-0,12379504;-0,45226103;-0,111012995;0,39033467;0,0;120
251;0,1863498;-0,17943048;0,2587428;0,28614253;0,0;120
252;-0,30528122;0,042555697;-1,448089;-0,059634596;1,0;110
253;-0,7918309;0,4850737;-4,3240557;0,43185073;0,0;80
254;-0,81102514;-0,3452329;-1,777947;-0,6011778;0,0;130
255;0,7702894;0,056250595;1,8636882;-0,11847825;1,0;140
256;0,8468349;0,02126603;1,8732738;-0,8855151;1,0;150
257;-0,69505775;0,11140892;-1,8879718;0,7041868;0,0;110
258;-0,6100392;0,25111827;-1,9420779;-0,12298091;0,0;110
259;-0,09055332;-1,569355;1,1389114;2,4503732;1,0;120
260;0,6503861;-0,067622595;2,2962766;-1,0030805;1,0;150
261;-0,19799823;-0,52611005;0,35057694;0,89761233;0,0;120
262;1,1797619;-0,1966393;2,8109438;-0,75357664;1,0;140
263;-0,45046604;0,046101525;-1,9674654;0,33356446;0,0;110
264;-0,1248296;0,035780117;-0,6323017;-0,95013714;0,0;120
265;-0,29876697;-0,89962906;0,8259524;0,21307048;1,0;130
266;-0,54888225;-0,9131626;1,0845689;0,93705106;1,0;130
267;-0,88134146;0,32607627;-2,6058168;1,7031554;0,0;100
268;-0,32012025;-1,0840986;0,8180857;1,7058649;1,0;120
269;-0,35935563;-0,2031336;-0,14423466;0,08873041;0,0;125
270;-0,1879154;-1,3071787;0,6014451;2,1211298;1,0;120
271;0,78976625;0,066415176;2,3485076;-0,5606288;1,0;150
272;-0,14517;0,23217344;-0,6450262;-1,3169646;0,0;120
273;1,0368801;-0,560703;3,147154;0,13022484;0,0;140
274;-0,34650862;-0,29398382;-0,7151142;0,8669472;1,0;110
275;-0,35400635;-0,14892805;-0,68736565;-0,12471033;1,0;120
276;-0,5139743;-0,2807334;-0,92705977;0,52454996;0,0;120
277;-0,33919907;-0,828726;0,31776667;0,8009881;0,0;130
278;-0,0628538;-1,631533;1,5214573;1,6629996;1,0;120
279;-0,04631437;0,028069302;-0,4089502;-0,26491773;0,0;120
280;-0,21238473;-0,92726016;0,4676383;1,0654218;0,0;120
281;-0,9324979;0,06768788;-2,4458792;0,6037128;0,0;110
282;-0,09135271;-0,49890214;-0,12748136;0,15222909;0,0;120
283;-0,48658186;-0,31061548;-1,3340302;0,33363634;0,0;120
284;-0,4999669;-1,3175505;1,354486;2,3682213;0,0;120
285;-0,4441638;0,21623148;-1,5347146;-0,597623;0,0;120
286;0,09850527;-0,4092136;-0,9166479;0,4363183;0,0;120
287;-0,736372;-0,18701531;-0,5515348;0,31462705;0,0;120
288;-0,7482614;-0,27639496;-1,3572258;0,1330791;0,0;120
289;-0,5396139;0,17938185;-1,5461818;0,2696758;1,0;110
290;0,75232387;0,08514197;1,0272802;-0,60692084;1,0;140
291;-0,1342001;-0,533199;0,78468204;0,94817495;0,0;120
292;0,59573317;0,6118467;0,5037743;-1,954799;1,0;160
293;-0,7842574;0,36001182;-2,420317;0,6275822;0,0;110
294;-0,9392592;-0,2660815;-1,6234304;-0,64996743;0,0;120
295;0,32843214;0,68302375;1,278153;-1,7821672;1,0;140
296;-0,58824974;-1,96342;2,0807946;2,1389832;0,0;120
297;0,31733987;-0,29938406;0,37940183;0,20635915;0,0;120
298;-0,77026325;0,1731004;-2,1449428;1,1059568;0,0;100
299;-0,24601355;-0,47626656;-0,979723;2,2279513;0,0;100
300;0,26913962;0,29336578;-0,060786426;-1,6027336;1,0;140
301;-0,54126924;0,22698356;-2,0839944;-0,32485077;1,0;110
302;-0,0112440605;0,056556676;-0,72951114;-1,3652093;0,0;130
303;-0,4081462;-0,17507783;-1,7417885;0,25171873;1,0;120
304;-0,18399534;-0,64167273;-0,06381975;0,9530628;1,0;120
305;-0,9717053;0,46704423;-3,4620144;1,3485029;0,0;90
306;-0,13564663;0,41297698;-0,25120682;-1,8920262;0,0;140
307;-0,91335785;0,59160316;-3,4731514;0,34117496;0,0;90
308;-0,72062266;-0,28626323;-1,2395805;0,26214418;1,0;120
309;-0,21220948;-0,47189116;0,54782796;1,3181572;0,0;120
310;-0,55328465;-0,27382016;-1,1180757;0,5522276;0,0;115
311;0,79798734;0,20221145;1,1970608;-0,1842988;0,0;140
312;-0,38862988;-0,167111;-2,1768029;0,021668725;0,0;100
313;0,7947841;0,5653736;1,5664544;-0,32354194;1,0;140
314;-0,62581575;0,3171878;-2,1993282;-0,13970532;0,0;100
315;-0,55263793;0,11996139;-2,2635863;0,3733039;0,0;110
316;0,57562375;0,5912539;0,8379982;-0,9750558;1,0;150
317;-0,37638596;-0,14931673;-0,7029011;-0,07950977;0,0;120
318;-0,62359625;0,142176;-2,3629904;0,32148778;0,0;110
319;0,4022058;-0,10581438;0,64459234;-0,608673;1,0;125
320;0,09036652;-1,0966667;0,8010509;0,6605296;0,0;120
321;-0,001832196;-0,4939406;-0,8967748;0,43198702;0,0;100
322;-0,06449575;0,18895203;-0,38994196;-0,24954471;1,0;120
323;-0,22357562;-0,7531105;-0,3392555;1,1171904;0,0;120
324;0,17488167;0,31904513;0,04920137;-1,0500932;1,0;130
325;-0,41155514;-0,40427375;-0,5274005;0,89764714;0,0;120
326;-0,7526463;0,27616647;-2,1047964;1,563549;0,0;105
327;-0,45458397;-0,18791586;-0,7273536;0,18581545;0,0;120
328;-0,031222135;-2,275431;2,6433122;1,9697154;1,0;130
329;-0,13409229;0,002586875;-1,0188153;-1,2371612;1,0;120
330;1,4772366;0,63926387;3,2068703;-0,41907737;1,0;150
331;0,42856663;-0,8729617;0,2530566;1,5838737;0,0;110
332;0,8071429;0,6558693;1,2866348;-0,89934206;1,0;160
333;-0,21237154;-0,55002683;0,8517989;1,1065336;0,0;130
334;-0,7459549;-0,47581685;0,20404531;-0,56632984;1,0;140
335;-0,33197853;0,4714254;-1,8088111;-2,0145566;1,0;120
336;-0,49028283;-0,21139131;-0,78286123;0,29631642;0,0;120
337;-0,18381496;0,24534291;-1,8306736;-2,8353603;1,0;130
338;0,6697167;0,63671434;0,6535504;-1,1261106;1,0;140
339;-0,14363353;0,22782321;-0,73877233;-0,93712175;1,0;120
340;-0,65572834;0,18837303;-2,5117743;0,75172734;0,0;100
341;0,67591506;-0,17054375;1,3258716;-1,709126;1,0;150
342;-0,55544186;0,2978866;-2,5430212;-0,49260274;0,0;100
343;0,66380644;-0,042155415;0,764294;0,08630861;1,0;140
344;-0,40327212;-0,19833852;-1,0030197;-0,1491822;0,0;120
345;1,2675664;-0,54190683;2,9092596;0,762022;1,0;135
346;-0,67764294;-0,18188718;-0,77785826;-0,2862383;0,0;110
347;-0,15145637;0,21280992;-1,7890743;-2,5309136;1,0;130
348;-0,05835761;0,51019555;-0,07593632;-2,0509582;1,0;130
349;-0,24013397;0,16875842;-1,2800448;-1,406224;0,0;120
350;1,9494369;0,08337302;3,965098;0,22926557;1,0;150
351;-0,47641173;-0,10720566;-1,3352118;-0,5538033;1,0;120
352;-0,11247064;0,013092566;-0,64763033;-0,9515406;1,0;120
353;-0,60955137;-0,100152805;-1,4150457;-1,0880733;0,0;120
354;0,43229002;-0,12603232;0,9827225;-0,13847947;0,0;120
355;0,26821697;-0,17343646;0,21771945;-0,4543343;1,0;130
356;0,32938334;0,34050095;-0,64364564;-1,902488;1,0;140
357;-0,2585871;-1,0292772;0,3913203;1,3615777;1,0;130
358;0,30314457;0,19620964;0,30454233;-0,068825096;0,0;120
359;0,1521785;0,36414415;-0,7623961;-1,0631919;1,0;140
360;-0,0055308617;0,07964751;-0,39164153;0,069781795;1,0;120
361;0,19627318;0,31861067;0,60447466;-1,6105905;1,0;160
362;-0,027030148;0,05573699;-0,37157774;-0,27866757;1,0;120
363;0,7594296;0,52705765;0,7461302;-1,2389741;1,0;140
364;0,5761654;-0,18637805;1,2834243;-1,1356337;1,0;130
365;-0,5771543;-0,15779446;-1,498703;-0,42294222;0,0;120
366;0,5700518;-0,12532489;1,4974991;-0,24900588;0,0;130
367;0,96545845;0,0352175;2,5775979;-1,8391031;1,0;160
368;0,3790851;0,26049727;0,7322912;-0,97718155;1,0;160
369;-0,24184191;-0,51171684;0,029907133;1,0531518;1,0;120
370;-0,63222444;-0,22290869;-1,9754117;-1,0460372;0,0;130
371;0,46841606;0,7290084;1,0868499;-1,5775466;1,0;150
372;-0,5486693;-0,33162385;-1,4414731;1,3477609;1,0;120
373;0,8617905;-0,8744105;1,7478135;1,2099012;1,0;120
374;-0,50587916;-0,2468134;-0,031486638;0,4984319;1,0;130
375;-0,17199498;0,20669186;-0,524407;-0,4155687;1,0;120
376;0,8358051;-0,9226642;1,9633353;0,74070156;1,0;120
377;0,9041021;0,3186425;1,6678051;-0,17088622;1,0;150
378;0,91682;-0,02356457;1,111367;-0,8030894;1,0;140
379;-0,067963414;-0,53658646;0,030573819;0,13789001;1,0;120
380;-0,28008178;-0,20101267;-0,41973913;0,23655903;0,0;120
381;-0,1544654;-1,1800412;0,654184;1,3009435;1,0;120
382;0,49968967;0,4778642;0,5575875;-0,6470766;0,0;140
383;0,008928824;0,14216965;-0,5220721;-0,7490107;0,0;130
384;0,3483243;0,025354646;0,63603914;-0,48567477;1,0;130
385;-0,62842184;-0,32579166;-0,48147023;1,0787625;0,0;120
386;2,0860314;1,2192441;2,9461384;-1,6373807;1,0;190
387;-0,67016214;-0,48105878;-1,0782436;0,918615;1,0;120
388;0,93780833;0,47119182;2,3079333;0,34916744;1,0;150
389;0,7116516;0,00036901236;0,8975047;-0,1638914;1,0;130
390;-0,72744757;-0,34912294;-1,4572746;-0,25097528;1,0;130
391;0,501043;0,019621538;1,2353867;-0,3260662;1,0;150
392;0,15267317;-0,45008588;-1,2005593;0,33428037;0,0;100
393;-0,26692143;-1,5924376;1,2928681;1,8383927;0,0;120
394;-0,3963839;-0,2387413;-0,5117669;0,46524838;0,0;120
395;-0,5161094;-0,063433826;-1,1519157;-0,80730927;0,0;120
396;0,8737409;0,31107736;2,4312668;0,46274504;1,0;145
397;-0,51501447;-0,10934879;-1,1761616;-0,41793895;1,0;120
398;1,2171052;1,4314432;2,3756082;-2,8149467;1,0;170
399;0,2235187;-0,19947465;0,31604508;0,011211395;1,0;140
400;0,4666951;0,58009493;0,7021823;-0,34818092;1,0;140
401;0,017377686;0,06315106;-0,3753397;-0,2632563;1,0;120
402;0,0049163424;0,45352823;0,5358866;-1,406388;0,0;130
403;-0,14156929;0,0163716;-1,3694366;-0,95135295;0,0;120
404;0,33851814;-0,2314804;0,3265686;-0,13588941;1,0;130
405;-0,3467596;-1,1698838;1,1303333;1,0302029;1,0;130
406;-0,23336424;-0,24660487;-0,75762343;0,07237205;0,0;120
407;-0,6229228;0,24441642;-2,1127305;-0,15997738;1,0;110
408;0,5322662;-1,1469998;0,56084013;2,1706514;0,0;110
409;-0,6806965;0,55667895;-2,5700667;-1,3339;0,0;110
410;-0,75851387;0,21554455;-2,4284852;1,4675019;1,0;90
411;-0,030942287;0,11823794;-0,756475;-0,8375274;1,0;130
412;0,10363703;0,62520695;0,14792337;-2,549071;1,0;150
413;0,7887315;-0,040343888;1,0236021;-0,84916353;1,0;140
414;0,053935837;-2,8863807;3,8939996;3,4648;1,0;120
415;0,34245625;0,43545264;-0,10646802;-1,4778891;1,0;140
416;-0,50151235;-1,0712439;1,1867781;0,18212548;1,0;140
417;-0,5630744;-0,2682038;-1,1385307;0,38794306;1,0;120
418;0,20491761;0,28581366;0,12425344;-1,171746;1,0;150
419;1,2668021;0,2781489;2,49802;-1,6295726;1,0;150
420;0,7688562;-1,2671918;0,35132942;3,9374087;1,0;90
421;1,8562422;0,24729234;3,6105025;-0,036336914;1,0;150
422;0,15324016;-1,0875552;0,68022346;0,9021288;1,0;120
423;0,30705735;-0,25656414;0,1611616;0,23209432;0,0;120
424;0,027796095;-0,9498658;0,36517316;0,7278788;0,0;120
425;-0,15957151;0,052628823;-1,154203;-1,1452274;1,0;120
426;-0,10289279;-1,1728743;0,5511808;1,380125;0,0;120
427;0,6178232;0,7580301;0,7453188;-2,0044465;0,0;150
428;-0,4358641;-0,34342915;-0,1556141;0,5880147;1,0;130
429;0,70835125;0,28212434;2,986073;1,5180625;1,0;130
430;-0,29932544;-1,2158086;-0,08066018;2,375155;0,0;120
431;-0,01228391;-1,3360379;1,429583;1,3525163;0,0;130
432;0,08833399;0,22430055;-0,061267763;-1,4015863;1,0;140
433;-0,47711504;-0,1495748;-0,6472019;0,10790725;0,0;120
434;0,1647683;0,40444332;-0,40205088;-2,0518184;1,0;140
435;-0,06504488;-0,58218205;-0,2642983;0,1150136;0,0;120
436;-0,8259832;0,07077242;-1,8295149;0,89075434;0,0;110
437;-0,09063569;0,095947444;-0,88766026;-0,7059524;1,0;120
438;-0,68177634;-0,43669194;-0,71822596;1,2350769;0,0;120
439;-0,54495627;-0,118775696;-1,1280677;-0,8048934;0,0;120
440;0,36312526;0,40395802;0,49773186;-2,6316173;1,0;140
441;-0,41209182;-0,14957789;-1,1677728;-0,34443897;1,0;120
442;-0,050499402;-0,45705235;0,47680068;1,049406;0,0;130
443;0,59511876;0,5888706;-0,05621113;-1,936688;1,0;140
444;1,1153743;-0,0039829127;2,9838197;0,9225123;1,0;160
445;0,27952653;-0,25447083;0,03853092;0,060397133;0,0;120
446;1,6500267;0,7026428;2,8726578;-0,31793222;1,0;160
447;-0,6034214;-0,3965767;-0,8466986;0,95165837;0,0;120
448;-0,5442079;-0,26875293;-1,5330477;1,039485;0,0;120
449;0,005576489;0,021084731;-0,35654524;-0,28384858;0,0;120
450;-0,19441675;0,179122;-0,54625475;-0,9617475;1,0;120
451;0,5806054;-0,0945694;1,756533;-0,9171772;1,0;140
452;1,4729303;-0,21719433;2,9341533;0,685935;1,0;150
453;-0,5284714;-0,42988873;-0,8227298;1,1917028;1,0;120
454;-0,5164397;-0,29065883;-0,9904319;0,41223797;0,0;120
455;0,08398254;-1,1644276;0,36986864;1,6148276;0,0;110
456;0,8758378;0,11339131;1,1137844;-0,28688526;1,0;140
457;-0,5939345;-0,19325483;-1,0482949;0,12389858;0,0;120
458;2,3503919;2,286339;2,3951905;-4,504616;1,0;180
459;0,5072098;0,37885463;0,45440182;-1,4820952;1,0;150
460;0,012777062;-0,41928548;-0,76047516;0,9457929;0,0;110
461;-0,4762658;-0,30383158;-1,3179896;0,30170402;1,0;120
462;0,13025664;0,33791965;-0,58971584;-1,2981888;1,0;140
463;0,2180516;-0,73810196;-1,5737106;1,3346596;1,0;110
464;-0,2218086;0,13022298;-2,0413923;-1,7140272;0,0;120
465;-0,34565654;0,22330241;-1,628387;-0,73453987;0,0;100
466;0,4953673;-0,042235486;1,630762;-0,7742764;0,0;140
467;-0,42636696;-0,10837838;-1,0183225;-0,38734782;0,0;120
468;0,29861763;-0,33458507;-0,28648245;-0,6343236;1,0;120
469;1,0679911;0,74514425;1,382138;-2,0069187;0,0;150
470;0,48338324;-0,4854985;0,47461227;0,14330477;0,0;120
471;-0,3516726;-0,15692803;-0,748055;-0,24356686;0,0;120
472;0,22492813;-0,38345927;-0,62727356;-0,43757638;0,0;110
473;0,3585412;-0,4364735;0,26634324;-0,6377784;1,0;120
474;-0,08584811;-0,7247087;-0,06079948;0,44766393;0,0;120
475;0,32418182;-0,2452301;-0,06895056;-0,025552945;0,0;120
476;-0,039704744;0,08447787;-0,45981735;-0,6505897;1,0;120
477;0,35250166;-0,28054243;0,4493874;0,37590632;0,0;120
478;0,13518265;-1,1160656;0,7056806;0,7509872;0,0;120
479;-0,40835926;-0,14743109;-0,8560834;0,27338985;1,0;130
480;-0,5248512;0,10049945;-1,4442928;0,7782496;0,0;110
481;0,5954492;-0,4525621;0,9105997;0,57346153;0,0;120
482;0,41618145;-0,46149713;0,21176057;-0,05317824;1,0;120
483;0,33582175;0,4864453;0,34261566;-0,55077636;0,0;130
484;0,90765035;0,21734124;1,4361192;0,18749376;1,0;140
485;-0,08030993;-0,8956587;0,054155357;1,0514042;0,0;120
486;-0,101129025;0,15851228;-0,30062208;-0,17291605;1,0;120
487;0,6644946;-3,4001472;5,088377;4,013444;1,0;120
488;0,28733602;-0,37115717;-0,35917354;-0,35866302;1,0;120
489;0,3200739;0,26815477;-0,035336465;-0,805367;1,0;130
490;-0,5112912;0,165934;-2,020446;0,061271973;1,0;110
491;-0,40534997;-1,522458;1,42797;1,5378349;0,0;120
492;0,4225466;-0,29695088;0,45581958;-0,6978636;0,0;130
493;-0,083812274;-0,8962957;-0,18973398;1,1312122;0,0;120
494;-0,49309587;0,23110303;-2,0199072;-0,45243177;0,0;110
495;-0,12431327;0,021950563;-0,69674957;-1,0429851;1,0;120
496;2,3094103;1,1029294;3,915467;-1,9659994;1,0;180
497;0,43618813;-1,2468266;0,54208803;2,8956547;0,0;110
498;-0,5142167;-0,07402681;-1,0561705;-0,59087336;1,0;120
499;-0,53896725;-0,73854387;0,5340487;1,9225129;1,0;130
500;1,1984655;-0,8692193;2,6635163;1,8390568;1,0;130
501;-0,6733945;0,23127684;-2,09685;-0,12244353;0,0;110
502;-0,586947;-0,41986966;-2,481508;-0,09194644;0,0;120
503;-0,4396002;-0,27614367;-0,6801344;0,33363587;1,0;120
504;0,8319218;-0,008683685;0,94504774;-0,810153;1,0;140
505;0,41157135;-0,15876229;0,83509266;0,27979305;0,0;130
506;0,14488657;0,3207755;0,113838166;-1,9357026;1,0;140
507;-0,29958943;-0,047609292;-1,6770358;0,09832524;0,0;110
508;-0,18307695;0,15881383;-0,522912;-1,0359122;1,0;120
509;0,04511018;-0,3835714;-0,81766236;1,013761;1,0;100
510;0,026071234;-0,7588585;0,092877224;0,10325579;1,0;140
511;1,1329863;-0,07857842;2,218138;-0,3845742;1,0;150
512;1,8705596;0,46724594;3,3708036;-0,65424764;0,0;160
513;0,8659622;0,2651384;1,3924481;0,17593177;1,0;140
514;0,2233857;0,26188755;0,48248163;-0,73591316;1,0;130
515;-0,1339992;-0,7456996;-0,10872926;0,6813613;0,0;120
516;1,5493641;0,80848324;3,505164;-0,18757762;1,0;150
517;-0,52145225;-0,19310175;-0,90200615;0,46231374;0,0;115
518;0,7092291;0,40922838;0,8999638;0,07300456;0,0;140
519;0,10942727;0,113283075;-0,70418;-0,96747696;1,0;120
520;-0,027068164;-0,6605074;-0,23577672;0,027817786;0,0;120
521;-0,38895595;-0,1436275;-1,2737504;-0,58917046;0,0;120
522;-0,45976594;-0,2577229;-1,0578383;0,6391171;1,0;110
523;0,4867388;0,46519238;0,46751058;-1,5766182;1,0;150
524;-0,5333529;-0,27162337;-0,7918172;1,1698596;0,0;110
525;1,560961;-0,25392646;3,6561298;1,2648647;0,0;130
526;-0,1689112;0,083300024;-1,1076603;-1,006798;0,0;120
527;0,5110992;-0,53238225;0,57489824;0,027499735;1,0;120
528;-0,5341019;-0,20125538;-1,6235402;-0,4842585;1,0;120
529;-0,51256025;-0,07054412;-1,2003953;-0,73324883;0,0;120
530;0,16899072;-1,1613563;0,6392349;1,713268;1,0;120
531;-0,073981464;0,07034172;-0,9907714;-1,2192234;1,0;120
532;-0,33456624;-0,708428;0,3986418;1,9219667;1,0;120
533;0,114423975;-0,40126723;-0,90469635;0,2773924;1,0;130
534;0,54298383;-0,6564322;0,7376219;0,8098631;0,0;130
535;-0,16721566;0,19206318;-0,54670143;-1,4709413;1,0;125
536;-0,36167678;-0,14309645;-1,8692529;-0,09089966;0,0;120
537;0,19015095;-0,13033865;0,6620973;0,47696874;1,0;120
538;0,63620526;0,6041512;0,67274135;-1,5024865;1,0;140
539;-0,49083275;-0,46879143;-0,24968272;-0,117965735;0,0;160
540;-0,639752;-0,19390409;-1,1602973;-0,028099826;0,0;120
541;1,4837124;1,3516365;2,0943313;-1,9446431;1,0;140
542;0,63082063;0,6217252;0,985266;-1,2307687;1,0;160
543;-0,3693605;-0,22273614;-0,64351374;0,13898064;0,0;120
544;0,86478525;0,20447956;1,9984102;-0,37998593;1,0;150
545;1,2286776;0,98455244;1,4556403;-1,9261727;1,0;160
546;-0,16558541;-2,0992525;1,2892427;2,8834589;1,0;110
547;-0,18758751;-1,318327;0,74192;1,2173418;1,0;130
548;-0,46431693;-0,2806698;-1,1025939;0,21979073;0,0;120
549;-0,19264483;-0,4912761;-0,9020934;0,9655726;0,0;120
550;-1,1878977;0,2739059;-3,4602015;-0,79355323;0,0;100
551;-0,34331664;0,035972048;-1,3291423;0,3283784;1,0;110
552;1,0541079;0,13096598;2,5744598;0,8551055;1,0;140
553;-0,7719488;0,25268647;-2,5419211;0,7288711;0,0;120
554;0,86039686;0,29517323;1,3594052;0,30168054;1,0;140
555;-0,5974389;-0,25186032;-0,3686029;0,78712034;0,0;120
556;-0,5582271;0,15222305;-1,734422;0,39241987;0,0;110
557;-0,7627538;0,3658632;-2,1898954;0,61551285;0,0;110
558;0,8459973;0,12975234;1,414981;-0,74795187;1,0;130
559;-0,42720845;0,19586916;-1,2804579;-0,25186682;1,0;110
560;0,22127081;0,69037545;1,2517271;-2,217511;1,0;160
561;-0,13300322;0,18671012;-1,0488267;-1,0006447;1,0;120
562;-1,0361072;-1,4284475;3,062057;1,9439757;1,0;130
563;0,26278123;-0,9231599;0,22389135;1,9388486;0,0;110
564;-0,8280853;-0,12388909;-2,723872;-0,6692488;0,0;110
565;0,28689763;0,46802026;-0,27979174;-1,7021604;1,0;140
566;0,13209072;-0,55454195;-0,7414037;0,18529351;0,0;120
567;0,117572896;-0,6083551;-0,6091442;1,2435243;0,0;110
568;-0,5525604;0,5458575;-1,7135366;-1,1401222;1,0;110
569;-0,5502457;-0,12644844;-1,0695833;0,3186863;1,0;110
570;-0,81017315;-0,3471899;-0,33096567;0,51027775;1,0;130
571;-0,55717564;0,13612542;-1,4152322;0,42361102;0,0;110
572;-0,1621001;0,15013722;-1,2467362;-1,378359;1,0;120
573;0,16683863;-0,122827336;0,4229886;0,45561722;1,0;120
574;-0,11350592;0,061869994;-0,9000342;-0,65236735;0,0;120
575;-0,7361593;-0,2417102;-0,34980592;-0,38283917;0,0;120
576;0,5058651;-0,009771779;1,3429459;-0,14553005;1,0;130
577;-0,39790046;-0,5449695;0,42551112;2,4297771;0,0;120
578;-0,7472519;0,32857352;-3,2145948;-0,25200924;0,0;100
579;0,13586922;-1,0012959;0,3858584;0,73044527;1,0;140
580;-0,32353604;-2,3960497;2,8811421;3,036257;1,0;140
581;0,9161821;-0,38519228;2,3846917;-0,27767763;1,0;140
582;-0,1014643;0,38707072;-0,07793534;-1,0975826;0,0;140
583;0,02770532;0,31546617;-0,21659169;-0,44425282;1,0;130
584;-0,15237932;0,010766635;-1,3701619;-1,335696;1,0;120
585;-0,60686713;-0,54197365;-0,67128706;1,7561853;0,0;120
586;0,3571316;0,4196912;1,194172;-1,8896906;1,0;140
587;-0,9879387;0,15893741;-2,7822654;0,5755676;0,0;100
588;-0,24827835;-1,2935195;0,87472177;1,0399637;0,0;120
589;0,22159787;-1,5490689;1,5814816;1,4130619;1,0;120
590;-0,31647047;-1,5148426;0,9341912;1,7356238;0,0;120
591;-0,23128021;0,121327125;-1,3076688;-1,8207817;1,0;120
592;1,2422668;-0,39258665;3,3943925;-0,44825348;1,0;140
593;0,1812929;0,2795505;-0,1907669;-0,5364231;1,0;120
594;0,3811491;-0,29404604;0,049660183;-0,4752179;0,0;120
595;1,4960836;0,6897746;3,3801417;-0,53977585;0,0;150
596;0,064947106;-0,971863;0,35410812;1,0192847;0,0;120
597;-0,35219294;-0,80767334;0,18387078;1,7990806;0,0;120
598;0,29915223;-0,39875454;-0,11645982;-0,9005518;1,0;120
599;-0,52910995;-0,30641758;-1,5657471;0,21775973;1,0;120
600;-0,032327533;0,065864556;-0,61341465;-0,3936005;0,0;120
601;-0,71561885;0,13339952;-2,1748526;0,4525853;0,0;110
602;-0,33271056;-0,16194507;-0,7088176;-0,10656581;0,0;120
603;-0,045879226;-0,948519;0,049212754;1,0140197;0,0;110
604;-0,4953654;-0,07150715;-1,2167891;-0,7214558;0,0;120
605;0,10191143;0,3281647;-0,8507304;-1,343543;1,0;140
606;1,549388;-0,5792516;3,4628646;1,3851612;1,0;140
607;-0,5645585;-0,3768456;-0,9498224;1,9021764;0,0;120
608;0,0051179617;-1,4050714;1,1191372;1,1164722;0,0;120
609;0,53318083;-1,4043664;0,60315037;2,5086272;0,0;110
610;2,0709722;1,3079908;3,819887;0,116308495;1,0;170
611;-0,5269127;0,22821131;-2,0648952;-0,36287257;0,0;110
612;-0,17946424;0,16160928;-0,41539913;-0,60982025;0,0;120
613;-0,5569613;-0,18418919;-1,5596175;-0,33815426;1,0;120
614;0,31173688;-0,39778584;-0,2145702;-1,0902877;1,0;120
615;0,4395714;0,30188835;0,37956625;-0,96032107;1,0;140
616;-0,31971171;0,29687196;-1,4174552;-1,159821;0,0;130
617;0,20915498;-0,42679143;-0,55936444;0,25725356;1,0;113
618;2,6909347;0,47380102;4,8571596;1,1028697;1,0;170
619;-0,6023203;-0,112383395;-0,59009564;-0,5993645;1,0;110
620;-0,3417993;-2,1813812;2,8397021;1,924865;1,0;130
621;-1,1379374;-0,58368236;-0,74016774;-1,2305145;1,0;140
622;-0,49341488;-0,37812555;-0,7751857;0,8849399;0,0;120
623;-0,2968837;-0,58748037;0,42182845;1,5611453;1,0;120
624;0,7556723;-0,1272117;1,881345;-1,9166938;1,0;140
625;0,5404067;-0,14171094;1,3001932;-0,421001;1,0;130
626;0,25909373;-0,17762162;0,40233788;0,40614697;1,0;120
627;0,7418957;0,04643692;2,434761;-0,56125927;1,0;150
628;1,0411464;0,1871284;2,004419;-1,3222189;1,0;160
629;0,24738328;0,25102478;0,5594796;-1,9151042;1,0;150
630;-0,899343;-0,5127287;0,6153151;-0,2719162;1,0;140
631;1,0121158;0,44459462;2,6735065;0,4408181;0,0;170
632;-0,15169796;-0,6659175;0,39833876;0,84329796;1,0;120
633;-0,58218306;-0,2543218;-1,0455674;0,4332044;0,0;120
634;-0,3364354;-0,13996896;-0,58041704;-0,13882795;1,0;120
635;0,70178795;0,62303615;1,0575796;-0,79808855;1,0;140
636;0,007696951;-1,7968407;1,806545;1,8417943;0,0;120
637;0,33817804;0,39127117;0,78513664;-1,0246211;1,0;140
638;-0,21080226;0,13376701;-1,340871;-1,1039817;1,0;120
639;1,9645092;1,4852021;2,922438;-0,6144053;1,0;180
640;-0,4357826;-0,068123356;-1,2086093;-0,81870115;0,0;120
641;0,376835;0,0020370819;1,3318367;-0,35211852;0,0;150
642;-0,15121855;-0,6168486;-0,13241458;1,0678434;0,0;110
643;1,0733731;-1,1979533;2,9169846;2,750017;1,0;150
644;-0,523275;-0,26094842;-0,63153315;0,54993844;0,0;120
645;-1,1163579;0,33410674;-4,02791;-0,22535135;0,0;90
646;0,13491897;-0,12277715;0,21622501;0,2689193;0,0;120
647;-0,13842937;-0,42413425;0,16240223;0,5871999;0,0;120
648;-0,17304306;-0,5488898;0,47623196;0,8684192;1,0;140
649;-0,175221;0,111741215;-1,2896458;-1,328333;0,0;120
650;0,8560409;0,22946489;1,9954109;0,3216369;1,0;140
651;0,19079664;0,027486179;-0,019639395;-1,1938324;1,0;150
652;-0,6453279;0,014943032;-1,6822511;1,1898406;1,0;110
653;0,3719647;0,63458836;0,9698158;-2,629981;1,0;160
654;0,6702489;0,3901015;0,8426227;0,057852626;0,0;140
655;-0,41122994;-0,13891862;-0,9979613;-0,26798242;1,0;120
656;-0,5032928;-0,29384148;-0,41509262;0,13080858;1,0;130
657;0,41281635;-0,16801202;0,5453567;-0,20988446;0,0;120
658;-0,400229;-0,08733764;-1,2663332;-0,7163297;0,0;120
659;0,13315703;0,08198124;0,06649434;-0,59437287;1,0;120
660;-0,5776615;0,21108364;-2,386319;0,31191066;1,0;100
661;-0,16152562;-0,47428113;0,56193125;0,6374537;0,0;125
662;-0,57499427;-0,21385746;-1,3362384;-0,048443787;0,0;120
663;-0,640939;-0,45516425;-0,9961039;1,141536;1,0;120
664;-0,36668378;-0,11842553;-0,62580574;-0,2002914;1,0;120
665;-0,10434511;0,18059216;-0,3602949;-0,7366681;0,0;140
666;0,011126615;0,2961285;-0,5101538;-0,62096715;1,0;130
667;-0,5074603;-0,20629446;-0,7002801;-0,14084217;0,0;130
668;0,4907021;0,8904248;0,87459314;-2,4959884;1,0;150
669;-0,49048063;-0,32960725;-0,39188778;0,861536;0,0;120
670;-0,9532143;0,39356202;-3,7390037;-1,8528967;0,0;110
671;0,35948238;-0,33451807;-0,10449721;-0,47181365;0,0;120
672;-0,43943682;-0,21688421;-0,99476933;0,0894731;0,0;120
673;0,16943212;0,19574536;0,5908756;-1,1004192;1,0;135
674;-0,5206183;-0,30166703;-0,30972806;-0,31589147;1,0;140
675;1,6864967;0,6714221;3,0072176;-1,391968;1,0;160
676;-0,7425966;0,29882842;-1,9215461;0,60491455;0,0;120
677;1,4276493;0,18722664;2,7369447;-1,4354523;1,0;170
678;-0,6776686;0,060987525;-1,7007108;1,2781289;0,0;110
679;-0,6948497;0,04360576;-1,3254989;1,8100306;0,0;110
680;-0,8511575;-0,5867447;-0,41655493;-0,022678971;0,0;170
681;0,90504175;0,12912849;1,9157859;-0,24192405;0,0;145
682;-0,78849;0,08203189;-2,0316713;1,0008354;1,0;110
683;-0,38097373;-0,14803183;-0,92284155;-0,24132246;1,0;120
684;0,46805808;-0,2509247;0,8858564;-0,6001961;1,0;130
685;0,3760898;-0,3906412;-0,32145116;-0,9034805;0,0;120
686;-0,2917688;-0,6531199;-0,79581875;2,4626217;0,0;110
687;0,7829933;0,19130407;2,121645;-0,39612496;0,0;150
688;0,7519595;-0,0020111464;1,6601417;-0,44508407;1,0;140
689;-0,35803863;-0,10041982;-1,0342728;-0,6345357;1,0;120
690;0,7065551;-0,6331303;1,3678982;0,93166757;1,0;120
691;-0,48442903;-0,10123888;-0,6099515;-0,07014073;0,0;120
692;0,89337844;-0,07811981;1,2894753;0,18695922;0,0;130
693;-0,46766067;-0,27642262;-0,8663336;0,3616269;0,0;120
694;0,4835197;-0,14017384;0,88937855;-1,0843748;1,0;150
695;-0,87378895;0,43061256;-2,2279868;1,0722599;0,0;100
696;-0,12735464;0,21792822;-0,72895515;-1,7028637;0,0;150
697;0,48099735;0,65787995;0,25354016;-1,1053038;1,0;150
698;0,41489822;0,34994018;-0,15373904;-0,8521614;1,0;130
699;-0,71318007;0,26009226;-2,624238;-0,4804915;0,0;110
700;0,0028310972;0,07671347;-0,39853925;-0,99953485;0,0;130
701;0,008825278;0,19253789;-0,039034843;-1,2437549;1,0;140
702;-0,15191205;0,020312315;-1,416785;-1,253463;0,0;120
703;1,5726244;0,37656325;2,976571;0,10576412;1,0;150
704;-0,016721591;-0,45983785;-0,7796104;1,1591945;0,0;110
705;0,3711972;-0,46559513;0,095785365;-0,2876613;1,0;120
706;0,6628183;-0,36529487;1,7131553;0,74869823;1,0;130
707;-0,48018935;-0,12254128;-0,52675176;-0,19718996;1,0;120
708;1,436636;-0,5151009;3,977289;0,107194886;1,0;140
709;1,3232874;1,157614;1,4340963;-2,8905265;1,0;165
710;-0,6441918;-0,45431626;-0,2899859;0,8502238;0,0;130
711;0,09292694;-0,48482996;-1,1184094;1,0145073;0,0;120
712;-0,7233929;-0,6373311;0,87133574;0,22576848;0,0;140
713;-0,59560305;0,27526492;-2,0104802;0,082117066;0,0;100
714;0,30003676;-0,33839762;-0,21104974;-0,07523097;1,0;120
715;0,16590616;-0,7041676;-1,3338804;2,316106;0,0;100
716;-0,036853794;-0,6314515;-0,3316719;0,30247587;0,0;120
717;0,55200267;0,118765116;1,666913;0,9009372;1,0;140
718;-0,61147153;-0,32074702;-1,5925531;0,29094476;0,0;120
719;1,7374467;-0,1578564;3,704727;0,17711371;1,0;180
720;-0,67361265;-0,25056988;-1,3904129;-0,1574268;0,0;120
721;0,67675877;0,07014469;1,2683315;-0,58596194;1,0;140
722;0,5250214;-0,13750584;2,0904682;0,6747892;0,0;140
723;1,025396;-0,6216085;2,3928435;0,33537242;0,0;130
724;1,260969;-0,08238853;2,503641;0,04228732;1,0;150
725;1,4585022;0,9732509;1,432328;-0,6895344;1,0;160
726;0,98461294;0,9130231;1,3483381;-2,090037;1,0;165
727;-0,41194195;-0,704123;0,85131603;2,5965652;0,0;120
728;0,4513582;-0,21479242;0,60156775;-0,1072455;0,0;130
729;-0,3851175;-0,09224762;-1,193788;-0,66693866;0,0;120
730;0,6783007;-0,20753503;1,1775247;-2,1268559;1,0;150
731;-0,5249865;-0,21779834;-0,9535769;0,2500758;0,0;120
732;1,0437603;-1,0730641;2,5914285;1,2355764;1,0;120
733;-0,6518029;-0,29121906;-1,5388554;0,20237884;1,0;120
734;1,170396;-1,2102094;2,9655542;1,8029861;0,0;120
735;-0,44893077;-0,34335554;-0,64572966;-0,27488846;1,0;140
736;-0,5410121;-0,3096215;-0,394574;1,0377381;1,0;120
737;-0,24062154;-0,42641753;0,83172023;0,5316993;1,0;140
738;0,42061108;-1,014026;0,19934414;1,552897;1,0;110
739;0,7600677;0,77505195;1,2964169;-1,3688145;1,0;150
740;0,11380952;0,07611707;-0,14506987;-1,2447107;1,0;140
741;0,08780503;-0,9463617;-0,06896955;0,8797817;0,0;120
742;-0,109926865;-0,003930252;-0,75940406;-0,9563916;1,0;120
743;-0,099771746;-0,32100356;1,4918735;1,6178207;0,0;120
744;-0,045692608;0,04906714;-0,36919114;-0,42658246;0,0;120
745;-0,5847134;0,090034455;-1,8027735;0,8528106;0,0;110
746;0,30497262;-0,23832043;-0,108852565;-0,33650723;1,0;120
747;0,6451056;-0,37162966;1,188117;-0,5154401;0,0;140
748;2,550745;0,43544835;4,6827393;-0,049725257;1,0;170
749;-0,098580144;-0,024362274;-0,6779535;-0,2955464;0,0;150
750;-0,14811048;-0,5798402;0,47653133;0,9376868;0,0;120
751;-0,12362207;0,08241921;-1,1254674;-0,8389368;1,0;120
752;-0,5880704;-0,30324715;-0,8980528;-1,0465806;0,0;130
753;-0,5612453;-0,40924197;-1,2997967;0,8807057;0,0;100
754;-0,43860188;-0,16407669;-0,5884441;-0,36347792;0,0;130
755;-0,41466826;-0,22032775;-0,30313474;0,4563851;1,0;120
756;0,6181571;-0,5306899;0,9168819;0,54291105;1,0;120
757;0,4274465;0,37997282;0,59065783;-1,0000402;1,0;140
758;1,0835106;0,85994756;1,4473311;-1,9837863;1,0;170
759;-0,65862566;-0,07717603;-1,9813628;-1,515425;0,0;120
760;-0,43681192;-0,22039421;-1,05517;-0,045364752;0,0;120
761;-0,081782945;-0,64086854;-0,16786915;0,17936623;0,0;120
762;-0,44784072;-0,27141577;-2,0121205;-0,11011638;0,0;110
763;-0,561673;-0,2908312;-1,1918166;0,29472467;1,0;120
764;-0,22624536;-0,9131023;0,549037;1,0784273;0,0;120
765;-0,48849154;-0,052411802;-1,3978479;-0,2920882;0,0;110
766;-0,050486963;0,086237274;-0,6419287;-0,69026387;0,0;120
767;-0,06669065;-0,6552207;0,17368303;0,39716354;1,0;120
768;-0,4927467;-0,17836519;-1,5059882;-0,47481477;0,0;120
769;-0,42924026;-0,29461962;-0,3108675;0,8161788;0,0;120
770;0,010426125;-0,40916836;-1,2054901;1,9872508;1,0;110
771;-0,10189714;-0,45063323;-0,18336913;0,86133456;0,0;110
772;0,46737808;-0,5261091;0,46339703;-0,24974436;1,0;120
773;0,5333935;0,5095258;0,7059418;-0,34604472;1,0;140
774;-0,50253177;-0,22990914;-0,44139028;0,28830656;0,0;120
775;0,55807287;-0,032338522;1,0473788;0,26426747;1,0;140
776;-0,17736392;-2,1650631;2,1131866;2,667421;0,0;120
777;-0,56366366;0,25561076;-1,9712219;-0,7699368;0,0;120
778;-0,16274872;-0,494025;1,0315361;1,280941;1,0;120
779;0,5655336;-0,12637855;1,1902984;-1,5048018;1,0;140
780;-0,7894905;-0,37440223;0,009766545;0,8307997;0,0;130
781;0,15766096;-1,0375054;0,8756542;0,8179643;0,0;130
782;-0,04833105;-0,4083414;-0,35027224;0,9453478;1,0;120
783;1,5813879;-0,9901342;4,0200777;2,1078012;1,0;136
784;0,82090616;-0,31436646;1,7827817;0,03426726;0,0;130
785;-0,44799432;-0,30429453;-0,44603986;0,23287007;0,0;130
786;0,61322194;0,70049065;0,9228313;-0,8782184;1,0;140
787;0,37435132;-0,24230619;0,45235822;0,08023475;1,0;120
788;-0,23496087;-0,50051606;0,59653425;1,7790357;0,0;110
789;-0,54810405;0,056405395;-1,3873557;-0,36129802;1,0;130
790;-0,6908616;0,34424275;-2,259919;-0,16085783;0,0;100
791;-0,4509311;0,23987532;-1,7497916;-0,37336013;0,0;110
792;-0,41962305;-0,1544993;-0,6424267;0,04551664;0,0;120
793;-0,24498802;-0,041081503;-1,8159735;-1,2573588;0,0;120
794;-0,34669057;-0,61196303;0,41616464;1,8097626;0,0;120
795;-0,08675772;-0,6227485;1,0710009;1,3545961;1,0;130
796;-0,40638974;-0,18772867;-0,96228063;-0,5970799;1,0;110
797;-0,35338047;-0,26116735;-1,0966811;-0,006450519;1,0;120
798;-0,5479656;-0,115266785;-1,9270208;-1,0302808;0,0;120
799;1,1929717;-0,41495872;3,1792057;-0,02845496;1,0;150
800;0,20954439;0,24603121;0,229571;-0,89054656;1,0;130
801;1,1375284;1,0357538;1,8492072;-1,0638466;0,0;160
802;-0,31051427;-0,5986589;0,26334056;1,7032746;1,0;120
803;1,7856864;1,3081411;1,4182541;-2,4289446;1,0;160
804;0,15009652;0,29165632;0,19588397;-2,0394242;1,0;140
805;-0,40564612;-0,1726687;-1,26491;0,08038591;1,0;110
806;0,9742041;-0,09977576;2,25706;-0,27903804;1,0;145
807;-0,2678797;-0,49819094;0,042456664;1,3264718;1,0;120
808;0,003966922;0,38081872;0,27221146;-1,6283432;1,0;130
809;2,6548107;0,70614135;4,695636;-0,7978256;1,0;180
810;-0,33434758;-0,16795367;-0,9447663;0,15534481;0,0;110
811;-0,31215718;-0,34367263;-0,049441524;0,6728653;1,0;120
812;-0,6048159;-0,039792165;-1,5504634;-0,28427508;0,0;110
813;0,30259588;0,3434056;0,933633;-1,0395396;1,0;140
814;0,44216383;0,23220405;0,07999548;-0,5565704;1,0;130
815;-0,06975536;-0,83880985;0,022048179;0,7379682;1,0;120
816;1,1758327;-0,19156106;2,015383;0,20341912;1,0;140
817;0,6505607;0,3988214;1,1375152;0,21703047;1,0;140
818;-0,28624436;-0,50428677;-0,78262675;2,0955517;0,0;110
819;-0,00934758;0,2689097;-0,9238731;-0,96859777;0,0;130
820;3,933812;2,3065166;5,3674583;-2,386994;1,0;200
821;0,8459688;0,049693882;0,94021785;-0,6871983;1,0;140
822;-0,49571666;-0,37292612;-1,9410493;1,8140434;0,0;110
823;-0,6458133;-0,34947103;-0,6676791;1,0394127;0,0;120
824;-0,61439943;-0,42514414;-0,3489746;1,4305546;0,0;120
825;0,3142872;0,5051551;-0,74616945;-1,2850702;1,0;130
826;-0,4554802;-0,19441967;-0,5815631;0,30817005;0,0;120
827;1,8881334;1,4561516;2,4682264;-2,5456038;1,0;180
828;0,523509;-0,20705977;0,58363724;-0,37732014;1,0;140
829;-0,6685529;0,038151324;-1,3295467;1,568119;0,0;110
830;0,17492126;0,25511605;0,25728977;-1,6060042;1,0;140
831;0,4155023;-0,19898638;0,78687775;0,41906205;1,0;130
832;-0,5425366;0,14943409;-1,4148685;0,5845387;0,0;110
833;-0,37436894;-0,17685102;-0,6126747;0,10908851;0,0;120
834;-0,51203966;0,36716223;-1,9003644;-0,7468138;0,0;110
835;-0,9352769;0,37274325;-2,8024092;1,6097476;0,0;100
836;-0,10938268;0,14280188;-1,1198525;-1,4996433;1,0;130
837;-0,66310805;0,084808126;-1,5154378;0,990952;0,0;110
838;-0,5334625;-0,49678916;-1,428158;1,0440954;0,0;120
839;-0,48074374;-0,16308817;-0,36437768;0,16759881;0,0;120
840;1,782013;1,5303301;2,7627814;-2,38066;1,0;180
841;2,1094153;0,8821562;2,9879112;-1,945394;0,0;160
842;-0,76160055;0,13874035;-2,0192304;1,6174618;0,0;100
843;-0,13648511;-0,69386995;-0,048907317;1,4866962;0,0;120
844;-0,4859444;-0,06366844;-0,777611;-0,50117826;1,0;120
845;-0,1668977;-0,4543708;0,5175696;1,0172309;1,0;120
846;0,64603126;-0,6641446;1,1145699;-0,0023384728;1,0;120
847;0,7489673;0,22483458;1,7529955;0,113761514;1,0;140
848;-0,41034564;-0,3403551;-0,68034786;1,2085683;0,0;110
849;1,0357747;0,21070321;2,5341542;-1,1427233;1,0;160
850;0,0034874263;0,05960632;-0,19735596;-0,58593357;0,0;130
851;-0,7336744;0,30004126;-2,6826181;0,20437402;0,0;120
852;0,0116829295;-1,0375173;0,46186122;1,1897246;0,0;120
853;0,47390807;0,6206319;0,37717903;-2,1210797;1,0;140
854;-0,4097086;-0,3344261;-0,7468425;0,62963414;0,0;120
855;-0,52611685;-0,22440647;-1,3425025;0,003401529;1,0;120
856;-0,52426755;-0,23741095;-1,1124825;0,106269464;0,0;120
857;-0,63880527;-0,31838584;0,035962667;-0,32102808;1,0;130
858;-0,6131005;-0,30937254;-1,3290659;0,32143253;0,0;120
859;-0,102826856;0,053186387;-0,5987375;-0,4389844;1,0;120
860;0,67057925;-0,2119684;1,5665853;-1,3887439;0,0;140
861;-0,06963008;0,12973273;-0,28380826;-1,2800896;1,0;130
862;0,037037402;-1,6938268;1,4610724;2,7201374;1,0;120
863;-0,5796686;0,2813691;-2,3619452;-0,097179405;0,0;120
864;0,5199618;-0,03538794;1,0007815;-1,0182811;1,0;140
865;0,06470916;-0,45629072;-0,6007594;0,903494;0,0;110
866;0,31456164;-0,3849846;-0,35935473;-0,9043273;1,0;120
867;2,495818;0,2642203;4,908353;2,0494947;1,0;170
868;-0,62970686;-0,22181074;-2,2570133;-0,790329;0,0;120
869;0,23810825;-0,2655809;-0,06713988;0,049531274;0,0;120
870;0,6152347;-0,054987475;0,8523108;-0,5643524;1,0;150
871;-0,47991315;-0,24459599;-0,7411436;0,37324834;1,0;120
872;-0,2735999;-0,29079694;-0,34421796;0,5585462;0,0;120
873;0,26261142;-1,4596202;1,3676453;1,9034591;0,0;120
874;0,4061319;0,34972328;-0,00015950948;-0,81809294;1,0;150
875;0,79822004;-0,16468924;2,3169029;-0,2087606;0,0;140
876;-0,53730434;-0,24377619;-1,0331054;0,14135297;1,0;120
877;-0,29712737;-0,47402853;1,7054926;1,7698805;1,0;130
878;1,0154321;0,33149588;1,9029624;0,42391008;1,0;150
879;-0,32534128;0,08373883;-1,4780676;-0,025189364;0,0;110
880;-0,4073452;-0,37441617;-1,5034167;1,6513219;0,0;110
881;-1,2415677;-1,5179391;2,1214623;0,83056843;1,0;150
882;-0,8388709;0,2643325;-1,7768468;0,53157187;0,0;100
883;-0,67215097;0,29682922;-2,140218;0,17995104;0,0;100
884;2,413364;1,3435081;4,445692;-0,9702939;1,0;180
885;-0,51101065;-0,32880926;0,09321222;0,7334267;1,0;130
886;1,2254479;0,08703452;2,9928212;0,62274027;1,0;150
887;-0,53105015;0,36218274;-2,5064964;-1,1174984;0,0;110
888;0,45547396;-0,25009608;0,34845963;-0,60864055;1,0;130
889;0,1753872;-0,21815212;0,5147315;0,8342092;1,0;130
890;0,23706187;0,4220695;-0,15106097;-1,750283;1,0;140
891;0,31584585;0,3555987;0,65820086;-0,4685044;0,0;130
892;1,1022462;-0,69480705;2,6346464;1,2169363;1,0;140
893;0,13563512;0,32371384;0,08722651;-1,808358;1,0;140
894;-1,1705701;0,5087845;-4,194522;1,0537028;0,0;90
895;-0,58140373;-0,21596749;-1,274819;-0,12662849;0,0;120
896;-1,068382;0,054415673;-2,6515474;0,22251678;0,0;110
897;0,45945966;0,54786766;0,48349506;-1,5608716;1,0;150
898;0,57134926;-0,081017084;1,7849913;-0,73285484;1,0;140
899;0,30777624;-0,8463845;-2,1368017;2,2819498;1,0;90
900;0,23179267;0,46210992;-0,51629853;-2,1055098;0,0;140
901;-0,6631907;-0,30809385;-1,114206;0,56984544;0,0;120
902;0,8523618;0,2072972;1,9780356;-0,35655618;1,0;150
903;0,7064542;-0,10798074;1,0251839;-0,372776;1,0;130
904;-0,26266345;-2,148508;1,7662257;3,7464976;0,0;130
905;0,5734774;0,463656;0,52120733;-0,5211233;1,0;140
906;-0,119608894;-0,98382515;1,0116872;0,46804717;1,0;140
907;0,3885004;0,4464323;0,93578255;-0,6594137;1,0;140
908;-0,33157313;-0,031523384;-1,3140732;0,64084756;0,0;110
909;-0,40743122;0,14195915;-1,8661305;-0,20829387;0,0;110
910;-0,41057274;-0,13853553;-0,99676764;-0,27035874;0,0;120
911;-0,5191212;-0,46714056;-0,5330303;0,9618473;1,0;110
912;-0,42112407;-0,1479654;-0,8643695;-0,1296511;0,0;120
913;-0,51617765;-0,2102953;-1,6871862;-0,31543332;0,0;120
914;-0,25510016;-0,63310623;-0,029573403;1,2452626;0,0;120
915;-0,9583025;0,5656883;-3,3053906;0,25201398;0,0;100
916;0,6901991;0,0756742;0,9592496;-0,6931691;1,0;140
917;0,0077836253;-0,9981652;0,47662976;0,5165796;0,0;120
918;0,89192384;0,771212;1,3672867;-2,0108755;1,0;150
919;2,5231967;1,9752525;3,1884677;-1,6283014;1,0;200
920;0,7088309;0,74781483;0,71100307;-2,440772;1,0;150
921;-0,67081463;0,11709157;-2,0183008;-0,32493022;0,0;120
922;-0,3105117;-0,14898174;-0,65808487;-0,20756137;0,0;120
923;1,1842167;-0,23502506;2,6050208;0,62732613;1,0;140
924;1,5390825;1,3583729;1,7030945;-1,7903645;1,0;160
925;0,68146014;0,020651143;1,4609998;-0,56953716;1,0;140
926;0,3881715;-0,15376766;0,65073764;0,20575711;1,0;130
927;-0,34794188;-0,09530541;-1,1176989;-0,6360326;0,0;120
928;-0,44860315;-0,11693272;-0,7167295;0,04871431;0,0;110
929;-0,034086708;0,14920951;-0,8271184;-0,9818109;1,0;123
930;-0,42640328;-0,20004493;-0,9249724;-0,17094877;0,0;120
931;-0,5079476;-0,22004174;-0,6685221;0,24833938;1,0;120
932;0,66166127;-1,0564284;-0,55271614;2,5649056;0,0;90
933;-0,63472533;0,41611058;-3,081854;-1,0393187;1,0;100
934;0,7163516;-0,023287494;1,4149959;-1,2724975;1,0;150
935;0,30428243;-0,3238935;0,3176218;0,3463342;0,0;120
936;-0,40579072;-0,09783459;-0,9070792;-0,40312743;0,0;120
937;0,12559246;-0,7243801;-1,1943424;0,4754649;0,0;110
938;0,6243659;0,60784817;0,83073604;-1,1975414;1,0;140
939;0,90403694;-0,021774705;1,943523;-1,499663;1,0;140
940;0,32377362;-0,16104928;0,2954414;-0,5929899;1,0;130
941;0,5453385;-0,23315082;0,8136288;-1,0005844;0,0;140
942;0,36609858;-0,80704695;-1,2062167;1,844789;0,0;100
943;-0,31327525;-0,45555675;1,5272036;2,444116;0,0;120
944;0,92647856;0,12581657;1,2829573;-0,027952397;1,0;140
945;-0,14258097;0,1483514;-1,0899702;-1,0707806;1,0;120
946;0,07777851;-1,6962339;1,8624775;1,3160465;1,0;130
947;-0,06568166;0,12867188;-0,6721215;-0,9667511;0,0;130
948;-0,9862505;-0,6656365;-0,20136961;-0,21680368;1,0;140
949;-0,25738075;-0,44830847;0,37926984;1,5176437;0,0;120
950;0,88235027;-0,097852975;1,0362341;0,41617623;1,0;123
951;0,47386184;0,5179969;0,55370194;-0,8386375;1,0;140
952;1,109857;-0,46979618;2,463356;1,4013056;0,0;140
953;0,17832239;0,75585705;0,47696245;-2,8195589;1,0;160
954;-0,17295621;0,13822907;-0,6646204;-0,52985275;0,0;120
955;-0,36652493;-0,17597272;-0,3875659;0,2540911;0,0;120
956;-0,30206516;-0,63955355;0,5841345;1,847724;0,0;120
957;0,64911413;0,4260654;1,1914501;0,075593874;1,0;140
958;-0,15639518;-1,5123233;0,9139548;1,6516665;0,0;110
959;-0,42974856;-0,20477082;-1,1250399;-0,05719719;1,0;120
960;0,7066444;-1,3091422;0,18835154;3,3270907;1,0;100
961;0,05996062;-1,4061185;1,4759363;1,0970801;1,0;130
962;-0,691137;-0,4099328;-0,5350801;0,04884561;0,0;120
963;-0,600364;-0,46702355;-0,3747689;1,6050365;0,0;120
964;0,7118246;0,46901315;0,46157894;-0,7153591;1,0;130
965;-0,294518;-0,49909395;-0,2136361;1,3479834;1,0;120
966;-0,28618652;-0,25587797;-0,4181554;0,3566609;1,0;120
967;0,39830974;0,42434573;0,0047741234;-0,63233936;1,0;130
968;0,5418817;0,54490787;1,0490421;-1,0431058;1,0;150
969;-0,62365574;0,33182067;-2,7755592;-0,016746297;0,0;90
970;-0,39029077;0,18021643;-1,7196597;-0,7346771;0,0;120
971;1,0335611;0,070177935;1,5303988;-1,3384488;1,0;140
972;0,9033696;0,21120797;1,8143535;0,2720448;1,0;140
973;0,26700574;-0,22255589;-0,011986241;0,07387379;1,0;120
974;-0,60421383;-0,33731598;-0,6639074;0,32883567;1,0;130
975;-0,4262698;-0,29370183;-1,1790456;-0,48592103;1,0;130
976;-0,28853023;-0,21675898;-1,7099766;0,79279494;0,0;110
977;-0,41746226;-0,13981433;-1,1549052;-0,3598261;0,0;120
978;-0,3352418;-0,10351966;-0,9738991;-0,5293884;0,0;120
979;0,569547;-0,08608277;0,71443444;0,53606784;0,0;130
980;-0,568721;-0,25818205;-0,8579786;0,90586364;0,0;110
981;-0,13849536;0,089987345;-1,2579209;-0,9517114;1,0;120
982;0,40546846;-0,269131;0,4739853;-0,43753183;0,0;130
983;0,5318403;-0,5043725;0,59516907;-0,027725285;0,0;120
984;1,4810157;-0,10078384;3,1356266;0,34034428;1,0;140
985;-0,2745714;-0,09221585;-1,094172;-0,32446912;1,0;130
986;2,64874;0,5041391;5,114771;-0,8656362;1,0;160
987;0,41293743;-0,3644244;0,11831832;-0,75059915;0,0;120
988;0,34010062;-0,31784105;0,12386423;-0,15904422;1,0;120
989;0,4493887;-0,041603513;0,9648399;0,70213556;0,0;130
990;-0,19952017;-0,101035595;-1,8837985;-0,016727984;0,0;110
991;-0,1295714;-1,6254492;1,3350068;1,1518531;0,0;120
992;-0,11805415;-0,5320106;0,0467676;0,55244994;1,0;120
993;-0,9512992;-1,290774;2,6532042;1,0729272;1,0;140
994;-0,23204651;0,111663446;-1,5639778;-1,7267044;1,0;120
995;2,0477414;0,3929717;3,8497703;0,19697058;1,0;160
996;0,43276104;-0,7678643;-0,6711929;0,696265;0,0;110
997;-0,14929928;0,09678061;-1,318675;-1,6673638;1,0;120
998;-0,27299258;-0,2429315;-0,6784713;0,11216889;0,0;120
999;-0,060723945;0,08553532;-0,31584966;-0,589167;1,0;120
1000;0,31295177;0,35785782;-0,005168721;-1,5559828;1,0;140
1001;-0,30410388;-0,29085714;-1,6748585;0,38760605;0,0;120
1002;1,9741242;0,3744284;3,7069585;-1,2239385;1,0;160
1003;-0,2639031;-0,2372108;-0,33210772;0,25373933;0,0;120
1004;-0,29938665;-0,17503941;-0,48333144;0,019456968;0,0;120
1005;0,5956309;-0,22606783;0,54509884;-0,3475112;1,0;120
1006;0,53305465;-0,054312266;1,2121916;-0,2536608;1,0;130
1007;0,42011282;-0,009114567;1,7670321;0,13527381;0,0;130
1008;1,098575;-1,0218072;2,9182315;1,3328121;1,0;130
1009;-0,9617138;-0,80829614;0,7391591;0,25219256;1,0;150
1010;0,30356458;-0,28127468;0,4219005;-0,09697194;0,0;120
1011;-0,48044333;0,2728448;-1,5929836;-0,5585016;0,0;110
1012;0,57321745;0,58902717;-0,18782833;-1,2746348;1,0;150
1013;-0,563384;-0,38147998;-0,6320623;1,6786397;0,0;110
1014;-0,12548989;-0,639997;0,07321233;0,6316732;1,0;120
1015;0,6793854;0,015780825;1,5011935;-1,180994;0,0;150
1016;-0,14433835;0,044240482;-1,0326369;-0,987748;0,0;120
1017;-0,06812443;0,010441458;-0,71398306;-0,70089614;0,0;120
1018;-0,23704648;-0,45281696;0,094019316;1,0175194;1,0;120
1019;-0,48101592;-0,3419407;-0,95701885;0,7249496;0,0;120
1020;-0,3021588;-0,063060075;-1,5764807;0,5612956;0,0;110
1021;0,048179686;-1,1219591;0,78185546;0,8595427;1,0;120
1022;-0,5386518;-0,31169927;-1,4062226;0,23955229;0,0;120
1023;-0,4889137;-0,18947926;-1,1143484;-0,036286764;0,0;120
1024;-0,2007451;0,18241717;-0,69152486;-0,6431166;1,0;120
1025;-0,7631358;0,21086824;-2,1862538;-0,12613913;0,0;110
1026;0,76365864;0,45964903;1,6283549;-1,5882478;1,0;160
1027;-0,6156976;0,01474162;-1,0994617;0,7365732;1,0;120
1028;-0,28279203;-0,77436006;0,9882605;0,4830748;0,0;120
1029;-1,0547366;0,5041436;-4,3047876;1,1127586;0,0;90
1030;-0,5243075;-0,20794061;-1,5278652;-0,21319585;1,0;120
1031;-0,53072965;-0,22021838;-1,4604863;-0,20807631;0,0;120
1032;-0,781999;0,13751447;-1,9785326;0,28473058;0,0;110
1033;-0,99236596;-0,5154129;-0,7493054;-0,6499541;0,0;130
1034;-0,24811634;0,17938486;-1,211108;-1,5434589;0,0;120
1035;-0,3720303;-0,5226841;0,85885257;1,1095886;1,0;120
1036;0,33099398;-0,10738708;0,7953975;-0,16603976;1,0;130
1037;1,2081625;-0,15561028;2,0133736;0,1734443;1,0;145
1038;-0,20162873;0,22896026;-0,8122562;-1,4335907;0,0;120
1039;-0,6799051;0,15755352;-2,601125;0,107732415;0,0;110
1040;-1,0631955;-0,6750749;0,26175106;-0,10605939;1,0;140
1041;0,21786584;-0,18259263;0,57326466;0,32136926;1,0;120
1042;0,49133882;-0,4411794;0,4723906;-0,38948953;1,0;110
1043;0,9863416;0,06140186;1,5768574;-0,7303859;1,0;130
1044;-0,6225281;-0,19288734;-0,852008;-1,0644383;0,0;140
1045;-0,62821823;0,117289975;-1,4117545;0,83465147;1,0;110
1046;0,27955297;0,4661703;0,47487348;-1,2795994;1,0;140
1047;-1,0293977;0,32638586;-2,8412745;1,0796518;0,0;110
1048;1,3787918;0,650044;2,6096883;-0,71917975;1,0;150
1049;-0,3470912;-0,11651428;-1,2559477;0,0017848611;1,0;111
1050;-0,44899124;-0,15807107;-0,9313437;-0,23586844;0,0;120
1051;-0,428949;-0,078765236;-1,5497949;-0,69007003;0,0;115
1052;-0,022020489;0,45043367;-0,75215065;-3,0206296;1,0;140
1053;-0,7618002;0,29742908;-2,778007;1,3354256;0,0;100
1054;0,33230618;-0,011468131;1,397154;0,29293022;0,0;140
1055;-0,6358453;-0,1253907;-0,9897542;0,50571394;0,0;110
1056;-0,21022384;-0,122200236;-2,198479;-0,013977967;1,0;110
1057;0,037122447;-1,6018513;1,3761556;2,1350074;0,0;120
1058;-0,5359165;-0,09836401;-0,49404347;0,008035965;0,0;120
1059;-0,6599331;-0,20901112;-1,10969;0,0818647;0,0;120
1060;-0,049596597;0,07054747;-0,552848;-0,8676001;1,0;120
1061;-0,04298588;0,119506046;-0,766224;-0,44282475;0,0;120
1062;-0,06955909;0,019756027;-0,4813187;-0,3207366;1,0;120
1063;0,11881574;0,15997544;-0,076074064;-1,2914019;1,0;130
1064;0,7655075;-0,0041402243;1,7120055;-1,0555685;0,0;150
1065;0,6743888;-0,65903974;1,6101652;-0,386351;1,0;140
1066;0,85384053;1,0598646;1,9624217;-1,3701104;1,0;160
1067;0,8212497;0,613621;1,347185;-0,9163786;1,0;160
1068;0,16183688;0,12182601;0,06523039;-1,2512035;0,0;130
1069;0,17311189;0,14360064;0,04326242;0,0695858;0,0;130
1070;0,23760264;-0,719233;-0,41858882;1,1471293;0,0;110
1071;-0,13701859;8,571148e-05;-1,2356709;-1,2036996;1,0;120
1072;-0,074431494;0,68410873;-0,49930227;-3,4399958;1,0;130
1073;1,0411541;1,1591179;1,8069456;-2,892241;1,0;160
1074;-0,666434;-0,4263538;-1,2057036;0,85216045;0,0;120
1075;-0,32584357;-1,2520648;0,18447025;2,0956473;0,0;110
1076;0,5991241;-0,40525162;0,68703276;-1,0187244;0,0;140
1077;-0,58186877;-3,478856;5,268672;3,4122286;1,0;160
1078;-0,5534467;-0,3034166;-1,6188422;0,07292697;0,0;120
1079;-0,6966973;0,30281287;-1,9322138;1,0251229;1,0;110
1080;-0,29612145;-0,26615375;-1,0074617;0,00392266;0,0;120
1081;-0,021099685;0,07743337;-0,1747171;-0,96762896;0,0;130
1082;-0,26447174;-0,5979392;-0,6888245;2,2445347;0,0;110
1083;-0,6475731;-0,40639102;-1,1134621;0,8313862;0,0;120
1084;-0,4841122;-0,23212974;-0,7152128;0,31224528;0,0;120
1085;2,424888;0,97157186;3,654552;-0,14494285;0,0;180
1086;0,25562382;0,39045095;0,27081376;-0,82548296;0,0;130
1087;-0,602562;0,16108042;-1,4468763;0,5398613;1,0;110
1088;-0,76833034;0,0727468;-1,7133087;1,0186739;0,0;110
1089;1,9226371;0,4034295;3,4465008;-0,16660841;1,0;160
1090;0,41432747;-1,6646509;1,8140991;2,3660946;0,0;120
1091;-0,73155594;0,09264578;-1,6263584;0,87054825;0,0;110
1092;0,5753968;0,45366007;0,64070225;-0,45847768;1,0;160
1093;0,5001989;-0,6175113;0,47560003;0,45643905;1,0;110
1094;4,008748;0,8585619;7,285432;0,6323594;1,0;200
1095;-0,5927805;-0,4255163;-1,0719706;0,9073638;0,0;120
1096;-0,49023288;-0,26731092;-0,5650047;0,5779283;0,0;120
1097;-0,98707044;-0,7408622;0,844745;0,018666662;1,0;150
1098;-0,8681657;0,5005803;-3,3031526;-0,26439697;0,0;110
1099;-0,47316638;0,21278238;-1,781032;0,13991791;0,0;120
1100;0,012305804;-0,3544079;-1,2483581;0,32936758;0,0;110
1101;0,47039273;0,50432247;-0,15202677;-1,040904;1,0;140
1102;0,5630094;-0,13239174;1,0169048;-0,50841904;1,0;130
1103;-0,39831522;-0,19833227;-2,146496;-0,16948186;0,0;120
1104;-0,42487484;-0,62007225;1,3808709;1,8302102;1,0;130
1105;-0,07097604;-0,5531383;-0,9368124;0,8425473;1,0;100
1106;-0,6703321;-0,48065013;-0,33339483;1,5274912;0,0;120
1107;-0,08544583;-0,48041457;-0,28645357;1,6621984;0,0;110
1108;-0,056702808;-0,6616192;-0,18361503;0,25435585;0,0;120
1109;0,2048339;0,15691182;0,28272933;-0,882759;0,0;130
1110;-0,029478915;-1,5363544;1,296284;1,277529;0,0;120
1111;-0,43617776;0,14458352;-1,5308132;-0,02349289;1,0;110
1112;-0,8189571;0,36694133;-2,2846463;0,8041369;1,0;110
1113;-0,8952644;0,65311575;-3,376235;-0,3067987;1,0;90
1114;-0,07186155;-0,6204274;-0,1544513;0,25050727;0,0;120
1115;0,035376314;0,25489944;-0,11309256;-1,3524358;1,0;140
1116;0,051990774;-1,7598244;1,4722646;1,6854355;0,0;130
1117;0,67621356;0,50057703;0,91256046;-0,5774689;1,0;150
1118;-0,47491875;-0,09803076;-1,0844626;-0,4099204;0,0;120
1119;0,12237869;-0,7548198;-1,1818669;1,4515965;0,0;110
1120;0,3113516;0,016255004;1,275326;0,8626431;1,0;110
1121;-0,07049164;0,032069616;-1,619678;-1,7227087;1,0;130
1122;0,70498306;-0,12071136;0,9014925;-0,503845;0,0;130
1123;0,7287621;-0,08771743;1,5534062;-0,7299118;1,0;140
1124;-0,65449613;0,31534016;-2,8247437;0,81034935;0,0;100
1125;0,4719972;-0,16530934;1,0016395;-0,6572195;1,0;140
1126;-0,1766283;-0,35313326;1,7039775;1,7989733;0,0;120
1127;0,5810682;0,15467682;1,1979545;-0,4794219;1,0;140
1128;-0,4957274;-0,15596041;-0,3804013;0,25132197;1,0;120
1129;-0,40123984;-0,61480016;0,7421949;2,4627116;1,0;120
1130;-0,8917325;-0,8514703;0,8934948;1,7389337;1,0;150
1131;0,2713725;0,24274485;0,83925354;-1,0167497;1,0;140
1132;-0,49948207;-0,19023968;-0,110227406;0,052818373;1,0;130
1133;1,181377;-0,13682753;1,9706976;0,54647565;1,0;140
1134;1,1191211;0,0689446;2,2705786;-0,033959154;1,0;150
1135;-0,39672536;-0,09591834;-1,1899278;-0,71061313;0,0;120
1136;-0,043469775;-2,0856552;3,3088737;1,8354614;1,0;140
1137;0,25980172;-0,060744405;0,58814514;-0,04754304;0,0;120
1138;-0,1841938;-0,5434379;0,42241096;1,1271006;1,0;120
1139;0,1153032;0,2759453;0,2977297;-2,0750642;0,0;140
1140;3,3588097;1,6447452;5,092185;-1,5280468;1,0;160
1141;1,3431516;-0,27968436;2,546512;0,72835934;1,0;140
1142;-0,30599058;-0,10054499;-1,0254624;0,21630502;0,0;120
1143;-0,0055347006;0,2313219;-0,6482475;-1,2904317;1,0;140
1144;0,96448386;-0,40972716;1,8424793;0,12899515;1,0;130
1145;-0,048219923;0,17666891;-0,7774532;-0,8984258;0,0;110
1146;0,59502846;0,588781;-0,18958727;-1,8103533;1,0;140
1147;1,816285;1,4364973;2,0506878;-2,2578125;1,0;180
1148;0,5860962;0,49652284;0,55439776;-1,1867902;1,0;150
1149;0,022476029;-0,34981084;-0,3099814;2,3127334;0,0;110
1150;-1,1445177;-2,5408788;3,6237257;1,8627585;1,0;160
1151;-0,36667255;-0,113069355;-0,9662539;-0,3840951;1,0;120
1152;-0,28814584;-1,2579298;0,4684716;1,7488868;0,0;120
1153;-0,09411354;0,11684055;-1,0148801;-1,1435485;1,0;120
1154;1,8401515;-0,41432828;4,081949;1,9358255;1,0;150
1155;0,21944332;-0,30797547;-0,26924434;-0,6566013;1,0;120
1156;-0,59442616;-1,3749253;1,0043135;3,052606;0,0;120
1157;-0,5313001;0,32752615;-2,0133574;-0,32700193;0,0;110
1158;-0,29323924;-1,0757561;-0,09593995;1,9127318;0,0;110
1159;-0,52320355;-0,3776555;-0,29985312;1,3135742;0,0;120
1160;-0,31201628;-0,15110643;-0,59259665;-0,14127785;0,0;120
1161;1,3609754;-0,46667904;2,8858552;1,2771524;1,0;150
1162;-0,48049504;-0,064703934;-1,1826937;-0,7893307;0,0;120
1163;-0,19493796;-0,31386304;-0,3010644;0,2599846;1,0;120
1164;-0,35440567;-0,13254416;-0,87457085;-0,33741677;0,0;120
1165;-0,16879088;0,08096632;-1,0944549;-1,0330865;0,0;120
1166;0,73410165;0,0140783265;2,5869746;-0,55615246;1,0;150
1167;-0,54817426;-0,34769976;-0,8263247;0,8743782;0,0;120
1168;-0,8868049;-0,4020586;-0,63216984;-0,24996604;1,0;140
1169;-0,4382952;-0,27976757;-0,6065097;0,29473588;1,0;120
1170;0,1589105;-0,7518305;-0,92951083;1,6756134;0,0;110
1171;-0,33169195;-0,1456717;-1,1722093;-0,5713998;0,0;120
1172;0,47853118;-0,04766848;1,4528261;-0,9175528;1,0;140
1173;0,6025484;-0,2476642;0,8259815;-1,3650647;1,0;150
1174;0,47460046;0,38355327;0,52628464;-1,5381048;1,0;150
1175;-0,6286876;-0,38038623;-0,62266636;0,39315942;0,0;130
1176;0,34550217;-0,34475696;-0,2716072;-0,00594835;1,0;130
1177;-0,5122834;-0,13728142;-1,5635954;-0,26374578;0,0;110
1178;0,60404295;-0,17654401;0,8599955;-0,66719913;1,0;137
1179;-0,5375036;-0,28607523;-1,638576;1,1614304;0,0;120
1180;1,3206577;0,29096395;2,6263664;-1,405963;1,0;150
1181;-0,4497309;-0,17750454;-0,40284145;0,36653882;1,0;120
1182;0,09295977;0,5438625;0,35877204;-1,6944106;1,0;140
1183;-0,06175586;0,09106174;-1,2995936;-1,3363006;0,0;110
1184;-0,44080836;-0,25585485;-0,8278301;0,27439523;0,0;120
1185;0,05243492;-0,3876173;-1,2023283;0,10202892;1,0;110
1186;0,7121115;0,17757003;0,70066094;-0,015541993;1,0;130
1187;-0,68947035;-0,30012715;-1,0120275;0,6070273;0,0;120
1188;-0,53763956;-0,8623859;0,416355;2,017184;1,0;130
1189;1,0086592;0,20371623;2,350172;0,90102386;1,0;160
1190;0,49098206;-0,1600783;0,8488834;-0,18363403;1,0;140
1191;0,6952491;-0,06843983;2,010442;-0,4007791;1,0;140
1192;-0,2434987;-0,14137408;-1,7848569;0,40067342;0,0;110
1193;1,0787538;-0,22802533;1,7121853;0,46940354;1,0;130
1194;0,6727074;0,15968889;1,3881004;0,32178947;1,0;130
1195;-0,22069107;-0,7874007;-0,02834481;0,95516527;0,0;120
1196;-0,58632904;-0,11505516;-2,484388;1,4450685;0,0;100
1197;-0,4856434;0,32096475;-1,6468928;-0,6673244;1,0;110
1198;-0,06457172;-0,38743752;-0,2860181;0,9791856;1,0;120
1199;-0,110831;-0,062542796;-0,85904026;-0,62975526;1,0;130
1200;-0,32198188;-0,08280157;-1,6876627;-0,6299529;1,0;110
1201;-0,39309785;-0,090435445;-0,8840256;-0,44902098;0,0;120
1202;-1,0199871;0,24280243;-3,1247933;-0,20210017;0,0;100
1203;-0,10840773;0,45978928;-0,31471023;-2,3933117;1,0;140
1204;0,86533296;-0,37557238;2,260371;-0,7216164;0,0;140
1205;0,6374207;-0,21115318;1,2827742;-1,7223859;1,0;140
1206;0,42640942;-0,28898674;0,7937809;-0,06017203;1,0;120
1207;0,43246093;-0,15904321;0,74576867;0,29950145;1,0;128
1208;-0,09861119;0,24632326;-0,5581418;-0,80932105;1,0;130
1209;0,2984216;0,28096086;0,26691973;-0,10049852;0,0;140
1210;-1,0417229;-0,8225459;0,5385886;0,2912304;1,0;150
1211;-0,54229647;-0,32088172;-1,2487423;1,3732507;0,0;120
1212;0,03525317;-0,89944965;0,6029047;0,2872143;0,0;130
1213;2,1773427;1,9283566;2,6207986;-2,6467671;1,0;200
1214;-0,4140047;-0,3227539;-0,93353033;0,44421798;0,0;120
1215;-0,8877762;0,33616483;-2,68553;1,1098056;0,0;110
1216;0,25706932;-0,311113;-0,113968685;-0,13091376;1,0;120
1217;1,1394814;0,23101063;1,7653867;-0,43501583;0,0;160
1218;-0,37186193;-0,3581729;-0,4838966;0,8535181;0,0;120
1219;1,6978885;1,249966;2,5629508;-1,2785971;1,0;170
1220;-0,18130334;0,33505207;-0,24163541;-1,5864375;1,0;130
1221;-0,26477626;-1,4803474;0,39815962;2,1283138;1,0;120
1222;-0,28731796;0,38275975;-1,1240289;-1,2736311;0,0;110
1223;0,2365133;-1,1318198;0,31902415;1,4122355;0,0;110
1224;1,4900032;0,64570636;3,5312026;-0,26346654;1,0;150
1225;-0,7648802;0,37282747;-2,8737078;0,88466954;0,0;100
1226;-0,626963;-0,32480198;-1,0492737;0,5729948;0,0;120
1227;-0,18070343;-0,1528426;-2,8525236;-0,40949032;0,0;110
1228;-1,2023141;-0,83560103;0,47997147;-0,45329806;1,0;140
1229;-0,42696953;-0,32573795;-1,786766;-0,13357459;0,0;120
1230;-0,55237114;0,14361379;-1,7895013;0,46238074;0,0;110
1231;-0,68595123;-0,2835251;-1,5656487;0,037347957;0,0;120
1232;0,9690656;1,0242026;1,5534045;-2,0551078;1,0;160
1233;-0,21071903;-0,4918856;0,09999874;1,0412555;0,0;120
1234;0,066917285;0,55555725;0,39015126;-1,7215171;0,0;140
1235;0,30290374;-0,34874517;0,069447584;-0,21137534;1,0;130
1236;-0,52811265;-0,31810004;-2,0068452;1,2356238;0,0;120
1237;-0,3996887;-0,1720624;-1,2880164;0,15919252;0,0;110
1238;-0,86521876;-0,6030142;0,15900037;-0,333664;0,0;140
1239;-0,5264054;0,052655164;-1,2650474;1,1738615;0,0;110
1240;0,5036693;-0,047619946;1,0206056;-1,0179808;1,0;140
1241;-0,42633244;-0,111260116;-0,8705175;-0,27023566;0,0;120
1242;0,41299862;-0,10485767;0,7716069;-0,8271768;0,0;130
1243;0,2941956;-0,8196608;-1,5654626;2,820072;0,0;100
1244;0,35449958;-0,04993026;1,2002646;0,17138557;1,0;140
1245;0,100440346;-4,0887623;5,4993496;4,3292394;1,0;140
1246;0,24978752;0,24610215;0,6341661;-1,2416652;1,0;140
1247;1,2062173;-0,17634955;2,137616;0,35424373;1,0;140
1248;-0,53590965;-1,3012445;2,3040276;1,3355415;1,0;150
1249;-0,45994034;-0,36010665;-0,45353258;1,0111394;0,0;120
1250;0,32893783;-1,9675063;2,2222085;2,3093538;1,0;120
1251;-0,16893497;0,083761305;-1,1102717;-1,0015997;1,0;120
1252;-0,6402507;-0,46849084;-0,7641054;1,0676007;0,0;120
1253;-0,4090674;-0,14654167;-0,6992253;-0,043551076;1,0;120
1254;0,694585;0,18575135;3,0389423;0,5710776;1,0;160
1255;-0,54220515;-0,22411789;-1,2970243;-0,6212561;0,0;130
1256;-0,45595908;-0,17302611;-0,41858536;0,1664395;0,0;120
1257;0,13986321;-0,20298056;-0,21953988;-0,34341544;0,0;120
1258;-0,18088034;0,10917166;-0,87874436;-0,9896306;0,0;120
1259;1,7459697;1,7593435;1,7540337;-3,671116;1,0;160
1260;-0,28434446;-0,45795763;0,066002615;1,5881925;1,0;120
1261;-0,3617827;-0,12785795;-0,5351155;-0,2099664;0,0;120
1262;0,8024175;0,06517689;0,8787458;0,07002197;1,0;130
1263;-0,94458485;-2,1200109;2,8994038;1,6958601;0,0;140
1264;-0,144067;0,13391884;-1,2235712;-0,8765291;0,0;120
1265;0,4891088;-0,16865319;0,8477663;-0,98391116;1,0;125
1266;-0,5176263;-0,31628495;-0,449975;0,9061663;1,0;120
1267;0,55349;-0,19075379;0,90089285;-1,2612382;1,0;130
1268;-0,42614716;-0,3386796;-1,6407856;0,9259324;0,0;120
1269;-0,17864822;-0,377944;-0,13177866;2,5049062;0,0;100
1270;-0,6590878;-0,3793816;-0,87518346;1,0112379;0,0;120
1271;1,1067007;-0,050337806;1,9142402;0,3068994;1,0;140
1272;-0,055881966;-0,03883893;-0,4955163;-0,53119266;0,0;120
1273;2,4594824;1,3859683;3,572745;-1,5941141;1,0;170
1274;-0,17361881;0,06974226;-1,11158;-1,1965601;0,0;120
1275;-0,49013177;-0,2320456;-0,45177603;0,6198784;1,0;120
1276;0,40964237;0,50268924;0,62902224;-0,8605137;0,0;140
1277;0,6562637;0,45238417;0,6646396;-0,094752334;1,0;140
1278;0,79690254;-0,80885875;1,5057192;0,9661586;0,0;120
1279;0,37788385;-0,112625465;1,1564717;0,55469835;1,0;120
1280;0,6653763;-0,03250622;1,4403136;-0,6531087;1,0;140
1281;-0,45086676;-0,35141742;-0,81022584;1,2141218;0,0;110
1282;-0,49969468;-0,16327043;-1,2022452;-0,26979995;0,0;120
1283;0,42799237;-0,5074218;0,37176284;-0,39303273;1,0;120
1284;0,25756216;-0,26173222;-0,11006099;-0,014171172;0,0;120
1285;1,3307034;1,573157;2,455302;-2,8966203;0,0;160
1286;1,0617747;-0,22437508;1,5809966;0,41714147;1,0;130
1287;0,33107662;-0,43349856;-0,10034017;-0,22259101;0,0;120
1288;0,48023924;0,49679512;1,0055424;-0,32681975;1,0;140
1289;-0,79126304;-1,0851955;1,7907748;1,2387942;1,0;140
1290;-0,853287;0,13680479;-1,8891791;1,4971194;0,0;100
1291;-0,12934913;0,3234566;-0,6002103;-1,397805;1,0;130
1292;0,10166125;0,24193075;-0,6428275;-2,4431024;1,0;140
1293;-0,83597636;-0,27408552;-1,0847847;0,15034117;0,0;120
1294;-0,98418605;0,5791315;-3,391141;0,45045522;0,0;90
1295;0,5793133;0,7357204;0,73253006;-2,9928784;1,0;150
1296;-0,36240572;-0,1859986;-0,9651011;-0,23455505;0,0;120
1297;1,4235837;-1,1727573;3,724161;2,467486;1,0;130
1298;0,6732942;0,025535738;1,3260157;-1,2642889;1,0;150
1299;-0,57914096;-0,28803605;-1,8624829;0,37667277;0,0;110
1300;1,7036438;0,6309647;2,7402515;-1,8289611;0,0;160
1301;-0,36911133;-0,18345046;-1,3348881;-0,49235103;0,0;120
1302;0,25205126;-0,33620942;-0,29952893;-0,35582653;1,0;110
1303;0,003825394;0,07473021;-0,4286177;-0,16854638;1,0;120
1304;0,24095021;0,50039196;-0,21190894;-2,4731646;1,0;150
1305;-0,74045736;-0,23262925;-1,2141204;-0,15906641;0,0;120
1306;-0,6000573;-0,42606413;1,2992728;0,12026404;1,0;150
1307;0,26425302;-0,87341577;-0,42381525;1,6178458;0,0;110
1308;-0,4323895;-0,11244877;-1,2176982;-0,712602;0,0;120
1309;-0,2456784;-0,23614667;-0,7542571;0,120280534;0,0;120
1310;0,29292434;-0,3247319;-0,06685808;-0,7445135;0,0;120
1311;0,44829902;0,3668679;0,65615124;-0,90642047;0,0;140
1312;-0,033769086;0,03619495;-0,8534639;-0,91732955;1,0;120
1313;-0,3566269;-0,22900335;-0,92314494;0,0934767;0,0;120
1314;-0,04538787;-0,49491674;-0,3234139;0,9941926;1,0;120
1315;0,65388405;0,821061;1,2303953;-2,7331302;1,0;150
1316;-0,54573166;-0,23244248;-0,14140671;0,8019115;0,0;120
1317;1,5741557;1,2899121;2,2561758;-2,6975894;1,0;170
1318;0,56809205;-0,27399015;0,80335736;-0,92088187;1,0;135
1319;-0,14164476;-0,5849516;0,08146262;0,69017994;0,0;120
1320;0,43601346;-0,8963249;0,12256153;1,419023;1,0;110
1321;-0,4735333;-0,30801618;-1,9600899;0,2741103;0,0;110
1322;-0,10750387;-0,52914643;0,73603773;0,8537643;0,0;120
1323;0,36481503;-0,36872363;0,35145527;-0,1337679;1,0;120
1324;-0,16473785;-0,517218;0,0003816858;0,7892171;0,0;120
1325;-0,097325265;-0,53051287;-0,17068514;0,24881765;0,0;120
1326;-0,21449807;-0,39701003;0,012850381;1,0142308;1,0;120
1327;-0,029938914;-0,6119998;-0,24388826;0,40606818;0,0;110
1328;-0,41066495;-0,16835122;-0,19170648;-0,16304493;1,0;130
1329;0,52839154;0,43466222;0,48626995;-0,88204765;1,0;160
1330;-0,4906981;0,022641573;-1,8023065;0,82332146;0,0;110
1331;-0,8008901;0,103505954;-2,3490753;0,7165253;0,0;110
1332;0,6755372;-0,020724796;1,3804069;-1,3367426;0,0;150
1333;0,06250091;-0,50855774;-2,0283852;2,0274727;0,0;100
1334;2,1662312;1,2888994;3,3012407;-0,62325263;1,0;160
1335;-0,04844657;0,52397084;-0,7381891;-3,1859457;1,0;140
1336;0,19405553;-0,7987054;-0,88900805;1,970449;0,0;110
1337;-0,2677123;-0,21873425;-1,8661745;0,6889565;0,0;110
1338;0,31143862;-0,23497163;0,22082351;-0,17589895;1,0;120
1339;-0,26093057;-0,50171447;0,8058999;1,5643365;0,0;120
1340;-0,34486613;-1,5509607;1,562124;1,419379;1,0;120
1341;-0,47379473;-0,26196724;-1,6605902;-0,24262677;0,0;120
1342;0,98918283;-0,13110243;1,4739645;0,6567341;0,0;130
1343;-1,1045504;-0,8172451;0,32088968;-0,25979924;1,0;150
1344;-0,67437726;0,20407827;-1,7626843;1,1409109;0,0;120
1345;-0,6888913;-0,29900056;-1,1724195;-0,1895346;0,0;130
1346;0,8550621;0,60432136;1,1736807;-0,79775965;1,0;160
1347;-0,21826789;-0,34796137;1,1548595;1,0508723;1,0;140
1348;0,12085869;0,27294868;0,34033987;-2,0666823;1,0;140
1349;-0,29864466;0,3678983;-2,0484943;-1,8018985;0,0;120
1350;0,29070702;0,47944558;0,40595686;-0,7247212;1,0;150
1351;-0,17718194;-0,0011184365;-1,3373904;-0,8625854;1,0;130
1352;-0,42873368;-0,16216424;-0,44248044;0,24331087;0,0;120
1353;0,334502;-0,6984751;-0,14836462;0,87196374;0,0;110
1354;-0,35786256;-0,13529004;-1,7970989;-0,34563133;0,0;120
1355;-0,61388135;-0,46360552;-1,0579515;0,83219993;1,0;120
1356;-0,20682645;-0,7877524;0,09834678;1,1271211;0,0;120
1357;-0,35262412;0,14465462;-1,5326649;-0,6061959;0,0;100
1358;-0,0007228949;-0,41101193;-0,9086733;0,19998321;0,0;120
1359;-0,07218407;0,059830517;-0,4210739;-0,29805243;1,0;120
1360;0,21788937;-0,2508971;-0,19594824;-0,089292414;1,0;120
1361;0,418344;-0,20258503;0,29877985;-0,33266953;0,0;120
1362;-0,24652156;0,19267519;-0,9998033;-1,5424082;0,0;120
1363;1,262861;0,9393015;1,7591219;-2,1338668;1,0;160
1364;-0,3030611;-0,13020082;-1,0108527;-0,5333594;0,0;120
1365;-0,10753375;0,0041901916;-0,6670793;-0,9266813;1,0;120
1366;-0,55422944;0,15870032;-1,9886954;0,25250745;1,0;110
1367;-0,39704913;-0,17914695;-1,704425;-0,7179096;1,0;120
1368;0,34355092;0,28798765;0,4231346;-0,5518911;1,0;130
1369;0,5484441;-0,52345467;0,7436522;0,5219636;1,0;120
1370;0,50992566;-0,19107966;1,1639783;-0,10015107;0,0;140
1371;-0,2053645;-0,44264746;0,62437046;0,8478029;1,0;130
1372;-0,8845385;-0,29731572;-1,4331784;-0,22329041;0,0;120
1373;-0,17959867;0,090887934;-0,83194864;-1,3138864;1,0;120
1374;0,52759105;0,46579254;0,5302894;-0,6415466;1,0;140
1375;0,37002432;0,5743334;0,41157803;-0,87130654;1,0;140
1376;0,9595198;0,4212113;2,4080853;0,4253671;1,0;150
1377;-0,6730761;-0,37894624;-1,628622;0,23203585;0,0;120
1378;-0,0029636496;0,062245782;-0,52125883;-0,8086549;1,0;120
1379;-0,44754067;-0,2563758;-1,0919088;0,062265716;1,0;120
1380;-0,7402848;0,066822276;-1,7913562;1,2931173;0,0;110
1381;-0,06573647;0,19779176;-0,71573627;-0,35818276;1,0;120
1382;-0,004610985;0,03195822;-1,02919;-0,76364326;0,0;120
1383;0,9229919;0,12302489;2,129808;0,26704276;1,0;140
1384;0,053899094;-0,5790416;-1,15736;1,2359221;0,0;110
1385;0,75588506;-0,20326473;1,7467136;-2,3046632;0,0;140
1386;0,24597752;-0,7144842;-0,44096947;1,0060548;0,0;110
1387;-0,17558746;-0,42616946;-0,009178981;0,6865653;1,0;120
1388;-0,28932288;-1,3967882;1,5857764;1,140017;1,0;130
1389;-0,17648298;0,07781236;-1,2732319;-0,7244127;0,0;110
1390;-0,67890877;-0,18668936;-1,3981106;-0,89852;0,0;130
1391;-0,38383245;-2,1851237;1,3946779;3,2772222;1,0;100
1392;-0,35337734;-0,85947704;0,8232937;0,7573197;1,0;120
1393;-0,49324697;-0,23263986;-0,33812666;0,597695;0,0;120
1394;0,31553137;-0,3751676;-0,24310386;-0,5260668;1,0;120
1395;-0,5532062;0,14551061;-1,6142985;0,9199604;1,0;100
1396;0,30906394;-0,2944839;0,46333247;0,24346101;1,0;120
1397;-0,4544954;0,24549939;-2,000705;-0,9604639;1,0;120
1398;-0,57347786;-0,23425417;-1,742101;-0,20156789;0,0;120
1399;-0,23101859;-0,5092731;-1,0805784;2,1468124;1,0;100
1400;-0,19752929;0,13882278;-0,8208219;-1,0829737;1,0;120
1401;0,097217076;0,1726877;-0,21431214;-1,5875642;1,0;130
1402;-0,08481996;-0,4208002;0,16981311;1,4531181;1,0;120
1403;0,8937607;0,23308587;2,282352;0,4527057;1,0;140
1404;-0,38584822;-0,12001647;-1,1702969;-0,531324;0,0;120
1405;-0,13061419;-2,0109856;2,4526632;1,9958096;1,0;120
1406;-0,63399726;-0,42856294;-0,8357794;1,256417;0,0;120
1407;-0,93700176;0,30398208;-1,980571;1,8533914;0,0;110
1408;0,25607538;0,55296946;0,25539404;-1,4555205;1,0;140
1409;-0,22805516;0,28145066;-0,95225644;-1,3200569;1,0;120
1410;0,24894813;-0,76614475;-0,30240926;0,9477695;1,0;125
1411;-0,3719785;-0,120523825;-0,44032156;-0,1444597;1,0;120
1412;-0,6692425;-0,3679276;-0,4044615;1,2999897;1,0;120
1413;2,231079;1,0669731;2,981581;-2,0233843;1,0;180
1414;-0,06605048;-0,5685704;-0,26442412;0,27983537;0,0;120
1415;1,0884987;0,90790004;1,01996;-2,9909403;1,0;160
1416;-0,87798285;0,100280456;-2,8706727;0,3923067;0,0;110
1417;0,25813124;-0,6290453;-1,6780561;1,5467708;0,0;90
1418;-0,25995186;-0,7149053;-0,19650173;1,1691473;0,0;120
1419;-0,12790345;0,14911395;-0,60579133;-0,96373785;0,0;120
1420;0,48926598;0,43158835;0,8924959;-1,789676;1,0;140
1421;0,7520191;0,07325563;2,6504233;-0,16581401;1,0;147
1422;0,5612592;0,5557216;0,8647584;-2,0286438;1,0;160
1423;-0,37711015;-0,13575743;-0,7447517;-0,18155316;0,0;120
1424;-0,54437965;0,040381342;-1,2883049;0,42263144;0,0;120
1425;0,27026498;0,10329413;0,568457;-0,5612514;0,0;130
1426;-0,33016962;-0,808586;0,49129832;0,83691907;1,0;130
1427;-0,67928374;0,4123273;-3,4359114;-0,43456817;0,0;95
1428;-0,38304934;-0,15320827;-0,71812093;-0,049211092;1,0;120
1429;0,6491675;-0,16412018;1,6851158;-1,1354414;1,0;140
1430;-0,13188113;0,025427975;-1,2049911;-1,1703775;1,0;120
1431;0,39964527;0,48101407;0,09142837;-0,56094587;0,0;130
1432;0,72724354;0,4783755;0,2687135;-0,8818432;1,0;150
1433;-0,90719074;-0,4830866;-0,19001058;-0,26346773;1,0;145
1434;-0,24896166;-0,688667;-0,045157522;1,2611675;0,0;120
1435;-0,45753634;-0,06201247;-0,86146975;0,07119402;0,0;130
1436;-0,2336816;-0,0333907;-1,0576012;-0,46472338;0,0;110
1437;-0,50641954;-0,41085595;-0,1456909;1,3580168;0,0;120
1438;-0,079560086;0,15110025;-0,64854825;-0,98086226;0,0;130
1439;-0,9996393;0,4350356;-3,0790806;1,8450596;0,0;90
1440;0,12556528;-0,54590225;-2,1941724;1,7659284;1,0;90
1441;-0,65793985;-0,39074498;-0,99998903;0,8394226;0,0;120
1442;-0,10238167;-0,48237783;-0,25747088;0,17484185;0,0;120
1443;-0,71964294;0,2715982;-2,0571215;0,52729046;0,0;120
1444;0,5568446;-0,011595491;1,8349681;-0,4287043;1,0;140
1445;-0,56747955;-0,26382983;-1,333956;0,8612857;0,0;110
1446;-0,23387323;-3,0401478;3,5682633;3,7955503;0,0;130
1447;0,75782096;-0,02672837;1,6669444;-1,136282;1,0;150
1448;-0,24665138;0,40591097;-0,5374572;-0,9533087;0,0;120
1449;2,5307858;0,53296834;4,6475773;1,1690097;0,0;168
1450;-0,52573836;-0,3171646;-1,7728213;1,5058475;0,0;110
1451;-1,0436713;0,16994978;-2,9903467;0,37465844;0,0;100
1452;0,8530437;-0,4358837;2,2357817;-0,30368114;1,0;150
1453;1,5167229;-0,32918787;3,1817636;1,3719525;1,0;140
1454;0,9275792;0,80034167;0,90024465;-0,87104917;1,0;150
1455;-1,1875266;-0,80475336;-0,10113175;-1,0144972;0,0;140
1456;0,4010215;-0,35903698;0,28538775;-0,023230253;0,0;130
1457;-0,11801466;-0,78996766;-0,25639585;0,8024615;0,0;120
1458;-0,29386124;-0,21763985;-0,4648425;0,13828029;0,0;120
1459;-0,40810257;-0,2612639;-1,1711591;1,2350029;1,0;110
1460;1,4323807;0,13116214;2,867725;0,35470453;1,0;160
1461;0,7066498;0,66542375;1,013829;-0,7256082;1,0;160
1462;-0,06981786;-0,59354246;-0,031298354;0,10505478;0,0;120
1463;-0,56068504;-0,32088232;-1,050789;0,532393;0,0;120
1464;-0,44715917;-0,16661888;-0,83256435;0,0091717765;1,0;120
1465;-0,52232075;-0,05756709;-1,523375;-1,148541;0,0;120
1466;-1,1661725;0,055229887;-3,0187237;-0,106264785;0,0;110
1467;0,82598823;-0,7012591;1,6315689;0,9035759;0,0;120
1468;0,47367188;-0,082262695;1,392547;-0,22868265;1,0;130
1469;-0,4010363;-0,80252874;0,30451375;1,421682;0,0;130
1470;0,65264654;-0,114583015;1,7482864;-0,6656804;0,0;140
1471;0,5674413;0,20193373;1,4300783;-0,13207152;0,0;140
1472;-0,9002824;0,13704158;-2,7403164;-0,097896256;0,0;110
1473;-0,21010087;-0,19052525;-1,5949466;0,7098894;0,0;110
1474;0,7988717;1,0361793;0,59317255;-3,2409165;0,0;160
1475;-0,7106966;-0,23450552;-1,6422585;-0,32232344;0,0;120
1476;0,08378777;-1,9454919;2,0102026;1,8291028;1,0;120
1477;-0,48977712;0,1116971;-1,3682209;0,3068256;1,0;110
1478;-0,61744624;0,19154578;-2,0358922;0,18918844;0,0;110
1479;1,3279753;-0,5289954;3,1443539;0,6505804;1,0;140
1480;-0,2126179;-0,38059407;-0,29216748;2,1031234;0,0;110
1481;0,12797771;-1,2225801;0,8877821;0,9093548;0,0;120
1482;0,6929255;-0,57328457;1,1563348;0,16453272;1,0;120
1483;0,08308156;0,27914414;-0,31872836;-2,4466512;1,0;140
1484;-1,111221;0,41388053;-3,5360484;1,0935066;0,0;100
1485;0,124783084;-1,2233602;1,2715578;0,79263365;0,0;124
1486;-0,4902829;-0,45548898;-0,9672954;1,0491374;1,0;120
1487;-0,15890092;0,12546425;-0,3786523;-0,30930465;0,0;120
1488;0,490702;-0,070080444;1,100499;0,15851925;1,0;140
1489;1,2859496;-0,3743586;3,0326695;-0,023225756;1,0;150
1490;0,30909523;-0,18687303;0,46901253;0,433404;1,0;120
1491;-0,024196612;0,11336982;0,019898232;-0,7694118;0,0;140
1492;-0,5461867;0,15411326;-1,8739885;0,86604476;0,0;100
1493;0,30608732;0,4466794;-0,43202496;-1,2125589;1,0;130
1494;0,6131915;-0,3710606;0,9104929;-0,39148793;1,0;140
1495;-0,043953113;-0,3060636;-0,29514676;0,64214313;0,0;120
1496;-0,6331608;-0,21099983;-0,8460225;0,37190577;0,0;120
1497;-0,44509077;-0,22910012;-0,57730436;0,4446799;0,0;120
1498;1,1263714;0,39643943;2,076662;-0,91991735;1,0;160
1499;0,1547435;0,26406854;0,5873146;-1,7611711;1,0;140
1500;0,12612027;0,35134405;1,0853931;-1,8148069;1,0;150
1501;-0,3604239;-0,12737267;-0,64197326;-0,18515614;0,0;120
1502;1,8311805;0,8681087;3,8810782;-0,13192481;1,0;160
1503;0,025672117;0,16030884;-0,069481835;-0,34043816;1,0;130
1504;1,7257136;-0,7209131;4,3307095;1,2100668;0,0;150
1505;-0,19674167;0,21137607;-1,0389869;-0,9822297;0,0;120
1506;0,27611437;-0,20854975;0,3625891;0,35624954;0,0;120
1507;-0,5450189;-0,3354643;-2,2933118;0,9836149;0,0;100
1508;-0,66270566;0,2277751;-1,7830443;0,9739069;0,0;120
1509;-0,6215306;-0,026681848;-1,874592;1,3584499;0,0;110
1510;-0,38911432;-0,15926196;-1,1532624;-0,43282297;0,0;120
1511;0,21767777;-0,01201475;0,61680555;-0,025758896;0,0;140
1512;0,9823403;-2,1361017;4,0506496;3,171154;1,0;120
1513;-0,5954992;-0,23661749;-1,5830817;0,5952282;1,0;110
1514;0,32288867;-0,6973552;-0,55004084;0,5966513;0,0;110
1515;-0,46505782;-0,17365573;-0,41729388;0,42625418;0,0;120
1516;0,6738305;-0,79383516;1,2419933;0,8582921;0,0;120
1517;0,063932255;-0,41384578;-1,1870793;1,5272154;0,0;110
1518;0,39919347;0,30092573;1,2760983;-1,2214031;0,0;150
1519;0,016807241;0,117403634;-0,8286201;-1,5496624;0,0;140
1520;-0,336747;-0,20077579;-0,66433555;-0,017280184;0,0;120
1521;-0,14863078;0,1170612;-1,4411147;-1,4409817;0,0;120
1522;0,062251847;0,247695;-0,548697;-1,1026652;1,0;140
1523;-1,041779;-0,7322086;0,0012565255;-0,15528142;0,0;140
1524;-0,44283703;-0,30839753;-1,0488774;1,0176352;0,0;120
1525;0,2657594;-1,9356098;2,271995;1,8640554;0,0;120
1526;-0,4262846;-0,16798453;-0,985821;0,38488787;0,0;110
1527;-0,36920556;-0,6354079;0,7293136;2,1304624;0,0;120
1528;-0,58763975;-0,22714297;-0,59026396;0,6115881;1,0;120
1529;-0,025719259;-1,7800367;1,5252991;2,8804893;0,0;120
1530;0,87305886;0,85542035;0,4658208;-2,079975;1,0;155
1531;0,5326912;-0,50641716;0,57036436;0,1873994;1,0;120
1532;0,1357616;-0,57073104;-2,348971;1,7982063;0,0;100
1533;0,933997;-0,2359447;1,88953;-0,46166685;0,0;140
1534;-0,5019156;0,27240497;-2,2881289;-1,0243816;1,0;110
1535;1,1875103;0,38895893;2,5296788;-0,5520636;1,0;160
1536;-0,49752972;-0,11806233;-0,39234132;-0,0156004615;0,0;120
1537;-0,44719338;-0,20478189;-1,32816;0,59826815;0,0;120
1538;-0,3663928;-0,3424008;-1,047831;1,9001089;0,0;110
1539;1,0776145;-0,3016594;2,1182094;0,6654948;1,0;130
1540;-0,51853454;0,110898644;-2,225384;-0,64583313;0,0;100
1541;0,02820301;-0,4566921;-1,4835047;1,438112;0,0;100
1542;-0,54786235;0,17283195;-1,5334249;1,0599612;0,0;100
1543;0,31596598;-0,08829467;1,101613;0,67029107;0,0;130
1544;-0,4864713;0,1467782;-2,038554;0,07989772;1,0;110
1545;-0,37134123;-0,15033507;-0,4819162;0,080223605;1,0;120
1546;-0,06800238;0,04338905;-0,70212734;-0,5124694;0,0;120
1547;0,21319073;-0,7321448;-0,8237674;0,82079875;0,0;110
1548;0,8757367;0,10057573;1,7540618;-0,08872326;0,0;140
1549;-0,6306612;-0,2954417;-1,2284474;0,3523725;0,0;120
1550;0,69626206;-0,25389165;1,5522357;-1,6495428;1,0;140
1551;0,30622584;-0,9919513;-0,19559097;2,3001924;1,0;110
1552;1,0156095;-0,795198;2,4621985;1,4656159;0,0;130
1553;-0,22416987;-0,23913996;-0,29057038;0,11183025;1,0;120
1554;-0,708141;-0,23282568;-1,4915731;-0,21145889;1,0;120
1555;0,09301074;-2,1123168;1,8692799;2,8048687;0,0;110
1556;-0,3478504;-0,09195143;-1,2666599;-0,7437682;0,0;120
1557;-0,40979928;-0,18205832;-0,59235555;-0,0051061735;0,0;120
1558;1,5569867;1,1255324;2,0431857;-1,0059544;1,0;150
1559;-0,53340197;0,03820357;-1,521508;1,6733475;0,0;100
1560;-0,44814837;-0,19565532;-1,3691485;-0,35487783;0,0;120
1561;-0,6440585;0,22428909;-1,9193462;0,04514028;0,0;110
1562;0,76284766;-0,7012958;1,4507718;1,0838859;0,0;120
1563;-0,4329034;-0,07366637;-1,0795763;-0,7035551;0,0;120
1564;1,8503186;1,5045631;2,6691833;-1,5576614;1,0;180
1565;0,033300526;-0,87024343;0,17964429;0,40239346;0,0;118
1566;0,0906063;-1,8688613;2,6753662;1,7701114;0,0;120
1567;0,22263707;-0,3602335;-0,74917734;-0,18934833;1,0;120
1568;-0,27957138;-0,6060885;-1,1495985;2,0997229;0,0;120
1569;-0,779117;-0,6956688;0,9459918;0,8784323;1,0;135
1570;-0,19261768;-0,5466417;0,26775938;0,6500329;1,0;130
1571;0,31331995;0,48849416;-0,13961941;-1,6048232;1,0;140
1572;0,060773376;0,22065584;-0,15150096;-1,6106731;0,0;140
1573;1,3605154;-0,016333837;2,9833167;-0,03597025;1,0;140
1574;-0,47998103;-0,2724616;-0,6483611;0,52642024;0,0;120
1575;-0,14651793;-0,6287834;-0,6683854;1,2051973;0,0;100
1576;-0,36280873;-0,12313537;-0,46311724;-0,11988399;1,0;120
1577;-0,6264656;-0,28372806;-0,31435603;0,7314856;0,0;120
1578;-0,045256667;0,084560305;-0,64195323;-1,0655098;0,0;130
1579;0,56432587;-0,27606684;1,511156;0,29963598;1,0;130
1580;0,37217128;-0,18089324;0,94578505;0,21822104;1,0;120
1581;-0,35317093;-0,11767034;-0,65739346;-0,32896602;0,0;120
1582;1,7005919;0,744173;2,3320374;-1,6852841;0,0;180
1583;-0,6853563;0,32090527;-2,2477787;0,63126993;1,0;110
1584;-0,3880312;-0,25647455;-1,103287;0,01331149;0,0;120
1585;-0,0939652;0,02842722;-0,89197636;-0,9308784;0,0;120
1586;-0,06125875;-0,3401597;0,39932644;1,9709582;1,0;110
1587;-0,60869104;-0,13417168;-0,65296733;-0,6205485;0,0;130
1588;-0,14115421;-0,6287701;0,66695166;0,9912965;1,0;120
1589;0,87334484;0,7722174;1,1453365;-1,5875204;1,0;150
1590;0,9268969;-1,9707414;2,2878735;4,0453625;0,0;110
1591;-0,792683;0,38190645;-2,6467004;0,4354268;0,0;90
1592;-0,075250834;-0,49170262;-0,39846596;0,54908705;0,0;130
1593;-0,46072844;-0,07186356;-0,8181027;-0,47426394;1,0;120
1594;1,9988083;0,9141138;2,9820037;-1,7283096;1,0;170
1595;-0,18506655;-0,4699763;0,83117807;0,87703323;1,0;130
1596;-0,39236048;-0,24441187;-1,0592744;-0,02930095;0,0;120
1597;-0,47529796;-0,16352443;-1,6759167;1,0060178;0,0;110
1598;-0,29805034;-0,5265464;0,07101046;1,4632815;0,0;120
1599;0,5875264;0,5021477;0,7767674;-1,5698593;1,0;140
1600;-0,6890034;-0,2832892;-1,2055093;0,40722576;0,0;120
1601;-0,50735766;-0,35833508;-2,2393522;1,421274;0,0;110
1602;0,90802705;0,40648872;2,0386193;0,88208854;1,0;140
1603;-0,38679686;-0,10781829;-1,146478;-0,56835556;0,0;120
1604;-0,68731445;-0,007208705;-1,0966643;1,0826861;0,0;120
1605;0,25848138;0,36216676;0,62701106;-0,6198683;1,0;130
1606;0,041387834;-1,0970687;1,0711696;0,81204104;1,0;120
1607;-0,31100476;-0,63563603;0,29003596;1,1690879;1,0;130
1608;-0,14972493;0,09669803;-1,1724458;-0,8912214;0,0;120
1609;-0,380441;-0,21255119;-0,34995484;0,13319606;1,0;120
1610;0,6133988;0,3872639;0,44215757;-0,57649934;1,0;140
1611;-0,82940435;0,27129048;-2,3626812;0,25926736;0,0;100
1612;-0,54024893;-1,9350454;2,2417192;2,1466012;1,0;130
1613;0,6240486;0,48931843;0,97653246;-0,0052024797;1,0;140
1614;-0,4815014;-0,120879054;-0,68733805;-0,115624204;1,0;120
1615;0,67106307;0,12116053;1,9748685;-0,69389164;1,0;150
1616;-0,0074832863;0,10047245;-0,37788028;-0,59642935;1,0;130
1617;0,7003769;-0,2997638;1,044602;0,006251268;1,0;140
1618;-0,8116254;0,087228455;-2,17559;0,8654064;0,0;110
1619;-0,8802107;0,31470597;-2,4555075;2,0607429;0,0;100
1620;-0,078931525;-1,2064838;0,7050867;0,5881561;1,0;120
1621;0,2906146;0,45095843;0,24162675;-1,0245849;1,0;135
1622;0,52870196;-0,065338805;1,4548625;-0,7247559;1,0;140
1623;1,3893237;0,46756804;2,8546638;-0,63174367;0,0;150
1624;-0,2023369;-0,6063168;0,5905473;0,90107477;1,0;130
1625;0,017134422;-1,3569694;0,5638199;1,1068976;0,0;120
1626;-0,4187809;-0,18395834;-1,0828551;-0,13255024;0,0;120
1627;0,30807456;0,34240323;0,5676142;-1,3478138;1,0;160
1628;-0,4373195;-0,07810836;-1,5665535;-0,92584777;0,0;120
1629;-0,44110844;0,17055544;-1,4604197;-0,381972;1,0;120
1630;-0,18758443;-0,43552858;-0,15779792;0,6584214;0,0;120
1631;-0,64312315;0,071547925;-1,2365347;-0,99581933;0,0;120
1632;-0,4455564;-0,113782346;-1,3481771;-0,55340016;0,0;120
1633;0,07695384;0,2887147;0,20331183;-0,72581613;0,0;140
1634;-0,012351438;-0,280582;-0,46817327;1,4799557;0,0;100
1635;-0,16260989;0,1523566;-0,51552176;-0,41050255;0,0;120
1636;-0,7977771;-1,133915;1,2393044;1,2242928;1,0;140
1637;-0,17447868;-1,5454038;1,0512221;2,1790938;0,0;120
1638;0,14060088;-3,0347733;3,9470613;3,1631815;1,0;130
1639;-0,3516117;-0,3075558;-0,04679647;0,29176632;0,0;130
1640;-0,5364503;-0,14517266;-1,9333012;0,21392375;0,0;120
1641;-0,0401163;-0,69609046;-0,11829765;0,21536884;0,0;120
1642;0,08446517;-1,6133235;1,5348686;1,3172426;0,0;120
1643;0,36970416;0,371197;0,15240338;-1,3928614;1,0;140
1644;-0,43877152;-0,28375977;-0,35132113;0,61233366;1,0;120
1645;-0,79777706;0,14646491;-1,748492;1,6058314;1,0;100
1646;0,67274827;-0,09742519;1,2610816;-1,0224597;1,0;160
1647;-0,51074505;0,20963381;-2,450952;-0,47697288;0,0;110
1648;0,5785272;0,44017035;0,9518709;-0,3494146;1,0;140
1649;-0,64376277;-0,22814594;-1,6266677;-0,19388494;0,0;120
1650;-0,4155269;0,5540435;-1,3620635;-1,2312059;0,0;130
1651;0,30572784;-0,17851822;0,8550235;0,7245625;1,0;120
1652;-0,80874205;0,40176213;-2,5203593;0,9661052;1,0;100
1653;0,85385156;-0,44668907;2,1296878;-0,5011687;1,0;135
1654;-0,4642656;-0,3185274;-1,9739966;1,1296719;0,0;110
1655;-0,024166685;0,48038268;-0,2764666;-1,8406221;1,0;140
1656;1,3201933;0,26493305;2,5479686;-0,9739896;1,0;150
1657;-0,62911916;-1,2265118;1,2621728;0,07392076;0,0;130
1658;1,0130079;-0,11169845;2,3701222;-1,4179726;1,0;160
1659;-0,22055091;0,09015032;-1,163497;-1,5359023;0,0;120
1660;0,09652928;0,29930407;-0,120655;-2,0189595;0,0;140
1661;0,3342606;-0,9307104;0,5636648;0,80811703;0,0;110
1662;-0,69096255;-0,5188236;0,32017502;1,0579873;0,0;120
1663;-0,190638;0,09761302;-1,1888655;-1,2354906;0,0;120
1664;-0,62023926;-0,23588301;-1,725462;0,48496637;0,0;110
1665;-0,27812383;-0,6297099;-0,12370451;1,312696;0,0;120
1666;-0,043369398;0,20061642;-1,1974987;-1,8656099;1,0;140
1667;-0,46835917;-0,07882936;-1,188421;-0,60424423;0,0;120
1668;-0,6242785;-0,43558466;-1,7318213;0,41012102;1,0;120
1669;0,23370983;-0,3056165;-0,2280505;-0,3402378;1,0;120
1670;1,3972013;-0,3710072;3,0071654;0,9879488;1,0;140
1671;-0,14904687;-1,3128263;0,75759447;1,8802859;0,0;120
1672;0,5576121;-0,518964;0,7421566;-0,25555104;1,0;120
1673;-0,15849422;0,13422349;-0,53199863;-0,4077332;0,0;120
1674;-0,7768345;-0,913705;2,5014536;1,6156595;1,0;140
1675;-0,11027963;0,06882896;-1,2276467;-0,8108518;0,0;120
1676;-0,4306164;-0,14747573;-1,1619054;-0,8389772;1,0;130
1677;0,02429279;-0,34784472;-1,2877246;0,026273146;1,0;110
1678;-0,6017009;-0,40929073;-1,2039219;1,4535997;0,0;110
1679;-0,6817846;0,31536055;-3,191646;0,13327612;1,0;110
1680;2,0446622;0,6080852;3,7001162;-1,1158386;1,0;165
1681;0,4546063;-0,50023365;0,28679496;-0,51279676;0,0;125
1682;1,8889816;1,3991643;2,1612802;-2,5942183;1,0;180
1683;-0,05895435;0,016048778;-0,49551427;-0,30784696;1,0;120
1684;0,19020462;-0,4991507;-2,154605;0,36258012;0,0;100
1685;-0,2583878;0,2672401;-1,4125662;-1,1197002;0,0;110
1686;0,035428207;0,045115627;-0,3604522;-0,09237076;0,0;120
1687;-0,35567704;-0,12192097;-0,7782948;-0,3157794;1,0;120
1688;-0,05907984;0,29273856;-1,3211694;-2,6509717;0,0;130
1689;0,48236585;0,66250986;1,2381604;-1,5785085;1,0;160
1690;-0,5324731;-0,36816204;-1,1050248;0,63434637;0,0;120
1691;0,6481554;-0,11442281;1,2082318;-1,1156927;1,0;160
1692;1,1290967;-1,1554141;2,7426484;1,851671;1,0;120
1693;-0,8204612;-0,30101484;-1,8606745;-0,31951702;0,0;120
1694;-0,5697912;-0,33203506;-0,84118223;0,71148765;0,0;120
1695;-0,06832044;-0,6858997;0,20418464;0,2758914;1,0;130
1696;-0,3449063;-0,28102922;-0,72483647;0,44236663;0,0;120
1697;-0,44237706;-0,24358015;-0,22803655;0,24564177;0,0;130
1698;0,3601166;-0,6959894;-1,5695378;1,1035784;1,0;90
1699;-0,20227091;-0,41774678;-0,0545585;0,92780423;1,0;120
1700;-0,5493609;0,17839506;-1,4593626;0,15693988;1,0;110
1701;1,4506823;1,4489366;1,63222;-2,775365;1,0;180
1702;0,74727803;-0,61284196;1,5959905;1,122172;0,0;120
1703;0,47645092;-1,0572433;0,60432994;1,5244784;0,0;120
1704;0,066564105;-0,46521908;-0,60990775;1,0058832;0,0;110
1705;-0,9347747;0,63432723;-3,2736099;0,036139347;0,0;90
1706;-0,44658807;-0,35373604;-1,8144243;1,4032478;0,0;110
1707;-0,3797194;-0,54474497;1,3202419;2,2303042;0,0;120
1708;0,79696953;0,2621891;1,7038974;-0,7554443;0,0;144
1709;-0,20872784;-0,45894754;0,9963633;1,5449669;1,0;120
1710;0,23116428;-0,8150394;-0,3196411;1,781189;0,0;110
1711;0,87847644;0,33828038;1,737804;-0,15149073;1,0;150
1712;0,4600243;0,44729865;0,014620334;-0,50388336;1,0;130
1713;0,07696526;0,2260114;-0,5475905;-0,57317984;0,0;130
1714;0,8542015;-0,5333699;1,9455392;0,4253065;1,0;140
1715;-0,8752438;-0,45917284;-0,584465;-0,7184794;1,0;150
1716;-1,0257331;-0,2544809;-2,3707428;-0,96764636;0,0;120
1717;-0,526739;-0,33650863;-1,8019168;1,3721226;0,0;110
1718;-0,9177163;0,17465378;-2,4902604;-1,2527118;0,0;100
1719;-0,2874937;-0,22584198;-1,1287315;0,36668107;0,0;110
1720;0,22833848;-0,13556947;0,1726334;-0,4301555;1,0;130
1721;0,88934684;-0,3125701;2,5246515;-0,92167985;0,0;150
1722;-0,4584521;-1,5575445;1,0788094;2,0793328;0,0;130
1723;1,1902964;0,29742253;1,9778;0,096754044;1,0;140
1724;1,6364216;-0,9162119;3,8285077;2,1988955;0,0;150
1725;-0,20200923;-0,47423506;0,29277307;0,43303248;0,0;110
1726;-0,33932927;-0,16638128;-1,2632192;0,9552494;1,0;110
1727;-0,48061106;-0,25622576;-0,9241935;-0,13837361;1,0;130
1728;0,32670468;-0,8528359;0,028551776;1,7360878;0,0;110
1729;-0,6406962;-0,41183364;0,36919263;-0,046929292;1,0;130
1730;0,048739783;0,18583174;-0,76661646;-1,8324938;1,0;140
1731;-0,37611365;-2,2412336;2,2902782;2,277027;0,0;160
1732;-1,0545266;0,48196578;-2,781359;0,8061867;0,0;100
1733;0,52323604;0,49814355;0,7043066;-1,2573878;1,0;150
1734;-1,1345867;0,44640154;-3,3495524;0,8840517;0,0;100
1735;0,3929011;-0,8278959;-1,174846;2,529231;1,0;90
1736;-0,19059242;-0,85841066;0,4161268;0,77869475;1,0;130
1737;0,94113624;-0,6853203;2,5216079;0,16759868;1,0;130
1738;-0,3995945;-0,1906067;-0,7939826;0,074601665;0,0;120
1739;-0,8292554;-0,36794055;-0,99801135;-0,58356285;1,0;140
1740;-0,58067554;-0,12642865;-1,1770705;-0,3737772;1,0;120
1741;-0,20384659;-0,2702055;-0,2689346;0,23365673;0,0;120
1742;-0,59118295;0,10127896;-1,8393482;0,73781645;0,0;110
1743;1,1606375;-0,019132346;2,4311657;0,72525454;1,0;140
1744;-0,5208933;0,13918597;-2,1518183;0,1561457;1,0;110
1745;-0,026229728;0,10507611;-0,6508255;-0,5216156;1,0;120
1746;0,18521182;-0,50490886;-1,1723962;0,4501702;1,0;100
1747;0,65208703;0,23387115;0,8450744;0,18307783;0,0;130
1748;-0,42908612;-0,13322641;-1,0470378;-0,38776365;1,0;120
1749;0,5078189;-0,5096184;0,5864575;0,28736013;0,0;120
1750;0,04815311;0,27014598;-0,19060287;-1,2901789;1,0;140
1751;0,4494526;-0,2869019;0,11087352;-0,9991119;0,0;130
1752;-0,14063738;-0,6865345;-0,14586696;0,91751194;0,0;130
1753;0,7693616;-0,013059903;1,4140881;-0,6270877;1,0;140
1754;-0,07162713;-0,5554807;-0,065730065;0,17348203;0,0;120
1755;-0,5986756;-0,90490144;1,2216719;0,35050783;0,0;140
1756;-0,59434885;-0,3258235;-1,3820791;0,44710645;0,0;120
1757;-0,42262337;0,10181904;-1,633101;0,28344107;0,0;110
1758;-0,107936874;0,19224331;-1,2133256;-2,1721869;1,0;130
1759;0,5752031;-0,21656407;0,9702139;-0,9878081;1,0;130
1760;-0,72761244;0,10061255;-2,0357556;0,7772387;0,0;110
1761;0,23300396;-0,872549;-0,6797172;2,2958665;0,0;110
1762;-0,75998;0,5057115;-2,5858524;0,7051269;0,0;90
1763;1,324305;1,1725659;2,4333162;-1,7982208;1,0;150
1764;-0,30966946;-0,9348674;0,6168045;0,653569;1,0;140
1765;-0,52736443;-0,18344444;-1,7695;-0,6047306;0,0;120
1766;0,055644948;-1,2051107;0,5678239;1,0325581;0,0;110
1767;-1,0740876;0,39903367;-2,9541066;1,495998;0,0;100
1768;-0,22196776;-0,6866301;0,21702226;1,2198579;0,0;120
1769;-0,7382429;0,28354478;-2,9160821;-0,7476244;0,0;110
1770;0,07562904;0,34869224;0,7138132;-1,5905141;1,0;139
1771;0,40279603;0,43679273;0,31910306;-0,44901434;1,0;130
1772;0,9611612;-1,7959862;1,4979506;4,116467;0,0;110
1773;0,33189532;-0,33637857;0,34562832;-0,41783386;0,0;120
1774;1,0019667;-1,0771593;2,1404953;1,7510731;0,0;130
1775;0,02644865;-0,7027765;-0,47763228;0,24026015;0,0;110
1776;-0,19097398;-0,34916407;1,1215626;1,4448754;0,0;120
1777;-0,17109902;-0,4308375;-0,11441405;0,655627;1,0;120
1778;-0,2752941;-0,6833663;0,40074572;1,3186648;1,0;120
1779;0,31759962;-0,42649502;0,540644;0,45716438;1,0;120
1780;-0,25729445;-0,48634505;0,27605563;1,4076996;0,0;120
1781;-0,62095064;-0,20932873;-1,1586725;0,13548468;0,0;120
1782;0,44743332;0,50418115;0,9779824;-1,25423;1,0;150
1783;0,025931606;-0,9070262;0,06969248;0,41398242;0,0;120
1784;-0,82029825;0,07018238;-1,9148211;1,014121;0,0;110
1785;-0,20816945;-0,4750396;0,81082124;1,4302496;1,0;120
1786;0,90450495;0,60634625;1,4742779;-0,47481802;1,0;160
1787;-0,44854742;-0,45580196;0,42783982;0,39998367;0,0;130
1788;-0,14756586;-1,5296522;0,60546803;1,7830904;1,0;120
1789;-0,2568965;-0,6452359;0,0878351;1,1847899;1,0;120
1790;-0,34577823;-0,73188627;0,3681278;1,9305279;0,0;120
1791;0,48032296;0,0782044;1,1178036;-0,7164376;1,0;140
1792;-0,520145;-0,16689704;-0,6312689;-0,3294548;0,0;130
1793;-0,58032393;-0,21903826;-0,7299367;0,47828695;0,0;120
1794;0,08974204;0,05480799;0,09835545;-0,24848862;0,0;130
1795;-0,35706586;-0,27513134;-0,47595263;0,49125454;1,0;120
1796;-0,1339314;0,044194892;-1,0318071;-0,79663515;0,0;120
1797;0,5651356;0,1012046;1,4839307;0,5799149;0,0;125
1798;-0,6128091;-0,17453536;-1,2088902;-0,14207438;0,0;120
1799;-0,3047236;-0,7830446;0,69617355;0,4380783;1,0;140
1800;-0,10765073;0,16942562;-0,46042788;-1,5273077;0,0;130
1801;0,5627605;0,66179377;0,82192796;-0,6341313;1,0;150
1802;-0,45298153;-0,20706075;-0,88366866;0,041180536;1,0;120
1803;-0,07798585;0,14855447;-0,35524064;-0,4542378;0,0;120
1804;-0,68532497;0,12340919;-2,1438587;0,5717821;0,0;110
1805;-0,09642579;0,028726168;-1,1154344;-0,904336;0,0;120
1806;-0,5414712;-0,28248918;-1,0856279;0,45747873;0,0;120
1807;-0,08583546;0,25428167;-0,36197048;-1,5520493;1,0;130
1808;-0,46183097;0,16273901;-1,6407862;-0,009041116;0,0;110
1809;-0,41131768;-0,634183;0,4239301;2,355157;0,0;120
1810;0,36701337;-0,40262842;-0,2102159;-1,1421492;1,0;140
1811;-0,30306548;-0,6847315;0,93479836;1,0851893;1,0;130
1812;-0,45723215;-0,122586265;-0,4012503;0,08468068;1,0;120
1813;-0,60938555;-0,5201413;-0,55656624;1,7293642;0,0;120
1814;-0,5092199;-0,26653504;-0,79566896;0,94276476;0,0;110
1815;0,25919405;-0,11794335;0,3762801;0,6441921;1,0;120
1816;0,4763187;-0,50023144;0,3976107;0,032092534;1,0;120
1817;0,20236959;0,4195866;0,17754957;-2,3247778;1,0;150
1818;-0,50993717;-0,20929807;-0,6694107;0,28453127;0,0;120
1819;-0,2637496;-0,4526766;1,1685079;1,2630007;1,0;118
1820;0,13530864;0,37082273;-0,45959932;-2,2946942;1,0;140
1821;0,119487524;-0,88632435;-0,7861464;1,0650918;0,0;100
1822;-0,8214259;0,5489105;-3,3637998;-0,5527686;0,0;100
1823;-0,36601835;-0,16631763;-0,96799517;0,0284037;0,0;130
1824;-0,434093;0,31957906;-1,897368;-1,1767619;1,0;120
1825;0,19018649;0,417171;-0,099119544;-1,8226144;1,0;140
1826;0,5786242;0,47062892;0,419874;-0,47026905;1,0;140
1827;-0,08555134;0,055221565;-0,37818018;-0,25758535;1,0;120
1828;-0,5347519;-0,21084833;-0,94118357;0,2427355;0,0;120
1829;3,1100385;0,8657651;5,452286;-0,30249903;1,0;170
1830;-0,61614895;0,36834234;-2,7141957;0,17071648;1,0;100
1831;-0,82537556;-0,45211935;0,25442004;0,83900213;1,0;120
1832;-0,60900456;0,28367126;-2,709258;-0,60744476;0,0;110
1833;-0,45108408;-0,17379716;-0,62180626;0,19602406;1,0;120
1834;0,3862782;0,64198595;-0,13784528;-1,619885;1,0;130
1835;0,037785772;-0,8178825;0,19383077;0,3111028;0,0;120
1836;-0,36897326;-1,0199137;0,7436174;0,251882;0,0;130
1837;0,31693456;-0,7882711;-2,278883;3,2050903;0,0;80
1838;0,37743294;-0,2906571;0,082162805;0,033256955;0,0;120
1839;-0,6998793;-0,40997714;-0,8911998;-0,3405061;1,0;140
1840;-0,4287039;0,5090786;-1,3945442;-1,6827071;0,0;130
1841;-0,7657819;-0,22983454;-1,1042814;-1,1357677;1,0;140
1842;2,9988604;1,9662592;4,132491;-0,9960736;1,0;170
1843;-0,58906156;-0,23260419;-0,046381533;0,2406021;1,0;130
1844;-0,6871455;-1,5098321;1,774163;2,3055491;1,0;120
1845;-0,4196916;-0,23290358;-0,35134315;0,5583701;0,0;120
1846;0,9865959;0,036030162;2,0102363;0,8651434;0,0;130
1847;6,066109;1,8807148;10,065019;0,22095796;0,0;220
1848;0,28557432;-0,76217765;-1,2755316;2,4003508;0,0;100
1849;0,40871528;-1,1927309;0,32958382;2,763183;0,0;110
1850;-0,6729022;-0,30524778;-1,5540752;0,23267749;0,0;120
1851;-0,3416111;-0,19345239;-0,33721253;0,16443206;1,0;120
1852;-0,66548264;0,21295933;-2,1374292;0,018176094;0,0;110
1853;-0,148686;-0,58154684;-1,0998671;1,9316039;0,0;109
1854;1,5964012;0,38068736;3,1061902;-0,48432007;1,0;150
1855;0,72820663;-0,41934645;1,4683452;-0,044378266;0,0;140
1856;-0,20138237;-0,036052406;-2,0387044;-1,1294289;1,0;110
1857;1,6025438;-0,4782433;3,9801528;1,0813046;1,0;150
1858;-0,37041283;-0,08201321;-1,3272414;-0,8197514;0,0;120
1859;1,0402033;0,78460544;1,6847044;-1,5986482;1,0;150
1860;-0,5504579;-0,93566203;1,1308382;0,65106595;1,0;130
1861;1,6643332;0,5906798;3,0244205;-1,7734501;1,0;160
1862;-0,150124;0,40928245;-0,13404185;-1,1331202;1,0;130
1863;0,68281955;0,6180226;0,93882394;-0,97945523;1,0;160
1864;0,36980614;0,5488801;0,53861976;-1,7231648;1,0;150
1865;1,058046;0,11111304;1,9157959;0,7259337;1,0;140
1866;-0,1806901;-1,043647;0,4312809;0,9665587;0,0;120
1867;-0,48877954;-0,18407188;-1,1876222;-0,5856432;0,0;130
1868;0,45688438;-0,30358738;1,3855927;1,0600772;0,0;120
1869;-0,37648925;-0,17883043;-0,5721532;0,019845992;0,0;120
1870;-0,47150815;-0,16889954;-1,7502166;-0,09660231;0,0;110
1871;-0,26232955;0,2316958;-1,6249173;-1,8466763;0,0;120
1872;0,3343946;-0,43218738;-0,09350751;-0,5408815;0,0;120
1873;-0,4983643;-0,14015841;-1,7736819;-0,73471403;0,0;120
1874;-0,3629595;-0,32640713;-1,5302935;0,31426314;0,0;110
1875;1,1127883;0,37322378;2,126251;-0,81219804;1,0;160
1876;1,6986026;-0,9088536;3,9810805;2,6291876;1,0;140
1877;-0,8194283;0,15056857;-1,7968289;1,5226905;0,0;100
1878;1,685605;0,74733514;2,5623062;-1,6027061;0,0;160
1879;0,6114267;0,53321433;1,5122341;-1,2184141;1,0;140
1880;0,08005458;0,1068881;-0,23678187;0,17410775;0,0;120
1881;-1,0184364;0,10401195;-2,907367;-0,12888582;0,0;110
1882;0,2792392;-0,9965196;-0,5540054;1,423979;0,0;110
1883;-0,63220185;-0,47385728;-1,425885;0,764629;0,0;120
1884;0,5006897;0,48086047;-0,49749875;-1,2346427;1,0;140
1885;0,5240316;-1,3211447;1,5252182;1,695877;1,0;110
1886;-0,3933835;0,17675565;-1,6487923;-0,24211319;0,0;110
1887;-0,16925618;-0,50492525;-0,023433663;0,8162875;0,0;120
1888;-0,61460847;0,27207243;-1,7224239;0,16719769;0,0;100
1889;1,1761092;1,0500443;1,5183868;-0,8018652;1,0;160
1890;-0,3039062;-0,804543;1,1075547;0,32808074;0,0;130
1891;-0,52267617;0,07029948;-1,4172326;1,0758461;0,0;110
1892;-0,5284156;-0,35456014;-0,3834828;0,12687156;1,0;120
1893;-0,13558638;-0,18652368;-2,0855563;0,6653091;0,0;100
1894;0,13151002;0,2500821;-0,3852014;-1,5022615;1,0;130
1895;0,63665164;0,7365287;0,9028175;-2,8240747;1,0;150
1896;0,46036988;0,47798282;0,5469382;-0,87750816;0,0;160
1897;-0,5255611;-0,20949322;-0,7090559;0,39051956;0,0;120
1898;-0,14617054;-0,33075064;-0,59242845;1,7034616;1,0;110
1899;-0,4203019;-0,40707654;-0,5965555;0,97174346;1,0;120
1900;0,51402473;-0,26247513;0,8071904;-1,0064043;1,0;140
1901;-0,5688392;-0,22279517;-0,9631684;0,31586778;1,0;120
1902;-0,1386633;0,10637924;-0,43746638;-0,4029317;1,0;120
1903;0,24834006;-0,41751796;-0,28371;-0,07133579;1,0;110
1904;0,36833322;0,29365128;0,27548772;-0,1685695;0,0;140
1905;0,11777105;-0,52738565;-1,1953285;0,46051684;0,0;110
1906;0,16995318;0,13538375;0,4173227;-0,9484799;1,0;130
1907;0,78465235;0,23489556;1,8664875;0,23200196;1,0;140
1908;0,6982601;-0,08624007;1,198928;-0,89926934;1,0;140
1909;-0,5755225;-0,29217315;-1,7040973;0,10699515;0,0;120
1910;0,4320697;-0,47969985;0,28787827;0,55714095;1,0;110
1911;-0,16383477;-0,56976765;0,41544986;0,99842095;0,0;120
1912;-0,111836806;0,07237156;-1,615906;-1,1255288;0,0;120
1913;-0,36107856;-1,5748214;1,1774521;2,0637698;0,0;128
1914;-0,07624292;-0,51815355;-0,32078618;0,31886184;0,0;120
1915;0,23236789;-0,40749782;-0,19391134;-0,08596848;0,0;110
1916;-0,44038558;0,16370353;-1,4579554;-0,114106014;0,0;110
1917;-0,56255484;-0,20258759;-1,1565769;0,6007941;0,0;110
1918;-0,6999848;-0,2712565;-1,1847633;0,04703656;0,0;120
1919;-1,1855116;0,06329881;-3,2685835;-0,2561187;0,0;110
1920;1,3306605;0,82370645;1,9119793;0,18015966;1,0;170
1921;-0,009949591;0,44370627;0,013239805;-2,7295215;1,0;160
1922;0,14536929;0,23394087;0,19505316;-2,1133869;1,0;140
1923;0,24857879;-0,31747413;-0,22080493;-0,5309092;1,0;120
1924;-0,555358;-0,22991674;-1,7332418;0,28446406;0,0;110
1925;-0,28437942;-0,3417688;0,106445044;0,52339375;0,0;130
1926;-0,31342426;-0,22690932;-0,26386532;0,2618096;1,0;120
1927;-0,28139633;-0,48159015;1,7587032;1,326062;1,0;130
1928;0,632087;0,0010032393;0,7369484;-0,3256611;1,0;130
1929;-0,48683456;-0,3559717;-1,283161;1,3100973;0,0;120
1930;-0,40425947;-0,2551939;-0,4399997;0,48454872;1,0;120
1931;-0,4232638;-0,15856731;-0,43397522;0,22637925;0,0;120
1932;-0,13084815;-1,2257795;0,73276556;0,8247433;0,0;120
1933;-0,68549544;-1,095595;1,5692234;0,8152387;1,0;140
1934;0,6794703;0,28714362;2,253521;1,5928831;1,0;140
1935;0,07576482;-0,44514602;-0,6676488;0,7429625;0,0;110
1936;-0,3386339;-0,09683102;-0,93201554;-0,44167328;1,0;120
1937;0,43667486;0,40510452;0,89056444;-1,3975325;1,0;150
1938;0,14967883;0,28393003;0,6293844;-1,6213723;1,0;140
1939;1,8412304;1,4744904;2,7539983;-1,535593;1,0;180
1940;0,4503339;0,359029;0,7539113;-0,8746778;1,0;140
1941;-0,33758575;-0,17892535;-0,6165523;0,023782022;0,0;120
1942;-0,0340411;-0,3444739;-1,6908586;1,5566201;0,0;110
1943;-0,65637094;-0,26675576;-1,7039921;0,3133864;0,0;110
1944;-0,24114522;0,31413245;-1,0533102;-1,7924919;0,0;110
1945;-0,4676821;-0,05114241;-1,8130411;-0,12237927;1,0;120
1946;0,07592883;0,05553461;-0,0015029535;-0,2642898;0,0;130
1947;-0,1227468;0,06547859;-1,0295974;-1,0297887;0,0;120
1948;-0,38087964;-0,1664268;-1,2755727;0,5163387;1,0;120
1949;1,7780346;1,508759;2,25269;-3,054608;1,0;180
1950;0,012759616;-0,39709198;-0,8328387;0,69425094;0,0;110
1951;-0,5199598;-0,21885039;-1,4049186;-0,073346354;0,0;120
1952;0,3023114;0,40960747;0,57193947;-1,1582296;1,0;140
1953;0,71829563;-0,7455051;1,2198751;0,8557775;1,0;110
1954;0,9318454;-0,007024899;1,8444215;-1,4426706;1,0;140
1955;0,2292097;0,60077614;-0,35042867;-1,1854565;1,0;130
1956;0,47840682;-0,047003813;1,0848718;0,22036389;0,0;140
1957;-0,43670824;-0,22419558;-0,8901624;0,100699216;1,0;120
1958;0,112006985;-0,5129074;-1,3509904;0,8445604;0,0;100
1959;-0,2716077;-0,28754717;-0,39294443;0,48454306;1,0;120
1960;0,89452064;-0,0028506294;1,8729231;-0,97758555;1,0;150
1961;0,6160224;-0,09351537;1,2411585;-0,9871242;1,0;140
1962;-0,09392389;0,0046811886;-0,5316224;-0,792063;1,0;120
1963;-0,52267236;-0,20563352;0,024086397;-0,020848893;0,0;135
1964;-0,57487595;0,074052095;-2,5643144;1,392804;0,0;110
1965;-1,4964631;0,67178005;-4,371785;-0,4600561;0,0;90
1966;0,32583126;-0,89503586;0,05340471;1,0184202;1,0;120
1967;0,5862747;-0,5535607;0,898751;0,24918145;1,0;120
1968;-0,8778018;0,5079245;-2,8296645;0,3718384;1,0;100
1969;-0,1999962;0,17511916;-0,63067734;-1,008429;1,0;120
1970;-0,5446866;-0,3259071;-1,6231453;0,75453115;0,0;110
1971;-0,62602884;-0,25849628;-2,2809963;-0,5437397;0,0;120
1972;-0,532675;-0,23824637;-1,3434165;-0,043890998;1,0;120
1973;-0,44109023;-0,09604555;-0,4664352;-0,17433617;0,0;120
1974;0,3208925;-0,07594057;0,62423956;-0,41443664;1,0;140
1975;-0,39193437;-0,16998927;-1,3639189;-0,68864393;1,0;120
1976;-0,49854526;-0,09213802;-1,0430399;-0,43995082;0,0;120
1977;1,8280506;0,6665484;3,0442035;-1,922595;1,0;150
1978;-0,3447734;-0,13837549;-0,9546056;-0,387861;0,0;120
1979;0,47953543;-1,1334276;-0,43665206;2,9427803;0,0;110
1980;-0,27852553;-0,7294187;0,08386901;1,4956566;0,0;120
1981;0,44843066;-2,0663555;2,4778721;3,0188918;0,0;120
1982;-0,7280649;-1,3317055;1,1450503;0,379881;1,0;140
1983;1,1727172;0,2734292;2,6157696;-0,12534663;0,0;140
1984;0,08106981;0,37842238;0,84626675;-1,4292879;1,0;140
1985;-0,7004653;0,23322117;-2,1054628;1,4819174;0,0;110
1986;-0,48540863;-0,01211071;-1,8134173;0,6299007;0,0;110
1987;-0,04278306;0,09119411;-0,254981;-1,1801383;1,0;130
1988;0,89849377;-0,4733454;2,4896636;-0,5161663;1,0;160
1989;0,6219006;-0,20940232;1,0410959;-1,8123991;0,0;140
1990;-0,52465254;-0,26637852;-0,9612423;1,33786;0,0;120
1991;-0,27192858;-0,7370763;0,681114;0,6598029;0,0;120
1992;-0,14316663;0,070220366;-0,67320466;-0,8309536;0,0;120
1993;-0,5144164;-0,21685545;-1,1278706;0,43245432;0,0;110
1994;1,3821726;-0,051199414;3,2236304;0,05444803;0,0;140
1995;-0,8398925;0,35830057;-2,3962324;1,3518009;0,0;100
1996;0,57296;-0,107836485;1,0606135;-0,42444092;1,0;130
1997;-0,61923635;-0,39047068;-1,0066414;0,8153881;0,0;120
1998;0,23518054;0,3643511;-1,5189269;-1,3958972;0,0;120
1999;1,4648023;0,2215306;2,7813346;-1,1267078;0,0;150
2000;-0,5485817;-0,14762263;-0,4417628;-0,37960166;1,0;120
2001;-0,13081107;0,087163396;-1,286089;-0,93547404;0,0;120
2002;0,5003765;-0,22158228;0,55129546;-1,3410541;0,0;140
2003;-0,14488277;0,0735985;-0,6891706;-0,79916966;1,0;120
2004;-0,13459137;0,27902204;-0,6991281;-1,0115541;0,0;120
2005;-0,333652;-0,1923676;-1,1050059;-0,3653677;0,0;120
2006;-0,47093004;-0,12989886;-1,0936348;-0,6979842;1,0;140
2007;-0,33215383;-0,18872644;-0,6990783;0,049186908;0,0;120
2008;0,69677913;0,80616957;0,24762675;-3,4031184;1,0;170
2009;0,023126952;0,013895184;-0,44963282;-0,47967768;1,0;120
2010;-0,52191776;-0,6672225;3,3690853;2,845355;1,0;145
2011;-0,71329993;0,19907416;-1,6827086;1,1819346;0,0;100
2012;0,82527375;0,07854192;1,7700018;-0,6620487;1,0;162
2013;-0,09208928;-1,5015926;0,22098605;2,090316;1,0;90
2014;-0,4200948;-0,118777886;-0,96048295;-0,3134858;1,0;120
2015;-0,10342006;-0,5070277;0,4373638;0,61808157;1,0;120
2016;-0,28565696;-0,27829587;-1,0336163;0,40857232;1,0;130
2017;1,146736;-1,0512489;3,0734806;1,3795923;1,0;130
2018;-0,1196233;0,04909077;-1,3559502;-1,6268486;1,0;120
2019;1,6229101;0,503537;2,6829293;-1,0420883;1,0;160
2020;0,037683032;0,2550187;-1,000429;-2,492176;0,0;130
2021;0,6221323;-0,2010607;1,159777;-1,2644548;0,0;140
2022;0,74163866;-0,061274633;2,1778998;-0,8745773;1,0;150
2023;-0,22102469;-0,45370656;1,1370344;1,0249536;0,0;125
2024;0,1888611;0,3713997;0,45319825;-1,4724808;1,0;140
2025;0,624317;-0,04574138;2,1698122;-0,36948755;1,0;140
2026;-0,38967654;-0,14093842;-0,91284037;-0,48870084;0,0;120
2027;0,68716395;-0,108704;2,297913;-1,2208554;1,0;150
2028;1,1989697;-0,13974696;2,185066;-0,31696725;1,0;150
2029;0,87781674;0,0618653;1,5401216;-0,24359503;0,0;140
2030;-0,33429986;-0,17781118;-0,80265224;-0,115147434;0,0;120
2031;-0,47235408;-0,27093416;-1,161051;0,14690356;0,0;120
2032;1,204864;-0,5295002;2,4342403;0,7505268;1,0;130
2033;-0,7933943;0,18075746;-2,9275413;0,997941;0,0;100
2034;-0,24270508;-0,10864958;-0,8765688;-0,18371888;1,0;130
2035;0,035618566;-0,52766246;-0,8256725;0,29865727;1,0;100
2036;-0,64054626;-0,34317505;-1,3673128;0,49509737;0,0;120
2037;0,20799647;0,17787074;0,37659642;-0,95459175;0,0;150
2038;0,4795612;-0,2441111;0,37702498;-1,1827226;1,0;140
2039;0,7312148;-0,35322076;1,3022962;0,29843077;1,0;120
2040;1,5486087;0,13360325;3,1775599;0,6669214;1,0;160
2041;-0,75658166;-0,98711187;2,5463333;1,4546839;1,0;140
2042;0,933366;0,18095149;2,174381;-0,29541802;1,0;150
2043;-0,58548796;-0,38241106;-0,25327766;1,2821732;0,0;120
2044;-0,53211886;-0,18082865;-0,9541477;0,101926416;0,0;120
2045;-1,0683233;0,500257;-3,006076;1,6186857;0,0;90
2046;-0,17041115;0,3851902;-0,65930986;-1,4263133;1,0;130
2047;-0,19729906;-0,4295928;-0,017522596;0,9131266;1,0;120
2048;0,18009242;0,10160431;0,23195465;-1,0119483;1,0;130
2049;-0,48990852;-0,23287655;-0,8687992;0,21371809;1,0;120
2050;1,6933156;1,8392059;2,8433259;-2,4891818;1,0;190
2051;-0,16674122;0,10122175;-1,2313687;-1,4135149;1,0;120
2052;-0,10312492;0,12300187;-0,8464469;-1,2509006;1,0;120
2053;1,4191483;0,4964822;2,6708317;-0,48556015;0,0;150
2054;0,44305363;0,56022114;0,51480365;-1,568475;1,0;150
2055;-0,064909644;-0,48059255;0,16018535;0,7566341;0,0;130
2056;-0,15663822;-0,607148;-0,15534192;1,0849566;0,0;110
2057;0,8220686;-0,4389215;2,0086374;-0,21125922;1,0;130
2058;0,59502137;0,039209772;1,1896574;-0,68426394;1,0;140
2059;-0,64922726;-0,49668175;-0,35993773;1,7661898;0,0;120
2060;-0,2706389;-0,43740058;0,29717618;1,7949698;0,0;120
2061;1,2056061;0,059044216;2,004681;0,2709525;1,0;150
2062;-0,25533062;0,48026317;-1,0330048;-2,4914606;1,0;130
2063;-0,5021566;0,15972713;-1,6087986;0,15900809;0,0;110
2064;1,6737634;0,60387355;2,809081;-1,455105;0,0;160
2065;-0,081332386;0,062446035;-0,4601754;-0,30823213;1,0;120
2066;0,23008859;-0,8555113;0,047803953;1,1056658;1,0;120
2067;0,5156143;0,5719782;-0,17797723;-1,4347279;1,0;150
2068;0,5581592;-1,8086553;2,7092698;2,2064486;0,0;120
2069;-0,06729684;-0,05707191;-0,693336;-0,11110335;0,0;110
2070;-0,25504622;-0,29623657;-0,4993391;0,48578885;0,0;120
2071;-0,61856747;-0,3823247;-0,4762622;0,56790435;0,0;110
2072;-0,5324326;0,078342274;-1,4542863;0,95422006;0,0;110
2073;0,57270885;-0,22253676;0,88345325;-0,85649145;0,0;130
2074;0,06943985;-0,56223375;-0,8887783;1,0984885;0,0;110
2075;0,5016292;0,27867723;0,9897647;-0,49902007;1,0;140
2076;-0,4103347;-0,18208084;-0,6727841;0,025642201;1,0;120
2077;1,4162493;-0,1518074;2,5513275;0,65529335;1,0;150
2078;-0,26020145;0,05067188;-1,3095846;-1,0999284;0,0;110
2079;-0,94201994;0,15802884;-2,818712;-0,38362017;0,0;110
2080;0,040314365;0,015243165;-0,22753954;-0,1845574;1,0;125
2081;-0,44132975;-0,2683304;-0,92536104;0,2602736;1,0;120
2082;-0,4002313;-0,22210218;-1,3508054;0,20918646;0,0;110
2083;1,1112498;-0,72825336;3,369586;0,20262715;1,0;140
2084;1,0165124;0,24876967;2,167388;-1,4894377;1,0;160
2085;0,22101921;-1,4059061;1,2884465;1,2689767;0,0;120
2086;-0,3747291;-0,21136318;-0,69656223;0,059808828;0,0;120
2087;0,0054560476;-0,02942171;-0,3630214;-0,011215165;0,0;120
2088;-0,32192838;-0,18241876;-0,68453;0,020224959;1,0;120
2089;-0,8745404;0,60575664;-2,6207924;0,6422713;0,0;90
2090;0,31162944;-0,36193955;-0,29629624;-0,86521673;1,0;120
2091;0,33201307;-0,027585573;1,3438926;0,6413412;1,0;130
2092;0,29684094;-0,1090198;0,35164753;-0,43999583;1,0;130
2093;-0,18544991;0,26011384;-0,5202118;-1,2482023;1,0;120
2094;0,13809375;-0,548545;-2,3098667;1,8711358;0,0;85
2095;0,9109294;0,63408625;1,3275261;-0,8364575;1,0;160
2096;-0,38853875;-0,14232905;-0,3454872;0,016321294;0,0;120
2097;0,63149846;0,4475767;1,0369303;-0,82505643;1,0;150
2098;0,39107683;-0,123479515;0,8099363;-0,28783107;1,0;140
2099;0,31811962;-0,43799084;-0,19986305;-0,16188438;0,0;120
2100;-0,56797105;-0,14634809;-1,8244163;1,4546351;0,0;110
2101;-0,49903318;-0,2667424;-1,116064;0,31084716;1,0;120
2102;0,4421405;0,6092901;0,21015216;-1,4906933;1,0;150
2103;0,5715423;0,46739596;0,8751179;-1,0113386;1,0;150
2104;-0,59586227;-0,2062811;-1,332404;0,56004393;0,0;110
2105;-0,89582765;-0,67530495;0,49518234;1,0337069;1,0;130
2106;0,07223605;0,3477028;0,7224432;-1,5617352;1,0;140
2107;0,657433;0,60603297;0,9291753;-0,5907779;1,0;150
2108;0,6667969;-0,018579815;1,5574193;-0,54514205;1,0;140
2109;0,2440124;0,31175244;0,5481315;-0,65693593;1,0;130
2110;0,5093776;-0,11098479;1,0110478;-1,349571;1,0;140
2111;-0,0415915;-0,57890874;-0,1555711;-0,018953238;1,0;120
2112;0,9469172;-0,041509748;1,7980828;0,6013708;0,0;130
2113;0,3276172;-0,3503343;0,017746493;-0,21937276;0,0;120
2114;1,9743448;-0,14956218;4,2687817;0,23082063;1,0;150
2115;0,900104;-0,861299;1,8647072;1,114069;0,0;120
2116;-0,2492958;-0,8771015;-0,08690101;2,3985553;0,0;110
2117;-0,99376607;0,656236;-3,6392064;-0,0029915646;0,0;90
2118;-0,48103607;-0,09251477;-0,9094446;-0,3167706;0,0;120
2119;-0,4895999;-0,27591825;-0,9454502;0,3332726;0,0;120
2120;0,9470641;0,835344;1,4121099;-1,2030125;1,0;170
2121;-0,46225175;-0,09859227;-1,3152918;-0,5934589;0,0;120
2122;-0,7599546;-0,2724715;-1,2572864;0,16497988;0,0;120
2123;-0,3778949;-0,13490318;-0,71499157;-0,6293553;0,0;110
2124;0,07241795;-0,40559143;-0,9173796;0,21172863;0,0;110
2125;-0,3882874;-0,43038487;-1,2088019;2,1607006;0,0;110
2126;-1,0148969;-0,6056396;0,7120898;0,11641124;1,0;140
2127;-0,6186692;0,19209869;-1,9400177;0,22111404;0,0;110
2128;0,7223728;-0,42916876;1,5485061;-0,46729037;1,0;140
2129;-0,3924093;-0,13341033;-0,40800822;-0,0054905303;0,0;120
2130;-0,43489882;-0,12703727;-0,8808118;-0,28525025;1,0;120
2131;0,0024789707;0,39499503;0,21057755;-1,6695246;1,0;130
2132;-0,46839225;-0,22380598;-0,8032681;0,30480972;0,0;120
2133;-0,5846794;-0,29211766;-1,3318187;0,36307043;0,0;120
2134;-0,1781649;0,09024002;-1,2934246;-1,053283;0,0;120
2135;0,821161;0,21928492;1,2532681;0,049489133;1,0;140
2136;1,5877588;1,538416;2,598986;-2,2770603;1,0;180
2137;0,5661513;0,21830796;1,8035953;0,038844556;1,0;140
2138;-0,44647336;0,38374287;-1,3872988;-0,35643432;1,0;110
2139;0,20136608;-0,24199466;-0,2027587;-0,09549112;0,0;120
2140;-0,4251536;-0,14396508;-0,34412125;0,13716306;0,0;120
2141;0,11604234;-0,47469807;-2,1990805;0,24603304;1,0;100
2142;-1,0403178;0,42784923;-3,0769122;1,2332764;1,0;100
2143;3,6468558;2,2861671;4,9931707;-2,356531;1,0;190
2144;0,1151406;0,19281842;0,5339075;-1,2527643;1,0;150
2145;-0,14478295;0,09200314;-0,69762456;-1,2817615;1,0;120
2146;-0,4787094;0,18440863;-1,77018;-0,14733465;1,0;110
2147;-0,018807886;-0,036574207;-0,5146662;-0,3606581;0,0;120
2148;-0,93539476;0,27210057;-3,458672;-0,24630047;0,0;100
2149;0,28346494;0,36838728;0,25772244;-1,3897109;0,0;140
2150;0,28208613;-0,7705918;-1,7450868;2,6494684;0,0;90
2151;-0,10991341;0,29215664;-1,0746726;-2,061397;1,0;130
2152;0,345141;0,36699033;0,06285183;-1,4261212;1,0;140
2153;0,43610784;-0,21400197;0,47144306;-0,28300777;0,0;130
2154;0,09329807;-0,9310041;0,3396084;0,69717026;1,0;120
2155;-0,79076463;-0,44757456;-0,40471435;0,15770032;0,0;140
2156;0,25441134;-0,15560888;0,2723537;-0,39464554;1,0;130
2157;-0,39264646;-0,29981142;-0,4616698;0,65542245;0,0;120
2158;-0,4208888;-0,15770638;-0,8364974;-0,31351003;1,0;120
2159;-0,09603329;0,059813;-0,84158504;-0,57928634;0,0;120
2160;0,24082464;-0,79903466;-0,09488861;1,8367968;0,0;110
2161;-0,673496;-0,28792465;-1,0733567;0,5246421;0,0;120
2162;1,2690955;0,5964568;1,9809937;-0,29452085;1,0;150
2163;-0,5889448;-0,39611304;-1,0898781;0,7649858;0,0;120
2164;-0,13240357;0,019916387;-0,76062167;-1,1097264;1,0;120
2165;0,22802459;0,2555643;0,16322479;-1,6452688;1,0;140
2166;0,9801879;-0,87351096;2,0754967;1,5406972;1,0;120
2167;-1,1138016;-0,7259032;0,98899055;0,0023142993;1,0;150
2168;-0,56853443;-0,23391561;-2,2544959;-0,1697326;0,0;110
2169;-0,44836852;-0,16281685;-1,0513054;-0,16178855;0,0;120
2170;-0,46722555;-0,6962295;0,020356696;2,218081;0,0;120
2171;1,0531179;0,2242152;1,7907664;0,10376677;1,0;150
2172;-0,86756647;0,5502286;-3,4636006;0,19920126;0,0;90
2173;-0,08956519;0,016458793;-1,1201077;-0,9031029;1,0;120
2174;-0,085171744;0,07508443;-0,42353004;-0,33736426;1,0;120
2175;-0,37597662;-0,27346206;-1,271029;-0,044572487;1,0;120
2176;-0,40448207;-0,19240445;-0,8726249;0,03344606;1,0;120
2177;0,060163632;-0,36389607;-1,7632332;1,1022077;0,0;100
2178;-0,026650485;0,19271313;-0,9270989;-0,9035585;0,0;130
2179;-0,17403379;-0,62048733;-0,028462365;0,8932568;0,0;120
2180;0,37915862;-0,464302;0,12027542;-0,22373894;0,0;120
2181;-0,107816696;0,043187536;-0,46188653;-0,67235947;0,0;120
2182;0,088911384;0,3445202;0,28307563;-1,9872787;1,0;140
2183;0,5805027;-0,1059528;0,37170488;-0,28983015;1,0;140
2184;0,114419885;0,5453458;0,21620122;-1,8328623;1,0;140
2185;0,5485781;-0,030083887;1,056582;0,30266383;1,0;130
2186;1,636091;-0,347035;3,4928567;1,1033623;1,0;150
2187;-0,192055;-0,69208777;0,37591004;0,2357805;1,0;130
2188;-0,15869929;-0,54916114;0,33018446;0,60994947;0,0;130
2189;-0,65427214;-0,2992416;-1,3235527;0,3907651;0,0;120
2190;0,11828301;-0,5437969;-0,6908046;0,27260038;1,0;120
2191;-0,8141702;-0,30141473;-2,0817945;-0,5740371;0,0;120
2192;0,062625706;0,0885967;-0,16637781;-0,2704112;1,0;130
2193;-1,0494831;0,6350512;-3,385256;0,38164654;0,0;90
2194;0,73539954;-0,008601569;1,7513903;-0,4210596;1,0;140
2195;-0,50702804;-0,2328508;-1,2094369;0,61340106;1,0;110
2196;0,1051459;0,29095018;0,6641494;-1,3821285;1,0;120
2197;-0,5033984;-0,23966236;-1,6264384;0,59622705;0,0;120
2198;-0,5437779;-0,45353156;0,40358254;0,6970614;1,0;140
2199;-0,11792061;-0,8868652;0,6161654;0,8017987;0,0;120
2200;-0,1829658;0,23123108;-1,2494326;-1,561938;0,0;130
2201;0,4012755;-0,27981877;0,32375407;-0,9477253;0,0;130
2202;-0,39881176;-0,25299984;-0,36078385;0,523504;0,0;120
2203;2,2054944;0,63744175;3,8739464;-1,4228036;1,0;170
2204;-0,07786426;-1,8883996;2,0886202;1,8208978;1,0;130
2205;0,98693454;0,45694715;2,4559155;1,016584;0,0;150
2206;-0,1044111;-0,7140333;0,24037935;0,31242755;1,0;130
2207;-0,39329416;-0,12709448;-1,0381972;-0,39002222;1,0;120
2208;2,2858725;2,0748599;3,3044047;-3,4167485;1,0;170
2209;0,7540567;-0,16162345;1,0547309;-1,210307;0,0;140
2210;-0,28491858;-0,30102754;-1,6029778;-0,20807984;0,0;120
2211;0,956679;1,090859;1,7681742;-2,693368;1,0;160
2212;-0,37128824;-0,1233145;-0,34763286;-0,16074133;0,0;120
2213;0,87712747;0,20242167;1,395772;-0,675068;1,0;150
2214;-0,8592791;0,27793282;-2,5867493;0,14230022;0,0;100
2215;-0,5864924;-0,40286446;-0,37592915;1,0079707;1,0;120
2216;0,16057123;0,48107553;0,5045081;-1,4631982;1,0;140
2217;0,118202455;0,449861;-1,069606;-1,3748567;0,0;140
2218;-0,118965045;-0,05854638;-0,61908126;-0,20198177;1,0;150
2219;0,078953855;0,5346263;1,240797;-2,0862887;1,0;150
2220;0,34805524;-0,36622673;0,3520963;-0,33254975;1,0;120
2221;0,31044903;-1,6687229;1,5353683;1,8098772;1,0;110
2222;-0,7713575;-0,5003163;0,100907624;-0,5994792;1,0;140
2223;-0,5595511;-0,8606031;1,7894455;1,0840728;0,0;130
2224;-0,5573174;-0,16918904;-0,9969653;0,021714836;0,0;120
2225;-0,75172645;0,055838194;-2,7223601;-0,45517454;0,0;110
2226;-0,4924455;-0,301547;-1,5278926;0,929839;1,0;120
2227;-0,59598905;-0,25151485;-0,9628111;0,48908666;0,0;120
2228;-0,44668365;-0,37211555;-0,702799;0,32976925;0,0;130
2229;-1,0638549;0,42271036;-3,6574214;1,1120076;0,0;100
2230;0,42895755;-0,17918704;0,94193697;0,41631892;0,0;130
2231;-0,8575278;-0,50073165;-1,3074372;-0,44429135;1,0;140
2232;1,6652044;0,5216621;2,7616966;-0,87842155;1,0;160
2233;0,5231038;0,3369438;0,017979678;-1,0662427;1,0;140
2234;0,32801145;-0,8057378;-0,72426355;2,0949392;1,0;110
2235;0,8811322;-0,3780191;1,9350016;-0,035694808;1,0;150
2236;0,5238299;-0,2584762;0,9074222;-0,5909791;1,0;140
2237;-0,3707574;0,16819994;-1,9373803;-0,65244746;0,0;110
2238;-0,51702625;-0,20161739;-1,5888418;-0,29394627;0,0;120
2239;0,40355754;-0,36615425;0,08052153;-0,30673462;0,0;120
2240;0,7480627;0,15818685;1,4686308;0,6483898;0,0;130
2241;0,775163;-0,40099376;1,1763378;0,73743784;1,0;130
2242;1,5066012;0,87527484;3,1433358;0,37265337;1,0;150
2243;0,18744873;-0,1654987;-0,08255409;0,1894932;0,0;120
2244;-1,0342214;0,4708177;-3,1111844;1,7432134;0,0;90
2245;-0,28887194;-0,07243669;-0,9380132;-0,60082793;0,0;120
2246;0,75424975;-0,6916178;1,5040777;0,7876632;1,0;120
2247;0,5272609;-0,12763691;1,1104753;-1,2470686;1,0;140
2248;1,0691543;0,78640336;1,3887131;-2,038158;1,0;150
2249;-0,20419773;0,13789713;-1,282328;-1,0071516;0,0;120
2250;-0,18821785;-0,3720563;-0,07693434;0,60710335;0,0;120
2251;-0,4474052;-0,16366759;-1,1226587;-0,21130048;0,0;120
2252;-0,8795736;-0,4133991;-0,5766337;-1,0608141;1,0;135
2253;1,0621419;-0,20367151;2,1506498;0,75654435;1,0;130
2254;-0,20658687;-0,69242024;-0,087427944;1,3748257;0,0;110
2255;-0,2610262;0,25424737;-2,0994549;-2,7070718;1,0;130
2256;-0,34571132;-0,1513668;-0,45008612;0,009876229;1,0;120
2257;-0,85393095;0,23333561;-3,3379989;0,19397639;0,0;100
2258;1,1426502;1,0350708;1,7200447;-2,3226113;1,0;160
2259;-0,5175426;-0,28081113;-1,5280826;0,99445844;0,0;120
2260;-0,9214193;-0,53248864;0,6342274;0,58993125;0,0;130
2261;-0,34628144;-1,5970434;0,5543548;3,1941566;0,0;100
2262;-0,5384727;0,23889075;-2,2311199;0,023435578;0,0;100
2263;-0,18219084;-0,48610866;-0,12764099;0,7946634;0,0;120
2264;-0,49464428;-0,06574986;-1,5101246;-0,9909979;0,0;120
2265;1,1844981;-0,06582899;1,9015585;0,00062310323;1,0;150
2266;-0,44630408;-0,28960568;-0,6479338;0,5284015;1,0;120
2267;-0,09148876;-0,023350965;-1,3431501;-1,2710407;0,0;120
2268;-0,47590572;-0,38317335;-1,3558084;0,50764775;0,0;120
2269;-0,89807194;0,45535547;-2,7881432;0,85597825;0,0;100
2270;0,02441856;0,0053381287;-0,29688054;-0,0075985044;0,0;120
2271;-0,062596485;-0,24057443;-0,95909333;-0,1266224;1,0;120
2272;0,47641706;0,40750372;0,6861572;-0,7288928;1,0;140
2273;-0,03002029;-1,2400792;0,76287425;1,4249268;1,0;120
2274;-0,42759803;-0,14815544;-0,3809926;0,168705;0,0;120
2275;2,1672473;0,3664996;4,2062893;-1,100599;1,0;180
2276;0,69702363;-0,47029257;1,2781043;0,1339774;1,0;130
2277;-0,47336948;-0,18649273;-1,4559189;-0,30563566;0,0;120
2278;-0,8544348;-1,9121859;2,6629167;1,2740529;1,0;140
2279;-0,1356154;0,08707542;-0,40748128;-0,6829618;0,0;120
2280;-0,3491085;-1,0408156;0,5853586;1,152734;0,0;120
2281;-0,018624913;0,12216098;-0,61057305;-0,7237023;1,0;130
2282;1,7597494;0,015362283;3,5752616;-0,24272263;1,0;150
2283;-0,062129512;0,16576207;-0,7584493;-0,63046694;0,0;120
2284;-0,3210672;-0,58454317;0,8683878;2,1235733;0,0;120
2285;0,1746732;-0,67775524;-1,3574531;1,0347118;0,0;100
2286;1,6029811;0,49880517;2,4084833;-1,3953998;0,0;160
2287;-0,06643304;-0,9373527;-0,118518904;1,1870067;0,0;120
2288;-0,563934;-0,33085346;0,3466995;0,35586438;0,0;120
2289;0,53033036;-0,060516745;1,6449807;-0,9357946;1,0;140
2290;1,3027655;0,057192884;2,2320518;-0,17687085;1,0;140
2291;-0,84625703;-0,48149377;0,5621846;0,24564406;1,0;130
2292;-0,8755987;-0,015355334;-1,9845755;0,4332181;0,0;120
2293;1,50508;-0,24106179;3,0981705;0,66461647;0,0;150
2294;0,9326541;-0,19706677;1,0225105;-0,11816765;0,0;130
2295;0,5614002;-0,11796561;0,7878549;-0,06214235;1,0;140
2296;0,8143345;0,1191965;1,6785301;-0,14344992;1,0;140
2297;0,09202535;0,18767591;0,4079331;-0,7343551;1,0;140
2298;-0,44857642;-0,23131548;-0,4438877;0,56392455;0,0;120
2299;0,1653397;0,17356607;0,2617187;-0,99579096;0,0;130
2300;-0,68541694;0,22743312;-2,455594;-0,201073;0,0;110
2301;0,28260657;-0,23403142;0,2585825;0,009246565;1,0;120
2302;-0,95620793;0,6593201;-2,792589;0,18806107;1,0;90
2303;0,5457499;-0,25297296;0,63714457;-1,2219278;1,0;140
2304;-0,5376283;-0,17529327;-1,413596;-0,37304014;0,0;120
2305;0,35572216;-0,1345244;0,7881048;-0,1822314;1,0;130
2306;-0,24194393;0,175075;-1,6616108;-1,5090752;0,0;120
2307;-0,03952193;-0,56831336;-0,49404883;0,37428877;1,0;110
2308;0,18108651;0,40049666;0,54388493;-1,4169831;1,0;140
2309;-0,26716244;-0,6072723;-0,14962718;2,0539746;1,0;120
2310;0,4517051;-0,16106874;0,7064221;-0,3404508;1,0;140
2311;-0,6943175;-1,895965;2,2149057;1,7288568;0,0;130
2312;0,832558;0,051420394;0,96335834;-0,64411175;1,0;140
2313;-0,80200636;0,22297667;-2,7474825;0,56467485;0,0;100
2314;-0,6168609;-0,38778228;-0,9107495;0,868688;0,0;120
2315;-0,48587096;-0,3885067;-0,64016694;1,6896486;0,0;123
2316;-0,6795024;-1,0025862;1,5603704;1,6231903;1,0;150
2317;-0,014901789;-0,6919278;-0,04275222;0,14195548;0,0;120
2318;-0,8735079;-0,45309544;0,4922388;-0,008945234;1,0;130
2319;0,13593665;-0,92692584;0,1128405;1,0830388;0,0;110
2320;0,6327913;0,5635885;0,81837916;-0,49057198;1,0;150
2321;1,2876029;-0,016999587;2,1695912;-0,379898;1,0;140
2322;-0,57263935;0,22359422;-1,9683268;-0,12401278;1,0;110
2323;-0,6419275;0,21604127;-1,8482692;0,117018655;0,0;110
2324;-0,25336608;-0,7000392;0,03526056;1,3360257;0,0;120
2325;-0,38868088;-0,16378674;-1,0761024;-0,37370813;1,0;120
2326;-0,81647706;0,25867462;-2,3341024;-0,52461755;0,0;110
2327;-0,9951818;0,33320624;-2,981565;1,1078029;0,0;110
2328;-0,40030488;-0,19527543;-1,041028;-0,26069894;0,0;120
2329;0,24321513;-0,23433347;0,0075665675;0,013001353;1,0;120
2330;0,13723595;-0,758876;-0,9338201;1,355059;0,0;110
2331;0,3783674;-0,13759974;0,5864769;-0,6374463;1,0;140
2332;-0,45020956;-0,15398777;-1,306609;-0,4579265;0,0;120
2333;-0,36123738;-2,98159;3,098514;3,8147552;1,0;120
2334;-0,24124174;-0,7177221;-1,0466901;2,039531;0,0;110
2335;-0,56006813;-0,25974816;-0,93516135;0,27952084;0,0;120
2336;-0,7273031;0,21446766;-2,2303731;1,2496096;0,0;120
2337;0,14753288;-0,5647026;-1,5983742;0,61612606;0,0;100
2338;0,18046442;0,2791313;0,87390304;-1,8755183;1,0;150
2339;1,4108982;-0,33664095;2,6912456;0,91728354;1,0;140
2340;-0,5332742;-0,23973452;-1,752126;0,29455414;0,0;110
2341;0,7599649;-0,07594821;0,92491394;-0,88124967;0,0;140
2342;-0,52475184;-0,32055688;-1,4935595;1,7365241;0,0;110
2343;0,18297434;-0,4454946;-0,8081789;-0,175564;0,0;110
2344;0,12367763;-0,6240133;-0,61802244;1,2611985;1,0;110
2345;0,20692398;-2,5639465;4,1483917;2,7119339;1,0;140
2346;-0,33067927;0,11663986;-1,9645367;-0,79420125;0,0;90
2347;-1,0123554;-0,5470149;0,7353548;-0,17398222;1,0;140
2348;0,7040625;0,15292759;2,0365086;-0,047781527;1,0;160
2349;0,6174083;-0,7294274;1,0960464;0,8505894;1,0;120
2350;0,87344825;0,12281177;1,4828707;-0,30629683;1,0;160
2351;0,017522886;0,38245618;0,5192636;-1,4568664;1,0;130
2352;-0,5025672;-0,33034652;-2,089037;0,5655719;0,0;110
2353;-0,026207991;0,5708167;-0,60058546;-3,65201;1,0;150
2354;-0,043166943;-0,0011120737;-0,51530385;-0,29514754;0,0;120
2355;-0,22929397;-0,5249322;1,0418938;1,7344195;0,0;120
2356;-0,7839401;-0,2545619;-1,1351347;0,16814663;0,0;120
2357;0,9267989;0,79985905;1,8613957;-0,6369759;1,0;150
2358;-0,29916516;-0,19808888;-1,0914888;-0,39935938;0,0;120
2359;-0,1333686;0,08091129;-0,72328687;-0,700369;1,0;130
2360;-0,43211296;0,035523336;-1,3345121;0,78346145;0,0;110
2361;-0,51944286;0,28673464;-2,437597;-0,8486608;1,0;110
2362;0,29983792;-0,36377418;-0,3022992;-0,2611744;0,0;120
2363;-0,10372589;0,048932977;-0,83322906;-0,5959209;1,0;120
2364;0,2001457;-1,62103;1,6300381;1,3811042;1,0;120
2365;-0,30768594;-0,18989237;-1,0360036;-0,71459293;0,0;130
2366;0,9311944;0,13911915;1,3120316;-0,13480079;1,0;160
2367;-0,29008016;-0,2753529;-1,4441638;1,2199667;0,0;110
2368;0,029434688;-0,40121245;-1,3198898;1,3458304;1,0;120
2369;-0,13129221;0,12580392;-1,197612;-1,0931466;1,0;120
2370;-0,42262924;-0,2719406;-1,3037539;0,86555564;0,0;120
2371;-0,6951205;-0,51034504;0,808558;0,26561636;1,0;150
2372;-0,5317296;-0,19308573;-0,28252587;-0,49950325;0,0;120
2373;1,2657828;0,24394731;2,205604;-1,920674;1,0;150
2374;0,60777414;0,41792017;0,23153792;-0,56340003;1,0;140
2375;-0,95568395;0,04205176;-1,8395357;0,6211239;0,0;110
2376;-0,53359187;-0,18237376;-1,5568303;-0,3531685;1,0;120
2377;0,19165948;-0,2392412;-0,0946164;-0,111985095;0,0;120
2378;-0,59308296;0,1258521;-2,3032255;0,4543179;0,0;110
2379;1,9411799;1,1492555;2,922765;-1,4059906;1,0;170
2380;-0,39804146;-0,2348126;-0,406119;0,4234375;0,0;120
2381;-0,5189034;-0,22011079;-1,1333237;0,035368785;0,0;120
2382;0,0444591;0,43910623;0,4573966;-1,8627715;1,0;140
2383;-0,78507185;0,113772064;-2,798987;0,58302593;0,0;110
2384;0,44866356;-0,7840053;-1,144522;0,80992615;1,0;100
2385;0,065132536;-0,48673558;-1,032088;1,4791468;1,0;100
2386;0,15796794;0,13347663;-0,1644951;-0,103728;0,0;130
2387;0,30468217;-0,2913372;-0,119392514;-0,15755582;1,0;120
2388;0,6555118;-0,16025516;1,0500804;-1,2202587;1,0;140
2389;0,1687694;-0,20058692;0,244633;0,6231601;0,0;110
2390;0,8909736;0,79896474;1,7182822;-1,1432546;0,0;150
2391;0,042247895;0,38525313;0,46606678;-1,8438561;1,0;140
2392;-0,97650313;0,14310941;-2,7510898;-0,4144357;0,0;110
2393;-0,33230788;-0,04830447;-0,5032644;-0,3366747;0,0;120
2394;0,67875737;0,42528623;0,89203525;-0,7752631;1,0;150
2395;1,0375304;1,1384398;1,507944;-2,4700558;1,0;180
2396;-0,11771972;-0,32759303;-0,36840037;0,63154864;1,0;110
2397;0,40107158;-0,26713318;0,6450925;-0,017027922;0,0;120
2398;-0,4044468;-0,2875352;-0,80318594;0,37996307;0,0;120
2399;-0,4361099;-0,60883456;0,30562788;1,7402217;1,0;130
2400;0,5816077;-0,5363213;0,76959395;0,6139666;0,0;120
2401;-0,10445308;0,025406763;-0,62958133;-0,59705245;0,0;120
2402;0,24605821;0,14038351;1,0219336;-1,122815;1,0;140
2403;-0,43242687;-0,20415395;-1,5600778;-0,92349756;0,0;130
2404;-0,46184203;-0,3008471;-0,70076585;0,58630896;1,0;120
2405;-0,43627074;-0,25939268;-0,7173673;0,47477928;1,0;120
2406;-0,5987159;-0,08863716;-2,1872356;1,1933715;0,0;110
2407;0,92872655;0,13406882;1,6440858;-1,2090311;1,0;140
2408;0,14662638;-1,1026182;0,6721488;1,1220698;0,0;110
2409;-0,36237696;-0,23501168;-2,4163778;0,49148378;0,0;110
2410;-0,47522455;0,24027386;-1,9566116;-0,6789148;0,0;110
2411;-0,013429925;0,5528436;0,12494759;-2,5376968;0,0;148
2412;-0,45221826;-0,16979027;-0,98175526;-0,08752441;0,0;120
2413;0,42932907;-0,9180033;-0,2909901;3,478038;0,0;100
2414;1,2773464;1,0533252;2,2322078;-1,6571625;1,0;160
2415;-0,67717975;0,23230273;-2,6074624;-0,31291357;0,0;110
2416;-0,69406813;0,1671079;-1,656292;0,40265962;0,0;110
2417;1,183252;1,4081563;2,3936582;-2,4665005;1,0;170
2418;-1,2068268;-1,5124931;2,2951481;0,68510187;1,0;150
2419;-0,49572048;-0,22957806;-0,55980945;0,42911765;0,0;120
2420;0,9463115;0,06419994;1,4326499;-0,11567062;1,0;140
2421;0,8165698;0,3936023;1,877342;-0,0023669377;1,0;150
2422;-0,7263359;0,2966588;-2,7785616;0,6886406;0,0;90
2423;0,27176192;-0,1783231;0,12805824;0,2655593;0,0;120
2424;-0,8593813;0,44420612;-2,4637616;0,41706163;0,0;110
2425;-0,5093528;-0,263965;-1,0782938;0,12661372;0,0;120
2426;0,9134281;0,94818205;0,62678003;-2,1379073;1,0;160
2427;-0,092018224;-0,3061145;0,46351057;1,6686916;0,0;120
2428;0,25633696;-0,700737;-2,1422846;1,7623017;0,0;90
2429;-0,27981618;-0,06174855;-0,8549397;-0,55270076;0,0;120
2430;-0,054070983;0,005109828;-0,413186;-0,27295208;0,0;120
2431;-0,14824733;0,042542823;-1,3392692;-1,6621909;1,0;120
2432;0,15829818;0,32541573;0,62314034;-1,4181976;1,0;140
2433;0,47423586;0,48047101;-0,06015396;-1,0076264;1,0;140
2434;-0,61745596;0,046631962;-1,2157149;0,39514822;0,0;120
2435;-0,31312585;-0,32724077;-0,27916902;0,8030952;0,0;120
2436;0,75613344;0,13197953;1,0148253;0,11009364;0,0;130
2437;-0,72337586;-0,25597674;-0,954069;0,41477743;0,0;120
2438;0,65336525;0,10558207;2,448619;0,12794293;1,0;140
2439;-0,058571644;-1,3681729;1,7638978;1,047616;0,0;130
2440;-0,17717709;-1,1219922;0,43128303;1,1804321;1,0;120
2441;1,4213994;-0,42928827;3,36349;0,49940333;1,0;130
2442;-0,7030268;0,32387102;-1,8301822;0,29716596;0,0;110
2443;-0,40495571;-0,24718814;-0,7273128;0,25931862;1,0;120
2444;-0,6368544;0,15773012;-1,6666199;0,53186595;0,0;110
2445;0,11149343;0,22311172;0,10461423;-0,13568893;1,0;130
2446;0,41082585;0,5883457;0,13228935;-1,7571101;1,0;150
2447;-0,15332802;0,12388063;-0,41316205;-0,67260706;0,0;120
2448;-0,04760166;-0,25313735;0,215011;1,5540012;1,0;110
2449;-0,13341653;-1,5571728;1,1363008;2,0557995;0,0;120
2450;-1,1686507;0,25287428;-3,1322646;-0,5087444;0,0;107
2451;0,34195527;0,6032445;0,8181295;-0,5537797;1,0;140
2452;0,23053099;-0,49907446;0,31940892;1,6252106;1,0;120
2453;-0,49790844;-0,27168941;-0,9695754;0,42311534;0,0;120
2454;-0,46770287;-0,87957823;1,5677812;0,8727305;1,0;130
2455;-0,28317738;-0,1246746;-0,603884;-0,30383456;0,0;120
2456;1,6446123;-0,2020021;3,6562452;0,6459075;0,0;159
2457;0,87987626;-0,51677066;2,2630355;0,764655;1,0;140
2458;0,34181535;-0,02913192;0,9095428;-0,44792953;1,0;130
2459;0,82489467;0,029280018;1,6290048;-1,6615223;1,0;140
2460;-0,49169442;-0,3441279;-0,5222391;0,75880027;0,0;120
2461;-0,130587;0,06838583;-0,5330317;-0,68312716;0,0;120
2462;-0,45153064;0,28625855;-1,4655206;-0,6630297;1,0;120
2463;0,3736603;-0,30557412;0,41995183;-0,36998692;1,0;120
2464;-0,05985021;0,26924172;-0,3469067;-1,4646668;0,0;130
2465;-1,1276208;-0,23246871;-2,6926634;-1,4075813;0,0;120
2466;-0,49700722;-0,16393386;-0,74957323;0,1166065;0,0;120
2467;1,1527705;0,3756718;2,5337439;-0,9944302;1,0;160
2468;-0,88891965;-0,723046;1,140767;-0,041216247;1,0;140
2469;-0,5648652;-0,26453102;-1,6749287;2,150396;0,0;120
2470;-0,065480776;-0,020754479;-0,5192051;-0,47240803;0,0;120
2471;-0,59739643;-0,52623516;-1,1098893;0,4312297;0,0;126
2472;0,47079676;-0,018430125;1,7660956;0,10506877;0,0;130
2473;0,5079272;-0,5096272;0,58697975;0,28632045;0,0;120
2474;-0,3472138;-0,21257965;-1,2118647;-0,17049041;1,0;110
2475;-0,5284048;-0,10075545;-0,90222025;-0,27022818;1,0;120
2476;1,6701301;-0,65634394;3,982177;1,7203636;1,0;140
2477;-0,15792783;-0,59032214;-0,041641697;0,7284496;0,0;120
2478;-0,45738634;-0,20689262;-1,0350916;-0,0616538;0,0;120
2479;-0,07076864;0,036673315;-0,37747675;-0,30969524;1,0;120
2480;-0,8693032;-0,66674185;0,55310565;1,1753011;0,0;130
2481;-1,1224941;0,774432;-4,149333;-0,7173178;0,0;90
2482;0,30529043;-0,20525463;0,3685279;-0,28673375;1,0;120
2483;0,5055347;0,5188208;0,7526578;-0,39363402;1,0;140
2484;0,3772984;0,5372548;0,46384317;-2,1819685;1,0;140
2485;-0,47533342;0,29501516;-2,21182;-0,87744856;1,0;110
2486;0,52699846;-0,20490934;1,1053526;-0,6401328;1,0;140
2487;-0,15484405;0,04544575;-1,0398263;-1,1672449;0,0;120
2488;-0,91268265;0,4860245;-2,2721899;0,93423975;1,0;100
2489;-0,43110296;-0,20171246;-0,5572535;0,21050987;0,0;120
2490;0,13437909;-0,1149078;-0,1662132;-0,5854142;1,0;120
2491;0,34531027;0,3516674;0,109203935;-1,3447733;1,0;140
2492;0,042306658;0,34420156;0,24022612;-1,3346806;1,0;130
2493;0,07297291;0,35470992;0,31077108;-2,0489404;1,0;140
2494;0,8666189;0,3599068;2,4569068;0,8732629;1,0;140
2495;-0,4473341;-0,16355516;-0,8025968;-0,067359276;0,0;120
2496;-0,38801348;-0,18661104;-1,2330207;-0,5443084;0,0;120
2497;-0,17832749;-0,8745767;-0,1440963;1,1906892;0,0;120
2498;0,21667793;-0,79258543;-0,87704325;0,79301846;0,0;110
2499;-0,10487277;-0,6234165;-0,86015403;1,5746489;0,0;110
2500;1,7372787;0,6524909;3,4286604;-1,4184153;0,0;160
2501;0,95033604;1,0656056;1,8128159;-1,6464539;1,0;160
2502;1,9726998;1,0026877;2,8898914;-0,34377307;1,0;170
2503;-0,41524827;-0,2900576;-0,5529444;0,6933669;1,0;120
2504;0,29299575;-0,56263876;-2,2134843;-0,17890225;1,0;100
2505;0,6228627;0,47127104;0,59865266;-0,20841756;1,0;140
2506;-0,12003312;-0,35763097;0,6958318;1,3325717;0,0;120
2507;1,6974702;0,7234185;3,084038;-0,48877278;0,0;160
2508;-0,3909216;-0,11440979;-0,93449426;-0,38047028;0,0;120
2509;1,0454019;-0,8089116;2,9659762;0,5093751;1,0;130
2510;1,601775;0,40526003;3,0090697;0,362739;1,0;150
2511;-0,28800896;-0,24006383;-0,84199834;0,10914728;0,0;120
2512;-0,65948397;-0,29309022;-1,5915956;0,06359415;0,0;120
2513;0,132721;0,31358302;0,4906553;-2,2960103;1,0;150
2514;-0,45914173;-0,2717126;-1,3775287;-0,01950033;0,0;120
2515;-0,14777587;-0,51172644;0,045780398;0,67562246;0,0;120
2516;0,24427354;0,22757818;0,17518121;-1,4921358;1,0;140
2517;-0,31313324;-0,031774454;-1,085847;-0,58726954;1,0;126
2518;0,106508486;0,35802406;0,33915073;-2,3796268;1,0;150
2519;-0,17645131;-0,56944776;-0,28333765;1,4285007;1,0;120
2520;0,5508287;-0,5704637;0,6606723;0,4591953;1,0;120
2521;-0,44812867;-0,1626591;-1,0509324;-0,16253117;0,0;120
2522;-0,14446603;0,0008569993;-1,381909;-1,3251631;0,0;120
2523;-0,56363255;-0,20530376;-1,6980834;0,2259875;0,0;110
2524;0,3666114;0,6362168;0,14054726;-2,5540614;0,0;140
2525;0,9520282;0,1447809;1,0503403;-0,07063259;1,0;160
2526;-0,034892682;-0,019086104;-0,69818246;-0,36854094;0,0;120
2527;-0,39243457;-0,12083465;-0,6381398;-0,15251894;0,0;120
2528;1,1563417;0,2813937;1,811675;-0,9239317;1,0;130
2529;-0,53849626;-0,262684;-1,2689997;0,23801425;0,0;120
2530;0,3105223;0,35459864;0,02256431;-0,90987;1,0;130
2531;-0,850822;0,08970466;-2,1072974;0,6009042;0,0;110
2532;-0,8697673;-0,49818265;0,5877853;0,27258062;0,0;130
2533;-1,5164485;0,52565193;-4,5759706;0,11123462;0,0;90
2534;0,26345423;0,5942154;1,234319;-1,9273015;1,0;140
2535;0,04747251;-0,4625513;-0,4647677;1,261543;0,0;110
2536;-0,9768612;0,53205264;-3,1303647;0,5542867;0,0;100
2537;-0,70663816;0,07906687;-2,150217;1,1469018;0,0;110
2538;-0,059877314;-1,0597786;0,42868817;1,0938385;0,0;120
2539;0,22522713;-0,24637814;-0,27415484;-0,10229541;0,0;100
2540;0,49868676;0,41808814;0,36230326;-0,3077424;1,0;130
2541;1,0005296;-0,7312921;2,441752;1,968858;1,0;140
2542;0,25410658;-0,25188512;0,35700476;0,097941205;0,0;120
2543;-0,15211639;-0,43977004;0,28393018;0,7109617;1,0;120
2544;0,5734464;0,026656145;1,2213744;-0,10230196;0,0;130
2545;-0,8092485;0,1052501;-2,1287887;1,1139274;0,0;110
2546;-0,06457296;-0,014030598;-0,4249424;-0,4377557;0,0;120
2547;-0,24298349;-0,007510975;-1,357813;-1,044572;1,0;110
2548;-0,96584845;-0,83335876;1,2433542;0,42111635;1,0;160
2549;-0,2406103;-0,6055154;0,2628897;1,3896402;1,0;120
2550;1,0759681;0,7343654;1,4497287;-1,3358293;1,0;150
2551;-0,39470938;-0,09646864;-1,10999;-0,6616019;0,0;120
2552;0,6357733;0,19752167;1,4417908;-0,20641965;1,0;140
2553;-0,7623429;-1,0729376;2,6565106;1,8414426;0,0;140
2554;-0,37305453;-0,09852624;-1,5169309;-0,90774894;0,0;120
2555;-0,48842645;-0,21954425;-1,5248437;-0,4006373;1,0;140
2556;1,9802097;1,0775889;4,486678;0,3806959;1,0;160
2557;-0,5987812;-0,30449557;-1,2009592;0,50014114;0,0;120
2558;-0,07754176;-0,5242376;0,08480577;0,20431647;0,0;120
2559;0,22623782;-0,83937657;-0,23851311;1,9484541;0,0;110
2560;0,90555865;-0,651931;1,9003369;1,1810642;1,0;130
2561;0,30688477;-1,7427006;1,9400167;2,075234;0,0;120
2562;-0,34882125;-0,21037959;-0,43903232;-0,025982814;1,0;120
2563;-0,39417472;-0,2549773;-0,911921;0,26373392;0,0;120
2564;-0,43220726;-0,094419345;-0,874799;-0,41905093;1,0;120
2565;0,81949115;0,15062772;1,7593836;-0,6566571;1,0;150
2566;0,050681233;0,38655454;-0,13888451;-0,74700534;0,0;120
2567;-0,5024939;-0,25446612;-1,0562328;0,17951334;1,0;120
2568;-0,076506324;-0,15130319;-1,9007295;-1,1695552;0,0;120
2569;-0,06301114;0,11926902;-0,41749743;-0,48088807;0,0;140
2570;-0,5912744;-0,41887087;-2,1415482;0,07236081;0,0;120
2571;1,3787584;0,56959796;2,5577402;-0,2922974;1,0;150
2572;-0,51178664;-0,2606141;-1,3001819;0,5506853;0,0;110
2573;-0,66468287;-0,40598023;-1,0040072;1,045404;0,0;120
2574;-0,102819465;0,114488326;-0,6035696;-0,80134165;1,0;120
2575;-0,8954233;0,454611;-2,8114052;1,3497283;0,0;90
2576;-0,8327061;-1,1614563;1,9813547;1,6660182;0,0;140
2577;-0,24692193;-0,5351246;0,25378522;1,3615383;0,0;120
2578;1,5813954;1,4292085;1,6816134;-2,2116122;1,0;180
2579;-0,65307707;-0,929846;1,5131465;0,8679645;1,0;140
2580;-0,934461;0,48948312;-3,2441673;1,1415167;0,0;90
2581;-0,1269309;-0,7809059;0,47597516;0,10182756;1,0;120
2582;-0,83717936;0,2938797;-2,5800276;2,8619964;0,0;90
2583;-0,18794125;-0,59854853;0,18954785;1,0288806;0,0;120
2584;-0,47484514;-0,2396947;-1,4340415;0,8188741;0,0;120
2585;0,3701546;-0,8171466;-1,1171541;2,6765277;1,0;90
2586;-0,08366105;-0,68884706;0,025185589;0,44880697;1,0;120
2587;0,6185275;-0,16487104;1,3535038;-1,1921636;1,0;140
2588;-0,45739195;-0,26182264;-1,1151171;0,12545446;0,0;120
2589;0,43443745;0,40851587;-0,115207046;-1,3553872;1,0;140
2590;0,93996334;-0,037085906;2,3447733;1,4869443;1,0;140
2591;-0,04153455;0,0031298064;-0,8723881;-0,80998635;0,0;120
2592;-0,12954588;-0,6092844;-0,14281896;0,6158111;0,0;120
2593;0,9945127;0,17001954;1,6690241;-1,0344968;1,0;140
2594;-0,15984115;-0,5631447;0,10515855;0,80565;0,0;120
2595;0,9794422;-0,34583908;2,3010929;-0,17182367;1,0;140
2596;-0,001324588;0,04178136;-0,25166872;-0,87538874;0,0;130
2597;-0,656816;0,2748424;-2,1456478;0,33235142;0,0;100
2598;-0,3986871;-0,19381142;-1,3137637;-0,27885157;0,0;120
2599;-0,1627678;-0,48748338;0,37309086;0,7126844;0,0;125
2600;0,47789976;0,35546905;0,06696995;-0,49801716;0,0;130
2601;0,3019083;-0,37865412;-0,33862644;-0,36862737;0,0;120
2602;0,070908815;0,39874405;-0,9078082;-2,6706343;1,0;140
2603;0,6570289;-0,00820215;1,2994071;-0,67806053;1,0;140
2604;1,5248536;0,07699463;3,028171;-0,56084275;1,0;150
2605;-0,15536883;-0,23955332;-0,65337324;0,4772887;1,0;110
2606;-0,068312906;-0,48246777;0,10904659;0,6996013;1,0;110
2607;0,5786985;-0,18829504;1,2939656;-0,8547733;1,0;130
2608;0,02835808;0,5633115;0,4933498;-1,7760844;1,0;140
2609;-0,42201322;0,43140364;-1,4024986;-0,9440124;0,0;115
2610;-0,48212227;-0,1268882;-0,7474185;-0,048193295;0,0;120
2611;-0,32789004;-0,22391568;-0,6611539;0,10610153;1,0;120
2612;0,56664366;0,43986678;0,7258618;-0,48945007;1,0;140
2613;1,2649326;-0,21737497;2,5634265;0,62464535;1,0;140
2614;-0,83198065;-0,5118899;0,046861738;-0,613719;1,0;140
2615;-0,6705706;-0,17958763;-0,9190985;-0,0047695674;1,0;120
2616;-0,8782538;-0,59346414;0,061728463;0,47033563;0,0;130
2617;0,92079335;-0,25027752;1,8129731;-0,48356205;1,0;140
2618;0,29103038;-1,1998067;0,46159017;1,7171295;1,0;110
2619;1,1551648;-0,4432937;3,2537704;-0,13514274;1,0;150
2620;-0,52331144;-0,39262176;-0,42799768;1,1661942;1,0;120
2621;-0,38017762;-0,25167453;-0,2621331;0,54698765;0,0;120
2622;0,85310537;0,43974006;2,1488519;0,111608386;0,0;150
2623;-1,1208518;-2,777738;3,220605;3,48631;1,0;140
2624;-0,512827;-0,3502143;-0,8784824;0,5379276;1,0;120
2625;-0,3302654;-0,18639511;-0,5796062;-0,022041574;0,0;120
2626;-0,92634356;-0,20293741;-2,300314;-1,107852;0,0;120
2627;0,17748268;0,11319797;0,31587642;-0,97201204;1,0;130
2628;0,4389419;0,8946434;0,7299011;-2,5909126;1,0;150
2629;-0,53980124;0,18934394;-2,515009;0,2985287;0,0;100
2630;0,6781748;-0,113614246;0,75851846;-0,6034168;1,0;130
2631;-0,6513502;-0,2242858;-1,5309868;-0,15348555;0,0;120
2632;-0,4143475;-0,14198692;-0,86014783;-0,38459876;1,0;125
2633;0,96309733;0,8997031;1,7681798;-1,8158655;1,0;170
2634;-0,3096916;-0,71713406;-0,19503987;1,2987728;0,0;120
2635;-0,49184656;-0,56531376;2,9049902;1,7551014;0,0;140
2636;-1,0019207;0,09781885;-2,8698635;0,00128676;0,0;110
2637;-0,23276882;-0,44581336;0,55186516;1,411794;0,0;120
2638;1,0150944;1,0926197;1,9693255;-1,6786708;1,0;160
2639;-0,34660432;-0,08569068;-0,8712275;-0,50641763;0,0;120
2640;-0,6293222;-0,39482802;-0,9410758;0,57803;0,0;120
2641;-0,3441137;-0,248455;-1,4846512;1,0847847;1,0;110
2642;1,1808037;0,26873487;2,1455767;0,1402757;1,0;150
2643;-0,48992357;-0,27755505;-0,7351657;0,50043666;0,0;120
2644;-1,174054;0,0019528568;-1,5373919;0,4148316;0,0;110
2645;0,23523535;-0,21999796;0,21279256;0,28056976;0,0;120
2646;-0,057917155;0,10949437;-0,9277284;-0,5429524;1,0;120
2647;-0,4430968;-0,22212355;-0,8583747;0,21337071;0,0;120
2648;0,09154907;-0,8006811;-0,7988541;1,5593369;0,0;120
2649;-0,10702687;-0,83078974;-0,033575192;0,80976;0,0;120
2650;-0,15836851;0,10491189;-0,56416345;-1,0041343;0,0;120
2651;-0,15150645;-0,8858031;0,3432047;0,75154173;1,0;130
2652;0,54046905;0,6086927;1,421433;-1,6388212;1,0;160
2653;-1,0629637;-0,28138566;-1,713214;-0,8338716;0,0;120
2654;-0,4040244;-0,09680496;-0,90387106;-0,4095139;1,0;120
2655;-0,20617032;-0,43342185;-1,3099889;1,8233285;0,0;120
2656;-0,054443147;-0,352583;0,26020283;1,9021549;1,0;110
2657;-0,44344187;-0,43652833;-0,33742112;1,3374845;0,0;120
2658;0,3169605;-0,3188557;0,3163091;0,2142528;1,0;140
2659;-0,05978457;-1,9647735;1,910206;1,8606052;0,0;120
2660;0,64830196;-0,18402569;1,600502;-1,034622;1,0;140
2661;-0,1355586;0,030970806;-1,1794442;-0,9173914;1,0;120
2662;0,06555775;-0,46142155;-0,35367608;1,0729815;0,0;110
2663;0,58019257;-0,20379755;1,1708946;-0,9937476;1,0;130
2664;-0,11451156;0,013983972;-0,718639;-0,8134581;1,0;120
2665;-0,46314085;-0,9713747;0,9478266;0,5191966;0,0;150
2666;0,96871257;-0,96459;2,0890548;1,4458115;1,0;120
2667;0,40409565;0,28493264;0,58730096;-0,3500541;0,0;130
2668;-0,36429363;-0,120315805;-0,6818645;-0,28025052;0,0;120
2669;-0,43522277;-0,25890976;-0,5408655;0,44037676;1,0;120
2670;0,5400794;-0,2116163;0,6709316;-0,9373323;0,0;130
2671;-0,15303434;-0,009022351;-0,9136133;-0,5554812;0,0;115
2672;-0,36088765;-0,13895555;-0,7420695;-0,20142129;1,0;120
2673;-0,08138619;0,10211926;-0,69575286;-0,44550774;0,0;120
2674;-0,16017193;-0,52390814;-1,6181494;3,0704272;0,0;110
2675;-0,4362351;-1,3505634;1,141364;1,4187515;0,0;135
2676;-0,37514678;-0,26268077;-0,31142688;0,5774392;0,0;120
2677;-0,58593756;-0,25081754;-1,4816382;0,09905568;0,0;120
2678;-0,71777225;0,08368368;-1,2246809;0,9127927;0,0;110
2679;-0,04914274;0,5565623;0,38304523;-2,1065857;1,0;140
2680;-0,4296994;-0,24700935;-0,399211;0,63603497;0,0;120
2681;-0,018003002;0,48100734;0,1874659;-2,2629218;1,0;140
2682;-0,20344278;0,8822688;-0,50446594;-3,8723013;1,0;160
2683;-0,3248864;-0,55120575;1,1916077;2,3636994;0,0;120
2684;-0,5243467;-0,15945482;-0,41994298;0,33003908;0,0;120
2685;-0,08015971;0,3527838;-1,9701478;-2,88859;0,0;130
2686;-0,97982603;0,44464606;-4,2727833;0,48865727;0,0;90
2687;0,56860876;-0,033410594;1,4919149;-1,4098775;1,0;150
2688;1,592938;0,68522745;2,2849035;-1,3466597;1,0;160
2689;-0,38292155;-0,2870049;-0,7945818;0,3551559;0,0;120
2690;0,8961157;-0,25840974;1,4811972;0,693789;1,0;140
2691;0,11716087;0,8887296;1,1253405;-2,9815192;1,0;160
2692;-0,7751097;-0,101161584;-1,8348603;-0,5788214;1,0;110
2693;0,42145714;-0,16885227;0,70215535;-0,38314632;1,0;140
2694;-0,21674895;-0,4751224;0,56179595;0,82333934;1,0;130
2695;-0,44693154;-0,25652677;-0,451033;0,5417509;1,0;120
2696;-0,37749344;-0,12792729;-1,1802769;-0,5205486;1,0;120
2697;0,29074693;-0,9452057;-0,5741184;1,7960796;0,0;110
2698;0,008254267;-0,7104148;-0,33218366;-0,06161917;0,0;120
2699;0,10412011;-0,44816393;-2,1095674;0,6564915;0,0;100
2700;0,37396318;-0,43928957;-0,3471177;-0,17322253;0,0;130
2701;-0,10913248;-0,4912299;0,09891789;0,4486325;0,0;120
2702;0,19192907;-0,18883908;-0,0580644;0,12597583;1,0;120
2703;1,8816475;0,7777836;3,3400059;-1,2173316;1,0;150
2704;-0,27880254;-0,9106276;0,5651194;1,487082;0,0;120
2705;0,14534359;-1,2840815;1,0250387;1,0999441;0,0;120
2706;0,67171293;-0,16488498;1,0883763;-1,1623449;1,0;140
2707;-0,53993326;0,15623948;-1,2208879;0,6904012;1,0;110
2708;-0,2757697;-0,5784026;0,13055986;1,4257971;0,0;120
2709;0,13223937;0,14594771;0,3499664;-1,1455922;0,0;130
2710;-0,3340785;-0,16149797;-0,7808714;-0,15977934;0,0;120
2711;-1,2519178;0,13378516;-3,420099;-0,04650785;0,0;100
2712;-0,21639252;-0,6682601;-0,07345161;1,4826467;0,0;110
2713;-0,12489412;0,034779932;-1,0833019;-1,3394895;0,0;120
2714;0,48672417;-0,30098367;1,1077145;-0,22414672;1,0;130
2715;-0,42912108;-0,1857819;-0,45625496;0,22296795;0,0;120
2716;-0,49110234;0,27855864;-1,9205679;-0,82116604;1,0;110
2717;0,61429685;-0,20550655;0,99268514;-1,6057136;1,0;135
2718;-0,7383879;-0,35215068;-1,5132949;-0,3020382;1,0;130
2719;-0,85077006;-0,032857627;-2,436554;-1,3448417;0,0;110
2720;0,32325768;-0,66737086;-0,594578;0,45271835;0,0;110
2721;-0,549677;-0,30890596;-0,94742274;0,93546987;1,0;130
2722;0,89468914;1,0266718;1,1016952;-2,5311115;0,0;160
2723;1,073426;-0,6215093;3,0613909;-0,001920946;1,0;160
2724;-0,52951247;-0,32126886;-0,6105422;0,8303901;0,0;120
2725;-0,42720222;0,08127992;-1,5184705;-0,16597928;1,0;120
2726;-0,5181888;-0,15030561;-0,6387917;0,14127052;0,0;120
2727;0,34430894;0,071893916;1,0378094;-0,9526839;0,0;140
2728;0,5026913;-0,13230422;1,1499904;-0,8068423;1,0;130
2729;-0,21102855;-0,4145084;-0,0009762198;0,9973756;0,0;120
2730;-0,80700505;0,21956503;-2,65611;1,5230653;1,0;90
2731;-1,0058352;0,6056887;-3,7583327;0,13846658;1,0;90
2732;-0,4057779;-0,26712102;-0,37268397;0,5704119;0,0;120
2733;0,37350118;-0,35517246;-0,06512146;-0,3027612;0,0;120
2734;1,461168;-0,3173033;3,624839;-0,054328814;0,0;160
2735;0,34751123;-0,021401599;1,6871043;1,0007904;1,0;130
2736;-0,5954717;-0,25843984;-1,2791553;0,29180014;0,0;120
2737;1,1387506;-1,0893853;3,1992872;1,2193086;0,0;130
2738;-0,1393642;-0,49346274;0,96151567;1,0506519;1,0;120
2739;-0,49226248;-0,29983878;-0,5520692;0,62394154;1,0;120
2740;0,27944314;-0,39820218;-0,061610773;-0,024368733;0,0;130
2741;0,25913534;-0,76124716;-0,3296286;0,41601616;0,0;100
2742;-0,5609457;-0,26057738;-2,256111;0,098526224;1,0;110
2743;1,2035334;1,3454894;1,8155007;-3,053903;1,0;170
2744;-0,14134131;-0,6628828;-0,15693073;0,6688498;0,0;120
2745;2,429271;1,3745319;4,310258;-1,1593485;1,0;180
2746;-0,2442103;-0,16695851;-0,9690088;-0,3946731;1,0;120
2747;-0,18915617;-1,4625604;1,0824623;1,7315587;1,0;120
2748;-0,39380115;-0,23451026;-1,1250691;0,38673902;0,0;110
2749;-0,6109724;-0,2222919;-1,3418304;0,7639084;0,0;110
2750;-0,2240291;-0,22774066;-0,27048498;0,08222273;1,0;120
2751;-0,65844536;-0,48490673;-0,6222508;1,5386441;0,0;120
2752;-0,35163242;-0,3336059;-0,29054806;0,8537226;0,0;120
2753;-0,11838328;-0,63591623;-0,06553365;0,5141839;0,0;120
2754;0,019477284;-0,7826369;0,05493603;0,37423173;0,0;120
2755;-0,38008654;-0,593873;1,2266827;0,8949921;0,0;130
2756;-0,027369149;-0,63065296;-0,03660299;0,05273632;0,0;120
2757;-0,28527257;0,056531742;-1,435521;-0,92935073;1,0;120
2758;-0,18536276;0,034186747;-0,51632154;-0,2289186;1,0;120
2759;-0,11886626;-0,24176405;-2,035333;2,2250206;0,0;100
2760;-0,21817774;-0,5912269;-0,1521702;1,0198426;0,0;120
2761;0,39660627;0,38525605;0,33490133;-2,5131512;1,0;140
2762;0,13836421;0,17642936;0,004591167;-1,2860038;1,0;130
2763;0,45443767;-0,21865617;0,8197942;-0,19722211;1,0;130
2764;-0,27428153;-0,16276334;-0,59352577;-0,20366938;1,0;120
2765;-0,41593504;-0,13178238;-0,8336086;-0,174714;0,0;120
2766;0,7376023;0,12664357;1,4656944;-0,5842322;1,0;145
2767;-0,6528042;-0,29343557;-1,4674339;0,26233608;0,0;120
2768;2,0446208;0,6735939;3,5377603;-1,2542901;1,0;171
2769;2,0874994;1,0039375;3,387921;-1,8426749;1,0;170
2770;-0,070465274;-1,3741051;0,84909153;2,1191823;0,0;120
2771;-0,57451135;-0,42149788;-1,4189396;0,63343227;0,0;120
2772;1,7661275;1,0588542;3,4978802;0,41027686;1,0;160
2773;-0,17190337;-1,5911629;1,3960716;1,8304849;1,0;120
2774;-0,31123284;-0,15064886;-0,5908061;-0,14484239;0,0;120
2775;-0,6554881;-0,27911425;-0,9146631;0,6176759;0,0;120
2776;1,0388554;-0,65410936;2,6415496;1,7986747;1,0;130
2777;-0,06227982;-0,02648735;-0,4381783;-0,62077665;1,0;120
2778;3,3773148;2,0539513;5,39168;-1,7303197;1,0;210
2779;-0,5096212;0,14279376;-1,717431;0,31890768;0,0;110
2780;-0,07955991;0,0027003735;-0,9328586;-0,63749075;1,0;120
2781;3,3691401;0,23397878;6,725813;0,6832112;1,0;160
2782;1,5506724;0,70926946;2,523051;-1,2314137;1,0;190
2783;-0,6765315;-0,46343052;-0,28131622;1,6850488;0,0;120
2784;0,19233356;-0,45910394;-0,7093992;0,27616486;0,0;110
2785;0,18915203;-0,19195412;0,22265035;0,043140836;1,0;120
2786;-0,13757366;-0,43922257;-0,03682431;1,4805809;0,0;120
2787;-0,8902156;0,34175617;-3,7887604;0,84973276;0,0;90
2788;0,14299706;-1,4159052;1,1923769;1,7101333;1,0;120
2789;0,56682837;0,6672521;-0,390424;-1,8446386;1,0;140
2790;0,4672443;-1,1418586;0,0007439405;2,3996136;0,0;100
2791;-0,6522371;0,079884976;-1,3248674;0,94424963;1,0;110
2792;0,1536763;0,62877005;0,51617086;-1,5719332;1,0;140
2793;0,6542556;0,16025561;2,5247855;0,2934517;1,0;140
2794;-0,3067709;-1,5079842;1,0132184;1,6442761;0,0;120
2795;0,7526921;0,75645834;0,96142876;-1,1516821;1,0;150
2796;-0,62040055;0,0858494;-2,029908;0,8987721;0,0;110
2797;-0,61375076;0,38172394;-2,2485948;-0,98113394;0,0;115
2798;-0,3669999;-0,18738595;-1,0451167;-0,27405423;0,0;120
2799;0,025749804;0,02632358;-0,3674841;-0,28658664;0,0;125
2800;-0,42341638;-0,33189148;-0,5159205;0,32858518;0,0;130
2801;-0,08994462;-1,2964089;0,87138987;0,9577298;1,0;120
2802;-0,22166844;-0,091616616;-1,4608655;-0,6536392;1,0;140
2803;0,15449625;-0,22119169;-0,27745816;-0,40015706;1,0;120
2804;-0,37800372;-0,76312184;0,3375853;1,7542714;1,0;120
2805;-0,14463197;0,059479;-0,69062173;-1,004427;1,0;120
2806;-0,32972673;-0,20592412;-0,39380136;0,19592655;0,0;120
2807;-0,22267583;-0,5468953;0,5648968;1,4239733;0,0;120
2808;0,48147458;-0,9725614;0,47856724;1,9061477;0,0;110
2809;1,571801;-0,63461447;3,7471132;1,4878832;1,0;140
2810;-0,3124329;-2,4739292;2,4602256;2,503192;0,0;120
2811;-0,077529;0,27467534;-0,7427919;-1,8722582;1,0;140
2812;0,76566166;0,19221297;1,4771035;-0,27692813;1,0;160
2813;0,2897969;0,580925;0,33902985;-2,5365593;1,0;140
2814;1,6005305;1,2627076;2,1780813;-1,349355;1,0;170
2815;-0,86895007;-1,9902819;2,3720443;1,911408;1,0;140
2816;-0,34400982;-0,0886769;-1,8726517;-0,9660443;0,0;115
2817;0,41133723;-0,32981253;0,01274861;-0,9001298;1,0;130
2818;1,3861012;0,554072;2,7624094;-0,4419032;1,0;150
2819;-0,76830995;0,33265698;-2,7490642;-0,11219515;1,0;100
2820;-0,37589648;-0,11147773;-1,2978455;-0,6816857;0,0;120
2821;0,044703234;-1,5384643;1,4623926;1,7686305;0,0;125
2822;-0,5020449;0,06620476;-1,9377415;0,49401626;0,0;110
2823;-0,9029585;0,32917953;-2,5362797;2,4049861;0,0;100
2824;0,64093846;-0,60214967;0,96262836;0,3819143;1,0;120
2825;-0,16814724;-0,5908564;0,56361973;0,70682406;0,0;130
2826;2,7341912;-0,028718404;5,508524;1,4791794;1,0;160
2827;-0,61176354;-0,2263148;-0,6267725;-0,050682016;0,0;120
2828;-0,023022857;-0,032869086;-0,6111164;-0,3653046;0,0;120
2829;-0,65084827;0,22854349;-2,1302292;-0,07891573;1,0;110
2830;-0,6572602;-1,0278788;0,82001853;1,6234221;1,0;120
2831;-0,7416714;-0,506192;0,08359262;1,3647083;0,0;130
2832;-0,07988172;-0,49789625;-0,79904413;0,97013485;0,0;100
2833;-0,61852914;-0,3898136;-0,3349861;1,2703886;0,0;120
2834;-0,3044592;-0,18182726;-1,1225115;0,51613903;0,0;120
2835;-0,10606282;-0,4846217;-0,035490558;0,32289755;0,0;120
2836;-0,46041077;-0,08920632;-0,48667693;-0,104837455;1,0;120
2837;0,23174559;0,28573632;-0,09982082;-0,7962481;1,0;140
2838;-0,30462888;-0,5663855;1,4309572;1,682553;1,0;130
2839;-0,66111183;0,37113816;-2,3175611;0,4787868;0,0;100
2840;1,1890596;1,153536;2,2323534;-2,344994;0,0;160
2841;0,6690743;0,060168657;0,96227086;-0,031384915;1,0;130
2842;0,110136665;0,5277358;0,3996155;-1,6899071;1,0;140
2843;-0,44330457;-0,10798389;-2,0579095;-0,78804505;0,0;110
2844;-0,19962099;0,14727539;-0,75665987;-1,2107034;0,0;120
2845;0,046836182;-0,37792915;-1,6513767;0,023712978;0,0;100
2846;-0,7284801;0,12084544;-1,5732658;1,8189859;0,0;100
2847;-0,5549374;0,30002165;-1,2662619;-0,008168697;1,0;110
2848;0,3545421;-0,24519418;0,69394064;0,2800761;1,0;120
2849;0,45397648;-0,96792704;0,5082021;1,2996769;1,0;120
2850;-0,42585963;-0,3417424;-1,0191169;0,45676568;0,0;120
2851;0,33623824;-0,9958351;0,49391615;0,5588131;0,0;110
2852;-0,53559977;-0,2943948;0,1818062;0,24425709;0,0;120
2853;-0,6792431;-0,1931933;-1,785262;-0,66919947;0,0;120
2854;-0,32861188;-0,08298687;-1,0247905;-0,61885;0,0;120
2855;-0,39324787;-0,100281775;-1,0587449;-0,52682316;0,0;120
2856;0,09575288;-0,46388596;-0,90037954;-0,12291116;0,0;100
2857;-0,4275444;0,17968625;-1,8738066;-0,08953489;1,0;100
2858;-0,27700767;-2,2016156;3,130232;1,645885;0,0;140
2859;0,7692791;-0,42812216;1,6028423;0,11392209;1,0;120
2860;-0,0023487378;-0,32017624;-0,41961166;0,9888952;1,0;110
2861;-0,719351;-0,39841223;-0,397089;-0,2994017;0,0;145
2862;-0,0701215;0,13132408;-0,38713264;-1,0849793;1,0;130
2863;0,09809587;-0,4833153;-1,2480432;0,9280813;0,0;110
2864;-0,11594888;-0,9182865;-0,14787334;1,2071214;0,0;120
2865;-0,61119807;-0,47536308;0,68737125;0,38750896;1,0;130
2866;0,15028462;-0,36066014;-0,5073831;0,13293606;0,0;120
2867;0,47390303;-0,52702427;0,68713987;0,41608295;1,0;110
2868;-0,42155656;-0,122108266;-1,2233176;-0,66175485;0,0;120
2869;0,5501924;0,13615245;1,404004;0,7525594;1,0;140
2870;0,70765585;-0,13373074;1,7076156;-1,384774;1,0;150
2871;0,6693912;1,0647973;0,5257091;-3,9656198;1,0;160
2872;0,25823703;0,21234961;0,39721245;-1,4283872;1,0;140
2873;-0,024816323;0,46929735;0,44252655;-2,33377;1,0;140
2874;-0,80103314;-1,2912611;1,9559671;0,41206703;1,0;140
2875;0,09409558;-0,812355;-0,5681691;1,6472116;0,0;120
2876;-0,3191668;-0,52975696;1,091986;0,6126524;0,0;130
2877;-0,7383217;-1,0756998;2,17463;0,7272246;0,0;160
2878;0,4083578;0,34565198;0,61274546;0,1492617;1,0;140
2879;-0,53916514;-0,32598668;-1,6223451;1,1178691;0,0;120
2880;-0,99036753;-2,0744278;2,6040843;1,6140728;1,0;150
2881;0,5433176;-0,45426303;0,81783295;0,2606928;1,0;140
2882;-0,79583687;-0,30764616;-2,0496264;-0,38046932;0,0;120
2883;-0,132006;0,055932526;-0,87692535;-0,68430233;1,0;120
2884;-1,1498969;0,2076958;-2,5992222;0,5621258;1,0;120
2885;-0,19865328;-0,5193831;0,35431957;0,9221486;0,0;125
2886;0,46882358;-0,2983659;0,29110706;-0,60257983;1,0;130
2887;-0,35342044;-0,16343951;-1,0028886;0,53783095;0,0;120
2888;-0,2918256;-0,18860571;-0,65514153;0,42393565;0,0;110
2889;-0,20693932;0,13266808;-1,5507793;-1,635609;1,0;120
2890;-0,5597386;-2,213908;2,0646152;3,2371826;1,0;120
2891;-0,24998447;0,38053775;-2,2206604;-3,280981;1,0;140
2892;-0,18215148;0,19033805;-0,9094403;-0,33965883;0,0;110
2893;-0,56900525;0,27369338;-2,3298662;0,24153253;1,0;90
2894;0,16009551;-0,44546056;-0,9096327;0,13474096;0,0;110
2895;-0,71515256;-0,23135729;-1,7771146;-0,48586258;0,0;120
2896;-0,47967362;-1,7872211;1,0791664;2,3945007;0,0;110
2897;-0,60859054;-0,43704933;-0,36391118;1,4519444;0,0;120
2898;-0,11478408;0,019257365;-0,74848187;-0,75404894;0,0;120
2899;-0,51110595;0,2889939;-2,5135114;-0,92344;0,0;110
2900;1,0181335;1,0466303;1,7206724;-2,4422424;1,0;160
2901;-0,139859;-0,58259445;-0,19470185;0,63984525;0,0;120
2902;-0,86035925;-0,27837235;-0,6302296;-0,72698236;1,0;140
2903;0,80353427;-0,41588646;1,8564459;1,3413861;1,0;130
2904;0,33600846;-0,31442952;-0,08132571;0,014961429;0,0;120
2905;0,12533595;0,2656231;-0,4173025;-2,8596125;1,0;140
2906;0,45738533;-0,2430949;0,31784144;-0,32859525;1,0;130
2907;-0,7325038;0,38416302;-2,7122056;0,12383996;0,0;90
2908;-0,3891748;-0,11478688;-0,85816276;-0,32912958;0,0;120
2909;-0,19194825;-0,5325404;0,07790184;0,94900584;0,0;120
2910;0,29835546;-0,28658086;-0,24713281;-0,15137619;0,0;120
2911;1,1759787;0,31288218;2,5139;-0,23509908;1,0;160
2912;1,535398;1,4494994;2,4697099;-1,3953869;1,0;160
2913;1,6743382;0,6002793;2,8854878;-1,5611827;1,0;160
2914;-0,3807548;-0,07643021;-1,1110318;-0,6808108;0,0;120
2915;-0,19837177;-0,10262394;-1,763128;-0,26553485;1,0;100
2916;-0,18476772;-0,4260161;0,48449302;0,7631682;1,0;120
2917;-0,14062577;-0,49307477;0,5740722;0,7251555;1,0;120
2918;0,8881818;0,15060303;1,8524594;0,20875713;1,0;140
2919;-0,45842752;-0,0004950911;-1,5532814;-0,59836197;1,0;110
2920;-0,7214271;-1,3689499;1,2564313;0,26849344;0,0;130
2921;2,7307656;1,6562777;4,754759;0,00059399754;1,0;190
2922;-0,8580529;0,24326481;-2,4007783;1,0605469;0,0;120
2923;-0,4047808;-0,258134;-0,7956055;0,23241708;0,0;120
2924;0,10855281;0,32414377;0,29475656;-1,737445;0,0;140
2925;-0,6923582;0,2195099;-2,240866;0,6108848;1,0;100
2926;-0,7730447;-0,41749746;-0,3191356;-0,62308776;0,0;130
2927;2,0377362;0,63325113;3,6304955;0,7891152;0,0;160
2928;-0,097965226;0,11845657;-1,3528371;-1,4661739;1,0;130
2929;-0,65398806;-0,49164706;-0,7000029;0,37304404;1,0;130
2930;0,48280302;0,46861035;0,35186034;-0,8338945;1,0;140
2931;0,2665072;0,4691196;0,53501475;-1,9266987;1,0;150
2932;0,35384282;-1,8665128;2,0989819;2,0661714;1,0;120
2933;-0,31206366;-0,1446949;-1,3292547;-0,70235443;0,0;120
2934;-0,012972435;-0,063654914;-0,66072834;-0,47852173;1,0;120
2935;0,33111247;0,43816495;1,3601815;-1,3663404;1,0;150
2936;0,32055184;-0,22984238;0,44743454;0,27940586;1,0;120
2937;-0,9350355;0,62229526;-2,9013898;0,33190435;0,0;90
2938;-0,046883006;-1,4354153;1,0406058;1,7865169;0,0;120
2939;-0,42921963;-0,21093872;0,0051546693;0,08251408;1,0;130
2940;-0,049815316;0,09100548;-0,75284183;-1,0468986;0,0;130
2941;-0,4451038;-0,15003923;-1,6093756;-0,51878047;0,0;120
2942;0,7247667;-0,4590236;1,4181492;-0,5891849;1,0;135
2943;-0,38635617;-0,11894369;-1,2440312;-0,5866771;0,0;120
2944;-0,326291;-0,12636982;-1,3129634;-0,7269982;1,0;120
2945;-0,39825514;-0,15152462;-1,3148998;-0,46026498;1,0;120
2946;-0,105883054;-0,5829431;-0,1688252;0,40212685;1,0;120
2947;0,59157526;0,52274245;1,0877193;-2,2008731;1,0;160
2948;-0,9530522;-0,6380411;-0,38082144;-0,15061042;1,0;170
2949;-0,017018158;0,31305444;0,059815988;-0,96447575;1,0;130
2950;0,17578241;-0,7882042;-1,0489538;0,9948027;0,0;110
2951;0,42699587;-0,089587614;0,41121018;-0,33475122;1,0;140
2952;-0,08682784;-0,5828493;0,27128977;0,4718735;0,0;120
2953;0,35892776;0,06404173;0,590022;0,09873332;1,0;140
2954;0,48190624;-0,13502032;0,8602512;-0,13594066;1,0;140
2955;-0,11509468;0,025268868;-0,78250265;-0,68632257;1,0;120
2956;0,5097006;0,47743654;0,67483664;-1,3829339;1,0;150
2957;-0,5386699;-0,40542114;-1,1279325;0,86718583;0,0;120
2958;0,38321054;-0,2640664;0,4170125;-0,18806562;0,0;130
2959;-0,029351588;-0,0036910847;-0,3121883;-0,13222975;0,0;120
2960;0,625332;-0,2238578;0,8594605;-2,0675478;1,0;140
2961;-0,20580532;0,16829273;-1,1547788;-1,2126439;0,0;120
2962;0,49271935;0,39695525;0,5167322;-0,8354173;1,0;140
2963;0,4406568;-0,94776595;0,086595245;1,3351578;0,0;90
2964;-0,14094661;-0,5909735;0,30694366;0,3732432;1,0;130
2965;-0,0770468;0,074570514;-0,35809612;-0,28510827;0,0;120
2966;0,021235619;0,21565603;-0,6856935;-1,9060059;1,0;140
2967;-0,27388197;0,3231339;-1,5504035;-1,9211204;1,0;120
2968;-0,041152474;0,26440275;-0,061434656;-0,99792814;0,0;120
2969;-0,3825959;-0,030923873;-0,9742886;-0,2667776;1,0;110
2970;-0,85637945;0,12465905;-2,7768114;0,21119201;0,0;110
2971;-1,0011207;0,16206497;-2,7467945;0,50816524;0,0;100
2972;-0,56236076;-0,36967105;-1,438779;1,1937859;0,0;110
2973;0,24416156;0,401757;0,33244422;-1,4339352;1,0;140
2974;-0,54224795;-0,3515066;-1,0225962;0,64014745;0,0;120
2975;0,08387088;0,30497396;-0,093790114;-2,0589008;0,0;140
2976;1,7375014;-0,88777685;4,886698;1,4859383;1,0;150
2977;-0,09086441;-0,017537758;-1,158727;-1,2244625;1,0;120
2978;-0,012010651;-1,5806175;1,3928338;1,28862;1,0;120
2979;-0,3604513;-0,17992169;-0,68936193;0,05135628;0,0;120
2980;-0,27435517;-0,45101392;0,0118623935;1,48566;0,0;110
2981;-0,08777534;0,12686637;-0,5746745;-0,9487618;1,0;120
2982;-0,13554083;-0,6542113;0,39255276;0,322;0,0;130
2983;0,3568154;-1,0469227;0,881425;1,289642;0,0;130
2984;0,59572214;-0,10580905;1,5134566;-1,4938252;1,0;150
2985;0,74607325;0,16648577;1,5273858;0,47233602;1,0;130
2986;-0,3971301;-0,22159033;-0,9286002;0,60256815;1,0;110
2987;1,8068712;1,0453564;3,84639;0,21623495;0,0;160
2988;0,020597935;-1,664697;1,5617609;1,3589234;0,0;120
2989;-0,56065243;-0,335773;-0,94238544;1,7795016;0,0;120
2990;2,7838838;2,9713964;3,2143176;-5,4092264;1,0;200
2991;0,55546707;-0,024078988;1,4026718;-0,8368752;1,0;160
2992;-0,46104658;-0,25114268;-0,77000004;-0,1802243;0,0;130
2993;-0,40584883;-0,13578175;-0,9881878;-0,28743887;0,0;120
2994;0,0136789065;-0,020864055;-0,7734228;-0,5141405;0,0;120
2995;0,08472757;-0,5005503;-1,2391158;1,1990826;0,0;120
2996;-0,41196135;-0,085362144;-0,5358677;-0,27177018;1,0;120
2997;0,06016865;0,33346176;0,26903266;-2,1235063;1,0;140
2998;-0,33933613;-2,483779;2,5326269;3,023142;1,0;120
2999;-0,45711038;-0,11035238;-1,0355802;-0,5831244;1,0;120
3000;0,265543;-0,30895817;-0,13075528;-0,09749613;0,0;120
3001;-0,33944973;-0,21811338;-0,17714295;0,31557918;0,0;120
3002;-0,26145178;-0,022057816;-1,4590641;0,17291759;1,0;110
3003;-0,20644459;-0,6634897;0,19719878;0,9115304;0,0;120
3004;0,11637169;-0,41927034;-1,1527531;-0,07227476;0,0;110
3005;0,31699046;-0,39122993;0,17203383;-0,89406013;0,0;120
3006;0,6109943;0,60962343;0,850492;-1,5356549;1,0;140
3007;0,52110666;-0,1979696;0,6826334;-1,0195158;0,0;130
3008;1,2983308;0,571984;2,0046341;-0,49319825;1,0;150
3009;-0,47799966;-0,47659504;0,5407772;0,2841033;1,0;150
3010;0,43251726;-0,6115661;-0,12949002;0,2328437;0,0;120
3011;-0,09871662;-0,034043595;-0,95973;-0,9794198;1,0;120
3012;-0,43091267;-0,19340129;-1,1698154;-0,1476429;1,0;120
3013;-0,6984561;0,061231174;-1,8910346;1,4260931;0,0;110
3014;-0,35206267;-0,63698727;0,35853395;2,016223;1,0;120
3015;-0,3970432;-0,16190082;-1,990006;-0,98719954;1,0;120
3016;-0,9366354;0,08884474;-2,3894029;0,32419002;0,0;110
3017;0,73310107;0,8019267;1,4775578;-1,6651213;0,0;171
3018;-0,38151744;-0,0774606;-1,3049902;-0,83446896;0,0;120
3019;-0,5321059;-0,30917317;-1,6127852;1,5847845;1,0;110
3020;0,64489317;-0,13775474;1,4270203;-1,6709013;1,0;150
3021;-0,48077023;0,35965258;-2,345093;-1,5657032;0,0;120
3022;-0,6910701;0,09208552;-1,9053311;0,8711568;0,0;110
3023;-0,13248098;-0,5174727;1,0153892;1,0297171;1,0;120
3024;-0,37743855;-0,22812511;-0,7949106;0,055529974;0,0;120
3025;-0,1758912;0,15293834;-0,4824592;-0,6621269;0,0;120
3026;0,4774093;-0,24882855;0,3115657;-1,4561112;1,0;140
3027;0,42398104;-0,18621312;1,0835401;1,1165936;0,0;120
3028;0,107617885;-0,967362;0,4971636;0,56074286;1,0;120
3029;0,072682336;-0,43252903;-0,8349844;0,5565889;0,0;110
3030;-0,8078092;-0,239709;-1,2398697;-0,5149003;0,0;120
3031;-0,66538066;0,24346593;-1,6888171;0,85605204;1,0;120
3032;0,9658434;0,3913589;2,4144113;0,6693417;1,0;130
3033;-0,6880374;-0,41037673;0,5222231;0,11238147;0,0;130
3034;-0,59475535;-0,46017343;-0,5760864;1,4337721;0,0;120
3035;0,9872504;0,9958512;1,2822962;-2,4021358;1,0;160
3036;0,26986977;0,28292173;0,22076221;-0,8449192;1,0;130
3037;-0,93474954;0,30962855;-3,071868;0,6259111;0,0;90
3038;-0,43356705;-0,12518562;-1,2261186;-0,6279857;1,0;120
3039;0,3799497;0,5280137;-0,9699861;-2,507642;1,0;150
3040;-0,7308837;-0,24477358;-1,7965934;-0,4365042;0,0;120
3041;-0,56344014;-0,19046484;-0,18155363;-0,44720015;0,0;120
3042;-0,46307984;-0,1815705;-0,78572357;0,023591504;1,0;120
3043;-0,21040745;-0,3655423;0,6085939;1,239163;0,0;120
3044;-0,35080874;-0,5331522;0,30642378;1,6765057;0,0;120
3045;-0,10123812;0,120358184;-1,3295319;-1,1449788;1,0;120
3046;1,9798961;-0,8545802;4,9365215;1,9583821;1,0;150
3047;0,3436302;-0,23355518;0,400405;-0,63375163;1,0;130
3048;1,024536;-0,21837224;2,1385016;-0,121084705;1,0;140
3049;0,29372862;-1,796775;2,2557096;1,7791746;1,0;130
3050;-0,20584735;0,1343507;-0,9418621;-1,2687624;1,0;120
3051;1,0815402;-0,11726466;1,7136978;-0,060082257;1,0;140
3052;-1,1402124;-0,59790164;0,5487281;-0,16236204;1,0;140
3053;-0,9358345;-0,30596668;-1,9849293;-1,2839245;0,0;130
3054;0,42039487;0,20991044;0,22884572;-1,1066465;1,0;140
3055;-0,35731095;-0,9350765;1,057777;2,185421;1,0;120
3056;1,018239;0,051672816;2,1533098;-1,4522338;1,0;160
3057;0,36500582;0,33032918;0,6921284;-0,93215525;1,0;140
3058;0,28304243;-0,24567969;0,013026401;0,0793802;1,0;120
3059;-0,1098706;-0,63839406;0,46116972;0,60768914;0,0;115
3060;-0,14522214;0,64964014;0,2909813;-2,2490685;1,0;130
3061;-1,0735321;0,20786141;-2,625935;-0,013674989;0,0;100
3062;-0,03419759;-1,0380565;0,45385146;0,8801533;1,0;120
3063;0,6287357;-0,1918914;1,2386634;-1,2532597;1,0;140
3064;-0,35849544;-0,8926642;0,81747544;0,12783779;0,0;130
3065;0,7448677;-0,5941871;1,6123276;1,3932819;1,0;120
3066;-0,5060077;-0,94870156;1,0464637;0,6310487;1,0;130
3067;0,050544567;-1,4304061;1,0755386;2,1765451;0,0;120
3068;0,5289897;-0,3577298;0,97894335;0,3138931;1,0;130
3069;-0,2950067;-0,679024;0,2192711;2,0951545;0,0;130
3070;-0,47066718;-0,39662188;-1,236742;1,6303902;0,0;120
3071;-0,38783842;-0,13075751;-0,6642283;-0,12380213;0,0;120
3072;-0,4366459;-0,3478849;-1,2697614;1,5582627;0,0;110
3073;0,24510609;0,5646571;-0,8326956;-2,1890354;1,0;140
3074;-0,14811724;-0,617696;-0,2911094;0,9014776;0,0;110
3075;0,38734204;0,5947249;0,26389372;-0,8668281;1,0;140
3076;-0,18974456;-2,583125;2,6884937;4,1206713;0,0;120
3077;1,2524843;-0,989222;3,0597522;2,536026;1,0;120
3078;-0,54207706;-0,28498948;-0,378387;0,6867876;1,0;120
3079;-1,1250358;0,4598199;-2,6795123;1,4983561;0,0;102
3080;-0,682404;-0,48338956;-0,47885007;0,8708174;0,0;130
3081;0,605954;-0,3086207;1,0593596;-2,1393929;1,0;130
3082;-0,3346396;-0,16431747;-0,64429927;-0,03835153;1,0;120
3083;-1,1852192;-0,025046162;-2,641943;-0,4985706;0,0;120
3084;-0,42908224;-0,37188047;-1,1954967;1,0074518;0,0;110
3085;-0,391577;-0,7632677;0,3946376;1,84969;1,0;120
3086;0,026155762;0,22606184;0,29354763;-0,6675427;0,0;140
3087;-0,6913942;0,055327937;-1,7758969;1,1914577;0,0;110
3088;-0,17761374;-0,48056;-0,07887685;0,8401929;0,0;120
3089;-0,40778553;-1,8075713;1,3516057;2,489327;1,0;120
3090;-0,27770388;-0,9913667;1,0497657;0,10693322;0,0;125
3091;-0,38033235;-0,12431587;-0,938282;-0,37620682;0,0;120
3092;0,9552965;-0,75137526;2,2041287;0,92800105;1,0;130
3093;-0,1409392;0,10282545;-0,4640441;-0,57131445;0,0;120
3094;0,10596989;0,4319843;0,26039192;-1,1244584;1,0;130
3095;-0,09590966;0,1461593;-0,8248278;-0,8950093;0,0;120
3096;0,6354549;0,7647879;1,634402;-0,3766484;1,0;140
3097;-0,1150374;0,024161668;-0,7762357;-0,69879854;1,0;120
3098;-0,36905354;-0,18371773;-0,4548931;0,11094731;0,0;120
3099;0,6140563;0,13727106;1,2478215;-0,47299132;1,0;140
3100;1,5455499;1,2370272;1,7504473;-1,4469641;1,0;170
3101;-0,7386844;0,4100755;-2,734474;0,48669967;0,0;100
3102;-0,47156826;-0,15010415;-2,0202796;1,4425114;0,0;110
3103;0,31100586;-0,23301817;0,91078234;0,5814016;1,0;120
3104;-0,29660368;-0,19111481;-0,5807747;-0,111682795;0,0;120
3105;-0,6206651;0,21655327;-2,0255754;0,668306;0,0;120
3106;-0,40957677;-0,21490125;-1,2866772;0,72111905;0,0;120
3107;-0,38468495;-0,046517536;-1,3523641;-0,93595004;0,0;120
3108;0,39707783;0,5479284;0,2779001;-0,93906164;1,0;140
3109;-1,0520046;0,4721312;-3,3091228;1,8853679;1,0;90
3110;-0,22626062;-0,4000823;0,7588774;2,0923388;0,0;110
3111;-0,61652744;-0,45817977;-1,4348491;0,85520506;0,0;120
3112;0,8514888;0,17699462;0,97480905;-0,33083728;1,0;140
3113;2,3836417;0,5671452;4,2477818;-0,6944691;1,0;170
3114;0,19034085;-0,5134276;-1,3184382;0,7568773;0,0;110
3115;0,8653335;0,15611413;1,4890925;-0,085254446;1,0;140
3116;0,5874446;-0,17318279;1,0905488;-1,2753639;1,0;140
3117;-0,1939818;0,43914813;-0,86986244;-1,9808841;1,0;130
3118;-0,44304344;-0,077423066;-1,112651;-0,5632211;1,0;120
3119;0,36200428;-0,29199052;-0,091073096;-0,6456789;1,0;120
3120;-0,1488076;0,051681276;-0,69297445;-1,1973081;0,0;120
3121;-0,21225713;-0,5426807;0,51718676;0,31826556;1,0;140
3122;0,10289635;-1,0782311;0,5524862;0,818841;1,0;110
3123;0,55763084;0,49220222;1,2826524;-1,5699322;1,0;140
3124;0,60019416;-0,12929374;1,4740648;-1,3695331;1,0;140
3125;-0,23157686;0,12191042;-1,6202998;-1,6251636;0,0;120
3126;-0,5459734;0,21739496;-1,815217;-0,14245003;1,0;110
3127;0,18719646;-0,69718146;-0,93077624;0,75954247;0,0;110
3128;-0,55984354;-0,76722133;1,6249127;2,088106;1,0;140
3129;0,027547635;-1,3542087;1,0395024;1,129848;1,0;120
3130;-0,962388;-0,10065466;-1,5143229;-0,0320557;1,0;130
3131;0,520108;0,3253839;1,0329988;0,13707057;0,0;135
3132;-0,081305735;0,37271458;-0,3033594;-1,7338585;0,0;140
3133;-0,33336604;-0,523802;-0,14013691;1,5216222;1,0;120
3134;-0,5786062;-0,28177363;-1,582155;0,027292967;0,0;120
3135;-0,850065;0,335225;-2,5915382;0,7523612;0,0;90
3136;-0,08720675;-0,8758528;0,16409238;0,62440217;1,0;120
3137;-0,13308942;0,08317801;-0,7483859;-0,51336765;0,0;120
3138;-0,4904179;0,24187075;-2,5826626;-0,8792982;0,0;110
3139;0,017050592;-1,2779087;0,56330895;1,337975;0,0;110
3140;-0,17272207;0,08954997;-0,84804;-1,0711424;0,0;120
3141;0,4296589;-0,26537937;0,95823586;-0,46841028;1,0;130
3142;-1,0211971;0,5584553;-3,1716704;1,1269364;0,0;90
3143;-0,055525053;-0,045403495;-1,1514423;-0,85230386;0,0;120
3144;2,4639835;0,8410843;4,1017265;-1,3152373;1,0;180
3145;-0,36548054;-0,2565648;-0,43348014;0,44181213;0,0;120
3146;0,42221788;0,55088174;0,9109812;-0,42686743;1,0;150
3147;0,8673089;0,2435895;1,9599507;0,3969111;1,0;140
3148;1,3713336;-0,4616496;3,0386255;0,79290783;1,0;140
3149;-1,044564;0,31641036;-2,7854285;1,1660421;0,0;110
3150;1,0917844;-1,0180298;2,7722588;1,3372147;1,0;130
3151;-0,1489407;-1,7268739;1,4661105;1,7507381;1,0;120
3152;-0,9280384;0,07420121;-2,1462262;0,4967982;1,0;110
3153;-0,42976233;-0,24587058;-2,4455698;0,47469065;0,0;110
3154;0,9756182;0,07475729;1,3313022;0,088926375;0,0;140
3155;0,30641994;0,33142936;-0,09896678;-0,37267652;1,0;140
3156;-0,52482045;-0,25736743;-0,85079634;0,38001767;0,0;120
3157;-0,3420491;-0,084462576;-0,7890022;-0,46681032;0,0;120
3158;0,34193856;-0,89555347;0,5824894;0,7155354;0,0;110
3159;-0,04017348;-0,016872067;-0,6297438;-0,5045856;0,0;120
3160;-0,51556045;-1,5048342;0,744015;2,4703484;0,0;120
3161;0,73928016;-0,14997952;2,053557;-1,8388412;1,0;140
3162;-0,5478525;0,266599;-2,5277774;-0,8392508;1,0;110
3163;0,25189188;0,49038577;0,025433596;-1,6067934;1,0;140
3164;-0,8834751;0,53109956;-2,7937133;0,08455983;1,0;100
3165;0,6406229;0,7388254;0,45567733;-2,112755;1,0;150
3166;1,1690173;0,46138805;2,5478392;-0,5642065;1,0;160
3167;1,7811571;0,11697173;3,556942;1,351661;1,0;160
3168;0,38887897;0,24925655;0,20022246;-0,53216934;1,0;130
3169;-0,11991408;0,16467248;-0,9197706;-1,0738622;0,0;120
3170;-0,11644952;-0,015001502;-0,9933435;-1,1003983;1,0;120
3171;0,5610437;-0,098477125;0,79099107;-0,20405617;1,0;125
3172;-0,1769067;-0,63121676;0,3325776;1,0254717;0,0;120
3173;-0,4899671;-0,3398916;-1,571659;1,64517;0,0;110
3174;0,07321431;0,1406516;-0,34627724;-0,9679464;1,0;140
3175;0,057780348;-0,43082422;-0,8925735;0,69822073;1,0;110
3176;-0,44117042;-0,13002293;-1,070083;-0,29977673;0,0;120
3177;-0,04949441;0,05380095;-0,82335687;-0,48316172;0,0;120
3178;0,061940756;0,2085104;-0,88692725;-1,171938;1,0;120
3179;-0,22531633;-0,42446727;0,36092135;1,1491921;0,0;120
3180;1,2852772;-1,1806643;3,501474;2,0651925;0,0;130
3181;-0,30964908;-2,3126907;1,7741154;3,319509;0,0;120
3182;-0,107545316;0,090489;-0,7333641;-0,55762017;0,0;120
3183;-0,39425078;-0,19000208;-0,7824248;0,062174477;0,0;120
3184;0,39892492;0,4970312;0,51746875;-0,3368789;1,0;130
3185;0,73510015;0,024668034;1,3489283;-0,54495037;1,0;140
3186;0,0864949;0,2955835;0,026463266;-2,0888774;1,0;140
3187;1,7671351;-0,3089592;3,8606203;0,74791384;1,0;180
3188;0,5732671;-0,16046177;0,9653574;-1,8014386;1,0;153
3189;1,8394523;0,13951278;3,6586347;0,43993184;1,0;150
3190;-0,4303473;-0,04353912;-1,0848044;-0,79144907;0,0;120
3191;0,25799128;0,5008188;-0,30789462;-0,68214536;1,0;140
3192;1,7932513;0,95340455;2,7326288;-0,7584007;1,0;155
3193;-0,72510296;0,10573032;-2,6018274;0,68090105;0,0;110
3194;0,6322242;0,6108366;0,4047622;-0,6845895;1,0;150
3195;-0,75014555;0,21358374;-2,478882;0,73049235;0,0;100
3196;-0,12510495;-1,199146;0,18564259;1,3034904;0,0;120
3197;-0,39915806;-0,40574557;-0,284381;1,248883;0,0;120
3198;0,584006;0,0074524023;1,7247069;-1,1501095;1,0;150
3199;1,187244;-0,09282696;2,2081933;0,5278138;1,0;140
3200;1,6164074;0,81822205;2,4381602;-1,4070077;0,0;160
3201;-0,0742648;0,12616363;-0,8053781;-1,1128249;1,0;130
3202;1,3372527;1,054202;2,2139297;-0,75292075;1,0;160
3203;-0,41253498;-0,14997946;-0,48958004;0,13493519;0,0;120
3204;-0,39692414;-0,17023154;-0,54290855;0,02702973;1,0;120
3205;0,6079096;0,07518409;2,1025848;-0,11210541;1,0;140
3206;-0,56662875;-0,50493866;-0,64300853;1,5887713;0,0;120
3207;0,26491833;0,42826188;0,23600955;-0,75484407;1,0;130
3208;0,7953471;-0,54746175;2,1276083;-1,3694112;1,0;140
3209;0,76360005;-0,32717782;1,9380866;-0,974928;0,0;140
3210;-0,9769332;-0,1640837;-2,7051628;-0,6375935;0,0;110
3211;-0,11296662;-0,65132636;-0,19081509;0,55086625;0,0;120
3212;1,2855111;-0,48998034;3,392851;0,18911627;1,0;150
3213;-0,57929176;-0,4800945;-0,5326878;1,5245783;0,0;120
3214;-0,57996964;-0,18239516;-1,101225;0,021122068;0,0;120
3215;-1,1103835;0,039782368;-2,6452549;0,22397947;0,0;110
3216;0,4543253;-1,1910264;0,0350066;3,0341406;0,0;100
3217;0,599266;-0,5056967;0,8908006;0,3693225;0,0;120
3218;-0,08385366;-0,7303997;-0,28058687;0,7778808;0,0;110
3219;-0,56306374;0,22350839;-1,7666084;-0,056930453;0,0;110
3220;-0,7051578;0,04996207;-1,5325229;1,567914;0,0;110
3221;-0,3731176;-0,25530416;-1,8155566;0,3513601;0,0;120
3222;0,07432821;-0,4247929;-0,82590294;0,44097555;1,0;110
3223;-0,6236065;-0,08438675;-0,8446888;0,5842165;1,0;130
3224;0,12024384;0,2873011;0,8422631;-1,7338121;0,0;140
3225;-0,06371797;0,15724346;-0,40052035;-0,2729668;0,0;120
3226;0,30332714;-0,0979681;0,9757471;0,6952214;1,0;120
3227;0,030770233;0,048365746;-0,30810195;-0,8173412;1,0;130
3228;-0,31705382;-0,72946197;1,1016062;0,6231406;0,0;140
3229;-0,23639026;-0,722754;-0,8973708;2,1752179;0,0;110
3230;-0,56207144;-1,2394209;1,5849681;1,6771786;1,0;140
3231;-1,0859333;0,06696001;-2,8619993;0,15210825;0,0;106
3232;-0,51456654;-0,37249;-1,8038901;1,3474128;1,0;121
3233;-0,5189878;-0,29743606;-1,4955013;1,3929026;0,0;100
3234;-0,7629458;-0,39658803;-0,42710558;0,14678468;0,0;120
3235;-0,03510692;-0,33241564;0,19305593;1,6668379;0,0;110
3236;-0,53905356;-1,2183658;1,386788;1,8727403;1,0;110
3237;-0,17515053;-0,081071325;-1,5331185;0,05083362;1,0;110
3238;0,6323027;0,6769911;0,7418456;-2,0799394;1,0;160
3239;0,23231794;-0,2789235;-0,011670575;-0,18460512;0,0;120
3240;-0,40776622;-0,26883012;-0,9458195;0,69457304;1,0;130
3241;0,09524361;-0,54560673;-1,3198259;1,3144541;0,0;100
3242;1,1530349;-0,16399562;2,978675;-1,1718016;1,0;160
3243;-0,24923277;-1,4987559;1,0327965;1,4206195;1,0;120
3244;0,6351096;-0,067339435;0,43808705;-0,074132256;1,0;130
3245;-0,0054874145;-0,00523822;-0,6414814;-0,30485582;0,0;120
3246;0,9081062;1,1389651;2,1512077;-2,8787293;1,0;160
3247;-0,45220372;-0,07899389;-0,7730392;-0,37760735;0,0;120
3248;-1,3710954;-3,236938;5,115675;2,4257097;1,0;170
3249;-0,34363794;-0,1645881;-0,94057155;-0,23516506;0,0;120
3250;0,13575017;-0,5302482;-2,0585148;1,1227989;0,0;100
3251;2,034279;1,6223654;3,0394168;-1,8313537;1,0;170
3252;-0,50748515;-0,32616258;-1,0306872;0,53131795;0,0;120
3253;-0,61921066;0,31282622;-2,0812683;0,0039792694;1,0;120
3254;-0,00670277;-0,29121572;-0,6132574;0,76010704;0,0;110
3255;0,9507052;-0,5851793;2,423321;0,22585061;0,0;130
3256;-0,16148752;-1,6365588;1,9774231;1,6688172;1,0;130
3257;0,029319989;-0,32934648;-1,0167909;1,2629635;1,0;110
3258;-0,8441962;0,37217784;-3,3815322;0,9332118;0,0;100
3259;0,43887022;-0,17213193;0,9376732;0,3465412;0,0;130
3260;0,1436743;-0,5240316;-0,05242303;2,1823328;0,0;120
3261;-0,27474716;-0,14391625;-1,2263985;-0,6418047;0,0;120
3262;-0,25599453;-0,20901538;-1,7205987;0,7718352;0,0;110
3263;0,6031016;-0,07188778;2,1152613;-0,52840173;1,0;140
3264;-0,17155764;-0,5378712;0,40854207;1,0102886;0,0;120
3265;-0,9254739;0,49579984;-2,5971613;1,5721738;1,0;90
3266;-0,5241121;-0,25368124;-1,1355935;0,14900033;1,0;120
3267;-0,7986932;0,43216592;-2,3940525;0,24686539;0,0;110
3268;0,63915855;0,021361805;1,2428416;-0,6339177;1,0;140
3269;-0,0061552073;0,2926426;-1,1756186;-2,5921705;0,0;130
3270;-0,35631773;-0,19570304;-1,767932;0,70737135;0,0;110
3271;-0,25503144;-0,024035864;-1,9479084;-1,0675108;1,0;120
3272;0,18818207;-0,6989065;-1,4913642;2,289473;0,0;95
3273;-0,53265893;-0,87358725;0,6155993;2,3881943;1,0;120
3274;0,58699787;-0,16339856;1,2129141;-1,124677;1,0;140
3275;-0,003059736;0,06410466;-0,53177845;-0,78771317;1,0;120
3276;1,0114504;-0,04078897;1,4340904;-0,13347337;1,0;140
3277;-0,7835657;-0,4070173;-0,5145613;0,10816601;0,0;120
3278;0,30043423;0,34686238;0,8425517;-1,6470838;0,0;150
3279;-0,34432572;-0,4650582;0,03659011;2,1161892;0,0;120
3280;2,045359;1,1412206;3,7191238;-0,56512666;1,0;170
3281;0,64101434;0,006573528;1,7613511;-1,2562667;1,0;150
3282;0,75970274;0,4871868;1,540792;-0,15928306;1,0;150
3283;0,2774805;0,28210443;-0,13503446;-1,7646984;1,0;140
3284;0,41789353;0,42270106;0,08766675;-0,4936838;0,0;130
3285;-0,453743;-0,23688234;-1,2763653;0,5111501;0,0;110
3286;-0,3090282;-0,52286154;-0,25723246;2,4832718;0,0;110
3287;-0,4256087;0,29877484;-1,4546926;-0,59417665;0,0;115
3288;-0,2755311;-0,64828324;0,56738806;1,4063437;0,0;120
3289;-0,3758768;-0,8182421;0,61173284;0,8885032;0,0;120
3290;0,15936016;-0,38483655;-0,57417;-0,5109887;1,0;110
3291;-0,63063693;-1,7385365;1,3600457;2,1539338;0,0;130
3292;-0,1478202;-0,6823398;-0,12305565;0,6286949;0,0;120
3293;-0,011328196;0,10384945;-0,20489624;-0,5206045;0,0;130
3294;-1,3812939;0,034185547;-3,1820858;-0,58148134;0,0;110
3295;0,70920986;-0,57138205;1,3565869;-0,2399092;0,0;130
3296;1,7006757;0,56620234;2,8435674;-0,57197845;1,0;160
3297;-0,34965575;-0,13887201;-0,8724483;-0,38543364;0,0;120
3298;0,6335864;-0,014580201;1,37621;-1,3387773;1,0;150
3299;0,6658417;0,49191058;0,92378616;-0,6192204;1,0;150
3300;0,1672304;0,10564406;-0,19093475;-1,6155943;0,0;130
3301;0,047601175;0,15188704;-0,11518946;-0,9795537;1,0;140
3302;0,7763676;-0,506875;1,7536615;-0,07457064;1,0;140
3303;-0,18140028;0,43859458;-0,4149542;-1,7987089;0,0;120
3304;0,7195214;-0,013204325;1,2351273;-0,7276732;1,0;140
3305;0,941463;-0,7485478;2,550868;1,0725372;1,0;140
3306;0,6089722;-0,65705776;0,61441135;0,24353525;1,0;120
3307;-0,29503295;-1,2893995;0,54636127;1,5938289;0,0;120
3308;0,032378614;-1,2305356;0,38419038;2,2149923;0,0;110
3309;-0,45743537;0,22743519;-1,9024421;-0,47812745;0,0;110
3310;-0,39409342;-0,35731703;-0,8135823;1,543268;1,0;120
3311;0,09027597;0,053880528;-0,6954036;-1,1803571;0,0;130
3312;0,9094499;0,10358307;1,5910236;-0,090392716;1,0;140
3313;-0,45925;-0,2879256;-1,0102661;0,9029105;0,0;125
3314;-0,056909584;-0,01055323;-0,96577144;-0,6307982;0,0;120
3315;-0,8616305;-0,6159502;0,27205953;0,46218136;0,0;130
3316;-0,4147041;-0,16568199;-0,95334566;-0,21052976;1,0;120
3317;0,6752954;0,30515593;1,5971221;0,22717178;1,0;140
3318;-1,2179043;0,5208463;-3,2870018;1,0592811;0,0;90
3319;-0,6711047;-0,3633958;-0,6529746;0,9969001;0,0;120
3320;-0,14803061;-0,15699878;-2,0269454;0,044460036;1,0;110
3321;-0,5761047;-0,2687294;-2,020654;0,42494756;0,0;110
3322;-0,6122195;-0,23486279;-1,3914984;-0,41734263;0,0;120
3323;-0,25647733;-1,5338259;1,0139942;1,8136089;0,0;120
3324;0,06942727;-0,4791097;-1,4658518;1,1653664;0,0;100
3325;0,5563467;-0,23391096;0,561462;-1,1030526;0,0;130
3326;0,87674576;0,20710748;1,6358929;-0,5567192;0,0;150
3327;0,4902429;-3,5389326;6,3620157;4,3876553;0,0;140
3328;-0,15512834;-0,027170897;-2,390383;-0,826833;0,0;110
3329;-0,63900054;0,15303513;-1,9347043;1,1853828;0,0;100
3330;0,7761299;-0,10070096;1,5790818;-1,4180934;1,0;150
3331;0,3776217;0,2522723;0,4589685;-1,114606;0,0;140
3332;-0,005550519;-0,51138496;-0,828159;0,5822977;0,0;100
3333;-0,09066749;0,011911657;-0,49690747;-0,65903246;0,0;120
3334;-0,37363487;-0,16431461;-1,2669164;-0,08395949;0,0;110
3335;0,0741782;-0,4707712;-0,79210925;0,81262255;1,0;110
3336;0,7068292;0,059601273;1,6574918;-0,3025821;1,0;140
3337;-0,10962831;-1,1956477;0,64717185;1,7147136;0,0;120
3338;1,513901;0,111161456;2,955603;-0,5581745;1,0;150
3339;-0,45363578;-0,07583066;-0,93520784;-0,47619328;0,0;120
3340;0,051688973;0,35528994;-0,9875629;-2,203664;0,0;150
3341;0,9191226;0,15675667;1,3556702;-0,1361677;1,0;160
3342;-0,46994287;-0,31434345;-1,0201526;0,43158913;1,0;120
3343;2,0193129;0,94140553;3,2053642;-0,8174833;1,0;155
3344;-0,10472552;0,14622808;-0,9753679;-0,9942533;0,0;120
3345;0,08110887;-1,1436;0,7675431;0,78028953;0,0;120
3346;0,05887445;-0,9172072;0,17039494;0,3862695;1,0;120
3347;-0,18681258;-1,3364345;1,1738391;0,8948406;1,0;130
3348;0,83624667;-0,26740003;2,265545;-1,3675758;1,0;150
3349;0,034314085;-0,52493465;-0,3787781;0,1887974;0,0;130
3350;-0,03607163;0,5499528;0,21019198;-2,5707633;1,0;140
3351;-0,11587837;-0,80514944;0,67783666;0,84299636;1,0;120
3352;0,9901339;0,9689168;0,7949305;-2,9130507;1,0;160
3353;-0,43353444;-0,1869444;-1,3695997;-0,3958486;1,0;120
3354;0,8153858;0,338309;2,720059;0,93055344;1,0;140
3355;-0,37588537;-0,17696671;-0,37084824;0,23913082;1,0;120
3356;-0,11546589;0,032453828;-0,8231634;-0,6053777;1,0;120
3357;0,028954398;-0,42622524;-1,3193535;1,7338825;1,0;110
3358;-0,6710265;0,14602384;-1,5648876;0,59106266;0,0;110
3359;-0,011764517;0,13688174;-0,8695444;-1,2595344;0,0;120
3360;-0,40715557;-0,19133015;-1,0188675;-0,070846505;0,0;120
3361;0,8338888;-0,079515286;1,0702206;-0,05201273;0,0;130
3362;-0,83583754;-0,7747794;0,6323169;1,6993256;0,0;130
3363;-0,023696426;0,4959736;0,5986304;-2,205363;1,0;140
3364;-0,3498671;-0,12121861;-0,62279916;-0,22332653;1,0;120
3365;-0,4220879;-0,14902936;-0,6920997;-0,08165363;0,0;120
3366;0,8938217;0,9708991;0,55557543;-3,0186393;1,0;160
3367;0,38765174;0,5562782;-0,1955187;-1,2281375;1,0;140
3368;-0,013605166;0,13721961;-1,3326565;-1,6320131;0,0;130
3369;-0,7208797;0,08676562;-2,2965949;1,040724;0,0;110
3370;-0,29083598;-0,765823;-0,08831598;1,3724682;0,0;120
3371;-0,6086018;-0,24796678;-0,87780726;0,5443057;0,0;120
3372;0,45822653;-0,25644618;0,5670588;-0,34922457;1,0;130
3373;1,3530108;-0,5590943;2,9558594;1,3369637;1,0;130
3374;-0,10206255;-0,7768262;0,24946406;0,8185669;0,0;120
3375;0,047786858;-0,4237185;-1,2389429;1,026068;0,0;100
3376;0,5333852;0,7606328;1,5144724;-0,9861436;0,0;140
3377;-0,12193703;-0,61272746;0,48142582;0,8297212;1,0;120
3378;0,3850521;0,6503112;1,3394054;-1,9173582;1,0;160
3379;1,4320223;1,2579886;1,26071;-3,0369024;1,0;190
3380;-0,18703216;-1,3132756;0,81918764;0,96588135;0,0;120
3381;-0,3884308;-0,55236566;0,53245056;2,2708533;0,0;120
3382;-0,50859725;-0,31534326;-0,88846385;0,58012795;0,0;120
3383;0,05083964;0,104675494;-0,58500266;-1,2921789;0,0;140
3384;0,9111956;0,32882446;1,4466006;0,72009623;1,0;140
3385;0,14471768;-0,40534067;-0,6465492;0,3432961;1,0;110
3386;0,14590909;-0,36665237;-0,8775877;-0,16097549;0,0;110
3387;0,23079392;0,39553982;0,10582867;-1,6654713;1,0;140
3388;-0,12339314;0,022299727;-0,91452765;-0,82777286;0,0;120
3389;-0,19879214;0,2869687;-0,4235103;-0,9329026;0,0;120
3390;0,22740734;-0,30036932;-0,17992899;-0,4360351;1,0;120
3391;0,47698897;0,1023075;1,0536761;0,5340307;1,0;130
3392;-0,085306846;0,005893044;-0,775736;-0,5451547;1,0;120
3393;-0,09379726;-0,8155304;-0,13931997;0,8603747;0,0;120
3394;-0,099303395;-0,6625198;-0,7278041;0,9954971;1,0;120
3395;-0,8243682;0,43490052;-2,5308309;0,7600299;0,0;100
3396;-0,7158779;-0,32087898;-0,85823274;-0,74694;1,0;140
3397;-0,6814474;0,4791639;-1,3843364;-0,44809934;0,0;110
3398;-0,07095552;-0,011534225;-0,5765897;-0,33060193;1,0;120
3399;-0,22323024;-0,49441713;-0,94530725;1,7047658;1,0;110
3400;0,8422734;-0,74941695;1,788724;1,1103966;0,0;120
3401;-0,32935715;-0,30457503;-0,8433073;1,138119;0,0;100
3402;-0,6338851;-0,16913918;-0,79465306;-0,3928534;0,0;130
3403;-0,60203147;0,21657683;-1,6533681;0,15576972;0,0;110
3404;2,6741006;1,2022636;4,1459236;-2,2279701;1,0;160
3405;-0,43572566;0,08025561;-1,3408413;-0,075627476;1,0;120
3406;0,17415884;0,2390128;-0,5047792;-0,8511995;1,0;140
3407;0,19231944;0,43707532;0,16832757;-1,6471245;0,0;140
3408;-0,34705052;-0,17659692;-0,4140166;-0,3779689;1,0;130
3409;-0,71567726;-0,40976304;-0,42469057;-0,73467433;0,0;150
3410;-0,4580295;0,33718216;-1,6409376;-0,5908743;0,0;110
3411;-0,43649638;-0,19416364;-1,1817462;-0,13447312;0,0;120
3412;-0,510041;0,1750502;-1,3900868;0,10980576;0,0;110
3413;-0,57754976;-0,31483132;-1,1166623;1,462573;0,0;115
3414;0,026678765;0,50938916;-0,12028217;-1,5531783;1,0;150
3415;1,4257406;1,0077813;1,6732656;-0,33315188;1,0;160
3416;0,033073254;-0,9123244;-0,26104093;0,5353613;0,0;120
3417;0,32524028;-0,41410834;-0,05893463;-0,5240383;1,0;120
3418;0,40137315;0,38789743;0,5327108;-1,6958334;1,0;150
3419;0,72237045;0,004496414;1,4638793;-0,53810966;1,0;140
3420;-0,6911734;0,17201923;-1,9556153;0,28836352;1,0;110
3421;-0,26699215;-0,8369455;-0,075051144;1,2992754;0,0;120
3422;0,681421;-0,050970934;2,0812788;-1,107088;1,0;150
3423;-0,39779896;0,059652507;-1,2490028;-0,08219501;1,0;120
3424;-0,08925358;0,06949808;-0,44680274;-0,31371075;0,0;120
3425;2,251829;1,2654229;3,4315627;-1,1931276;0,0;180
3426;-0,09140735;0,16441835;-0,7196671;-1,0300801;0,0;130
3427;-0,96232295;-0,6311964;0,21335684;0,2955535;1,0;170
3428;0,50641775;-0,40270752;0,26432663;-0,1467609;0,0;130
3429;0,47590682;-0,21913506;0,45523527;-0,89800286;0,0;140
3430;-0,35716376;-1,1079859;1,0030355;0,97060835;1,0;140
3431;-0,6166569;0,23790732;-1,9782529;-0,07024224;0,0;110
3432;-0,69369435;0,17688853;-2,256474;0,89219344;0,0;102
3433;0,45742756;-0,29866666;0,12343283;-1,1507151;1,0;130
3434;0,22983865;0,33602977;0,38415176;-1,4204962;1,0;140
3435;0,24390566;0,2516391;1,0991724;-1,590987;1,0;150
3436;-0,27800754;-0,16915496;-0,5235611;-0,14629725;0,0;120
3437;0,19577871;-0,56457466;-1,2384845;0,14057542;1,0;110
3438;-0,57204175;0,11180852;-1,1607658;0,4357772;1,0;140
3439;-0,28785703;-1,2375168;1,5061702;0,6841961;1,0;150
3440;-0,6995366;-0,27783227;-1,7058473;-0,0470495;1,0;120
3441;-0,4904796;-0,19341846;-1,113534;-0,027326647;0,0;120
3442;-0,070427656;0,01669071;-0,6395793;-0,4186291;0,0;120
3443;1,378346;-0,54588044;2,9009292;1,4503555;0,0;130
3444;0,89746016;0,051742837;2,1011627;-1,303444;1,0;140
3445;-0,1267469;0,08834655;-0,8682344;-0,89852846;0,0;120
3446;0,6062869;0,040173024;1,4252548;-0,5762284;1,0;140
3447;-0,5441451;-0,12555858;-0,42848518;-0,006147716;0,0;120
3448;-0,18096709;0,2514612;-0,55210984;-0,7457043;0,0;120
3449;-0,053019263;0,55756;0,23296855;-2,254934;0,0;140
3450;0,5794135;0,6102649;0,7527063;-1,5803549;1,0;160
3451;-0,31236303;0,0038944967;-1,312479;0,0125814825;0,0;110
3452;-0,0189565;-0,44779837;-0,5807904;0,028611444;0,0;110
3453;-0,45797262;-0,086048685;-0,84589124;-0,4157201;0,0;120
3454;0,035723817;-0,39628375;-0,7273968;1,6006918;0,0;100
3455;0,9969148;0,08721675;1,6801353;-0,72623575;1,0;150
3456;0,09622326;-0,24364884;-0,30486363;0,123505846;1,0;110
3457;0,22972779;-0,15405153;0,8300737;0,5756593;1,0;120
3458;-0,386522;-0,32598794;-0,5406539;0,4946619;0,0;120
3459;0,31161556;0,2731905;0,4997874;-1,1550744;0,0;140
3460;-0,45152038;-0,23332824;-0,58730173;0,46458194;0,0;120
3461;-0,22568399;-0,5517661;0,21996458;1,2350624;1,0;120
3462;1,0300834;0,5104675;2,2809277;0,343885;1,0;145
3463;-1,0022733;-0,64115655;0,9055213;0,16090514;1,0;140
3464;-0,31348383;-0,6441589;0,30477336;1,1903217;1,0;130
3465;-0,11869534;0,15087548;-1,3120329;-1,5333552;1,0;130
3466;0,5715493;-0,44294757;1,0679532;0,6631714;1,0;120
3467;2,1820023;0,09559499;4,495779;-0,067559816;1,0;160
3468;-0,49457884;-0,21713416;-1,5572588;1,9580777;1,0;100
3469;0,66906863;0,10938068;1,4471779;-0,35217342;0,0;140
3470;1,0881003;-0,3677044;2,5369515;1,4174908;1,0;127
3471;-0,61763626;-2,1306233;2,1282098;2,33614;1,0;135
3472;-0,23525485;0,088567495;-2,0143309;-1,543617;0,0;120
3473;-0,1130367;-0,44560838;-0,2817896;0,19143502;1,0;120
3474;-0,060611255;0,11485757;-0,5202174;-1,0634756;0,0;130
3475;-0,40452018;-0,19691196;-0,80108917;-0,0012952685;0,0;120
3476;-0,37341025;-0,6829498;-0,071707875;1,739805;1,0;120
3477;0,62227654;-0,17147323;1,3375251;-1,0603452;0,0;140
3478;1,4835941;-1,5590918;4,1490145;2,7906225;1,0;120
3479;1,7728614;0,15725262;3,7301462;0,92972994;1,0;160
3480;-0,19750671;-0,75395674;0,0166015;1,0638796;1,0;120
3481;0,4799364;0,29940468;0,5406143;-0,2170897;1,0;140
3482;-0,10675205;-0,43192303;-0,19670215;1,8387723;0,0;110
3483;-0,2402156;-0,22282515;-0,8629422;-0,03820152;1,0;120
3484;0,90670496;-0,47166973;2,3421884;0,24228641;1,0;130
3485;-0,6196265;-0,10807687;-0,6275407;0,76959944;1,0;130
3486;-0,062904425;-0,53903353;0,19132553;0,7990904;1,0;130
3487;0,10468138;-0,44637483;-1,054671;0,15130223;1,0;110
3488;0,94645435;-0,07548651;2,382061;-1,9017526;1,0;160
3489;0,8121357;0,74522865;0,48710185;-1,2992079;1,0;150
3490;0,31354657;0,44950986;0,6644591;-1,0735786;1,0;140
3491;-0,74020076;0,29718518;-3,2564785;-0,87722194;0,0;110
3492;-0,53823435;-0,27262372;-0,76917386;0,6345146;0,0;120
3493;-0,1347832;-0,4857152;0,020135578;0,5017009;0,0;120
3494;1,7789052;1,2192079;2,4398055;-1,2785661;1,0;170
3495;0,41689026;-2,8125734;3,6940565;3,3401382;1,0;120
3496;-0,32932273;-1,2416903;0,52445495;1,8800427;0,0;120
3497;-0,029774684;-0,7236912;-0,019934863;0,20419952;0,0;120
3498;0,34218588;-2,274746;2,80109;2,225732;0,0;120
3499;-0,3767237;-0,16299108;-0,86545765;-0,15717222;0,0;120
3500;-0,13335289;0,10095779;-1,2599077;-2,093344;1,0;120
3501;-0,48143154;-0,2345965;-0,5526402;-0,55713224;1,0;140
3502;-0,028041098;0,51885295;0,12220754;-2,6218314;1,0;140
3503;0,7600438;-0,15598118;1,5075092;-0,8339759;1,0;140
3504;0,20270287;-0,19542229;0,10300261;0,22338599;0,0;120
3505;-0,6883306;-0,2851072;-1,5673647;0,04076396;0,0;120
3506;-0,7447325;-0,4338295;-0,2955752;-0,58743167;1,0;150
3507;-0,13597377;0,16713682;-0,99248755;-1,3354115;0,0;120
3508;0,10935938;0,14734052;0,1733587;-0,41895458;1,0;135
3509;0,3539989;0,4314952;0,2930333;-0,5556954;1,0;130
3510;-1,095734;-0,5916679;-0,09062044;-0,5879276;1,0;140
3511;-0,17347051;0,088061795;-0,8149891;-1,1369379;1,0;120
3512;-0,21626823;0,16569988;-0,8577578;-1,2006049;1,0;120
3513;-0,20971224;0,1440275;-1,2585237;-1,0470196;0,0;120
3514;-0,6917108;-0,41146338;0,47324368;-0,041503098;1,0;150
3515;0,24022514;-0,24360119;0,34194672;0,09669395;0,0;120
3516;-0,13183801;0,38341022;-0,4617095;-1,5400643;1,0;130
3517;-0,430618;0,068868436;-1,4117411;0,6440388;0,0;110
3518;-0,38051346;-0,21712507;-0,2773049;0,38411155;0,0;120
3519;-0,084455654;0,19269061;-0,2245144;-0,70438516;0,0;130
3520;-0,44003546;-0,084584855;-1,0815527;-0,092351265;0,0;110
3521;-0,63476056;-0,15412672;-1,2801929;-0,72107244;1,0;120
3522;-0,50417805;-0,25165153;-0,87499654;0,927289;0,0;110
3523;-0,62030804;-0,48066825;-0,1707548;0,35581997;1,0;140
3524;-0,21413022;0,2126119;-0,503036;-1,2344902;0,0;120
3525;-0,64886373;-0,39677936;-1,0862006;0,79932356;1,0;120
3526;0,5644494;-0,3136859;1,1689302;0,26699412;1,0;130
3527;0,24478136;0,5685701;0,6995019;-1,170723;1,0;140
3528;-0,36586845;-0,16271771;-0,8642483;-0,2843871;0,0;120
3529;0,06924323;-0,4385391;-1,4019825;0,68931735;1,0;120
3530;-0,04104353;0,13580263;-0,321895;-0,63557756;0,0;130
3531;0,120784275;0,28365842;0,044890538;-0,58347857;0,0;120
3532;1,2323079;0,9875605;1,5570506;-1,8906771;1,0;160
3533;-0,54816914;-0,33684617;-0,31931272;-0,6409664;1,0;130
3534;1,3876433;0,58043134;2,5254817;-0,1259611;1,0;150
3535;1,5756494;-0,68152237;3,7376153;1,3095119;1,0;140
3536;-0,037015356;0,5168436;0,53518283;-1,9033784;0,0;130
3537;-0,7112078;-0,30859208;-1,2318857;-1,0314772;1,0;140
3538;-0,4394586;0,095713;-1,3214087;0,5230386;1,0;110
3539;-0,4368287;-0,21509205;-0,8518777;0,1898554;0,0;120
3540;-0,037865832;0,022011746;-1,4164066;-1,0459622;1,0;120
3541;0,06712508;-0,3896911;-0,36089146;1,412849;1,0;120
3542;-0,04900486;0,019591052;-1,0319241;-1,2038062;1,0;110
3543;-0,58103603;0,090834156;-1,7957604;0,83884954;1,0;110
3544;-0,64980465;-0,20987985;-1,9994497;-0,68850446;0,0;120
3545;-0,47941044;0,21202056;-1,8659319;-0,33208218;0,0;110
3546;-0,084266506;0,008547127;-1,026553;-1,0368947;1,0;120
3547;0,03899781;0,29788762;0,12112367;-1,2512528;1,0;135
3548;-0,82622594;0,22339994;-2,6713123;-1,3796753;1,0;120
3549;0,7105077;-0,32725847;1,4517856;-0,66210806;0,0;130
3550;-0,6420558;0,07176778;-2,1299872;-0,57187164;0,0;100
3551;0,39639845;0,4521712;0,6352098;-0,92141056;1,0;140
3552;0,7647973;-0,2002743;2,3689244;-0,306458;0,0;120
3553;0,83392256;0,9665874;1,0029708;-2,527353;1,0;190
3554;-0,06496245;0,13145773;-0,31428248;-1,0218586;1,0;130
3555;-0,54033375;-0,35347724;-1,7566257;1,5923865;0,0;110
3556;-0,67229676;-0,39281893;-0,6981847;1,0535214;0,0;120
3557;-0,0028217402;-0,06474226;-0,6180648;-0,3350623;0,0;120
3558;-0,40310675;-0,2473606;-0,65369236;0,30941314;0,0;120
3559;0,36724928;-0,21487163;0,919499;0,5859108;1,0;120
3560;0,19530605;0,2464984;1,003592;-1,417717;1,0;140
3561;-0,2532879;-0,18828541;-2,7552948;-0,042829357;0,0;110
3562;0,7239815;-0,5986549;1,3185177;0,3677988;1,0;120
3563;1,0715846;0,9995902;0,8255671;-2,4160538;1,0;160
3564;0,3640569;-0,94799;0,079740144;1,7629848;0,0;110
3565;1,1457005;0,42888808;2,1214669;-0,2769552;1,0;160
3566;-0,11235862;-2,153308;3,2355886;2,141443;1,0;140
3567;-1,0084807;0,594445;-3,5498471;0,61552346;0,0;90
3568;0,07761013;-0,97939116;0,14217775;0,8889321;1,0;120
3569;3,250945;1,9404976;4,4376364;-1,5269604;1,0;180
3570;0,29960603;-0,22204377;-0,0795514;0,14712177;0,0;120
3571;0,29543862;-0,07021477;1,0340437;0,88179123;0,0;120
3572;-0,39480752;-0,9658149;1,0370582;0,56898737;0,0;130
3573;0,40764773;0,4694401;0,87978387;-0,77136564;1,0;140
3574;1,1673087;0,39681363;2,345695;-0,31156614;1,0;160
3575;1,3595715;0,71306205;2,4541988;-0,16003838;1,0;150
3576;1,1420941;0,039780185;1,8882828;-0,18519795;1,0;150
3577;0,5172699;-0,117595136;1,1563557;-0,5469519;1,0;150
3578;0,29321903;-0,22762035;0,018232126;-0,39794192;1,0;120
3579;-0,0349029;-0,6194744;-0,13545635;0,004437115;0,0;120
3580;-0,101313606;-0,47337663;-0,24128115;0,1426124;1,0;120
3581;-0,20003796;0,4013359;-0,5699018;-1,7159024;0,0;110
3582;-0,23201606;-0,5196047;0,79682064;1,588119;1,0;120
3583;0,2607229;0,2852924;0,14428805;-0,3635808;0,0;140
3584;0,5775684;-0,17938124;0,9046675;-1,5335717;1,0;140
3585;2,501015;-0,09276779;5,2340965;0,83512557;1,0;160
3586;0,5230237;-0,35185248;0,4957821;-1,3237336;0,0;140
3587;-0,46382833;-0,17604797;-0,9307698;0,0025342517;0,0;120
3588;0,31249636;0,31243527;0,3620017;-1,2410796;0,0;140
3589;0,81620336;0,14282429;2,0230117;-0,0986765;1,0;160
3590;-0,45044824;-0,20079754;-1,0965905;-0,1413646;0,0;120
3591;-0,015380137;0,66443336;-0,019321986;-3,0254588;1,0;150
3592;0,2238569;0,21711738;0,77158344;-1,2457658;1,0;140
3593;-0,014216606;0,52829623;0,6763133;-1,2171283;0,0;150
3594;-0,28863168;0,3887052;-1,3740381;-1,770119;1,0;120
3595;0,7342484;0,48609883;0,46000472;-0,6441175;1,0;150
3596;-0,5943779;0,08737439;-1,514909;0,9264332;1,0;110
3597;0,27338284;-0,21660633;0,6809995;0,43242264;1,0;120
3598;0,10149544;0,23660673;-0,32772398;-1,700923;0,0;150
3599;1,4796882;0,7820936;3,4657428;0,8267716;0,0;150
3600;-0,030817308;-0,0050030313;-0,40997392;-0,4921467;1,0;120
3601;-0,057923265;0,034759894;-0,3477751;-0,37843633;0,0;120
3602;-0,7936065;0,15214586;-2,055182;1,3386197;0,0;100
3603;0,1572097;-0,50958365;-1,0500656;0,2907457;1,0;110
3604;0,295694;0,22457609;0,36769173;-1,3954343;1,0;140
3605;0,42725924;-1,0337788;0,044984303;1,3996534;0,0;110
3606;1,000234;-0,44031245;1,7473483;0,87132883;1,0;120
3607;-0,740738;0,06936921;-1,9152248;1,1980878;0,0;110
3608;0,70706993;-0,47553962;1,4970462;-0,8331512;1,0;140
3609;1,0118119;-0,8133449;2,6587641;0,72978425;1,0;140
3610;-0,5890491;-0,27745092;0,2968391;0,00040646642;1,0;140
3611;0,8253487;0,16192652;1,5478065;0,7010802;1,0;130
3612;-0,22722112;-0,83148015;0,038745664;1,0074155;0,0;120
3613;0,13278562;0,6157131;0,60783553;-1,4468861;1,0;140
3614;-0,09191528;0,015187578;-0,5736779;-0,52211607;0,0;120
3615;-0,30132902;-0,21978162;-0,8805915;-0,28420302;0,0;120
3616;0,7691884;0,23843391;1,4312038;-0,025924811;0,0;140
3617;-0,021100637;-0,4431376;-0,6160197;0,6054455;0,0;120
3618;-0,48865023;-0,22514085;-0,8761449;0,27595413;1,0;120
3619;0,11190598;-0,21606813;-0,24461415;0,39261672;1,0;125
3620;-0,46549812;-0,4565249;0,6157613;0,222168;0,0;130
3621;0,4217789;0,489178;-0,05787283;-1,1807375;1,0;140
3622;2,0475204;1,4341308;2,9325426;-1,2818704;1,0;180
3623;2,606331;0,6367135;4,676098;0,63629365;1,0;170
3624;0,6273171;-0,16743214;0,6881838;-0,12705564;1,0;140
3625;-0,7657053;0,099655285;-2,0782013;-0,23167287;0,0;120
3626;0,39454386;-0,47592747;-0,16458897;-0,42057902;0,0;120
3627;-0,5196365;0,106328756;-1,8552527;0,5510802;0,0;110
3628;0,41308594;-0,1009631;0,7235968;-0,9148451;1,0;130
3629;0,1543306;-0,9415225;0,4194066;0,65760195;0,0;120
3630;0,110719025;0,29929918;-0,60651815;-1,5459625;0,0;110
3631;-0,6082636;-0,26692247;-1,2910178;0,31541526;1,0;120
3632;-0,42941153;-0,13001409;-0,6827122;-0,04855246;0,0;120
3633;0,38142928;0,3589024;-0,15803823;-1,4187441;1,0;140
3634;-0,12923393;-0,66591746;0,34465393;0,6799948;0,0;120
3635;2,2361567;0,33034676;4,30612;-0,4552215;0,0;160
3636;-0,46550876;0,21949898;-2,1488297;-0,9151243;0,0;120
3637;0,32999387;-0,34262305;0,2473944;-0,43564993;1,0;120
3638;0,033452272;0,059400395;-0,4635477;-0,077616915;0,0;120
3639;0,32885343;-0,13348556;0,59800303;0,26717553;0,0;130
3640;-0,10371676;0,036774516;-0,5533018;-0,5294348;0,0;120
3641;-0,8585704;-0,25499362;-1,7400715;-0,490432;0,0;120
3642;0,077150665;-0,50772184;-1,2462522;0,81784797;0,0;110
3643;-0,41522142;-0,14758664;-1,2227116;-0,47694764;1,0;120
3644;0,017416364;0,22672883;-0,736176;-2,3473835;1,0;130
3645;-0,25796562;-0,4530325;-0,062964395;1,2773342;1,0;120
3646;-0,16182463;-0,01918158;-1,1739122;-0,40365663;0,0;110
3647;-0,54981315;-0,17100164;-0,72197366;-0,29920095;0,0;120
3648;2,326868;1,1626141;3,325888;-1,6679711;1,0;180
3649;-0,6056675;-0,23582949;-1,4309181;0,49439803;0,0;110
3650;-0,45472842;-0,17708044;-0,4052906;-0,12167213;0,0;130
3651;-0,09858226;-0,32089454;-0,33882597;1,0807662;0,0;120
3652;-0,69357145;-0,11051747;-1,8847442;-1,269728;0,0;120
3653;-0,30122203;-0,0895531;-1,4396338;-0,90494096;0,0;120
3654;-0,4032974;-0,21062616;-0,5301169;-0,11927536;1,0;130
3655;-1,0319467;0,23484072;-2,9281843;-0,13434543;0,0;100
3656;0,40878832;0,054771826;0,8119954;-0,29347044;0,0;130
3657;0,025256256;-0,35278893;-0,88589466;0,4190684;1,0;110
3658;0,46568495;-0,052506596;1,1347485;-1,0095553;1,0;140
3659;0,638341;0,47350508;0,21126497;-1,1311612;1,0;150
3660;0,06924631;0,49266887;0,8712379;-2,1564076;1,0;150
3661;-0,4442931;-0,1765445;-1,0679402;-0,13059428;1,0;120
3662;-0,5589709;-0,36614543;-1,5081105;1,3699199;0,0;120
3663;-0,4499213;0,13942717;-1,488285;0,09632011;1,0;110
3664;0,72362596;0,29963118;1,7479283;-0,44684544;0,0;150
3665;-0,44412452;0,13792856;-1,5996592;0,57300746;1,0;120
3666;-0,38535878;-0,1306808;-0,5869129;-0,07557822;0,0;120
3667;-0,3747224;-0,08060302;-0,7783779;-0,45366138;1,0;120
3668;-0,18493602;0,13564132;-1,467502;-1,0916386;0,0;120
3669;0,6187537;0,49102283;1,2398586;-0,73966634;1,0;150
3670;0,7263423;-0,11493187;1,780697;-0,6011231;1,0;140
3671;-0,56383246;-0,35075688;-1,0950174;0,5980146;0,0;120
3672;-0,46319458;-0,24262227;-1,779873;0,078028604;0,0;110
3673;0,5139877;0,037871934;1,5662441;0,6507611;1,0;140
3674;-0,16375078;-0,7222578;-0,10662742;0,7773055;0,0;120
3675;-0,15432602;0,052036215;-1,2320724;-0,9890945;0,0;120
3676;-0,07124456;-0,9831833;0,23321788;1,4509506;1,0;120
3677;-0,63524675;-0,19911304;-1,4045006;-0,19164196;0,0;120
3678;1,7749285;0,33959287;3,2450182;-0,88377964;1,0;155
3679;-0,8626143;0,19016284;-2,745906;-0,44313583;0,0;110
3680;0,32278177;-0,35391122;-0,008586422;-0,5661814;0,0;120
3681;-0,11193069;-1,0454844;0,28318793;1,504677;0,0;120
3682;1,4000704;0,8122425;2,7516973;0,059316367;1,0;150
3683;0,53472143;-0,042461395;1,043634;-0,43759397;1,0;150
3684;-0,585004;-0,17739452;-1,4680122;-0,2894327;1,0;120
3685;-0,34420666;-0,097536;-0,8906019;-0,48170683;0,0;120
3686;-0,07780269;-1,043858;0,41419977;0,91578126;0,0;120
3687;-0,5453608;-0,3157689;-0,9234588;0,7016063;0,0;120
3688;-0,4127372;-0,13197094;-1,2660853;-0,584411;0,0;120
3689;1,0711887;0,7756206;1,5863873;-1,1593598;1,0;150
3690;0,39784586;-0,20633946;0,19669098;-1,0063168;0,0;130
3691;-0,0022639153;-0,9161689;-0,20469567;1,0194957;0,0;120
3692;0,5497409;-0,20452733;0,65804565;-1,598131;0,0;130
3693;-0,3974544;-1,7561656;1,2097517;2,608565;1,0;120
3694;-0,21895602;-0,5101559;-0,16411741;2,1196666;1,0;110
3695;0,22803518;0,17338248;0,99506915;-1,2106909;1,0;120
3696;0,6918419;0,79740226;0,97077596;-1,8431077;0,0;150
3697;0,0061363843;-1,0013908;0,48864782;0,48207358;0,0;120
3698;1,7902968;0,81152415;2,8517678;-1,9707001;1,0;180
3699;-0,6118811;-0,8563381;1,7493085;1,2594045;0,0;130
3700;-0,14467257;0,5368808;-0,6856822;-3,1102855;1,0;150
3701;-0,4595479;-0,17972516;-0,41581023;-0,10073041;0,0;130
3702;3,5741217;3,0632493;3,8589785;-5,1134367;1,0;200
3703;0,13414778;-1,8127121;2,399857;1,938693;0,0;140
3704;-0,16804609;-0,3990456;-0,19163689;0,5138233;1,0;120
3705;1,8343264;0,6391418;2,5722961;-2,0033746;1,0;150
3706;0,21242385;-0,2769314;-0,26309395;-0,34253883;0,0;120
3707;0,15186976;-0,11900924;-0,14766482;-0,01140609;0,0;120
3708;-0,093176715;0,4071318;0,17772274;-1,2023997;0,0;140
3709;-0,71575725;-0,21132916;-2,1926432;-0,20308249;0,0;110
3710;-0,5203302;-0,18482928;-1,0367291;0,042775527;0,0;120
3711;-0,20527646;-1,6482202;0,9198382;2,8044546;0,0;130
3712;-0,22078107;-0,49529243;0,12935224;1,1650071;0,0;119
3713;0,3843598;-1,2363191;0,5648116;3,359883;0,0;110
3714;-0,45631143;-0,0982317;-1,3079119;-0,59756887;0,0;120
3715;0,5798006;-0,87120295;-0,28734347;0,952976;0,0;130
3716;-0,4624242;-0,21786769;-0,6814904;0,24511296;0,0;120
3717;1,6166552;1,3802645;1,3960903;-2,1125062;1,0;160
3718;0,37103423;-0,15825197;0,40833625;-0,3011204;1,0;130
3719;-0,5920223;0,18375123;-1,909731;0,5578507;0,0;105
3720;0,71025413;-0,68427926;1,1935185;0,93057656;0,0;140
3721;-0,1340858;-0,72718203;-0,13932937;0,7099942;0,0;120
3722;-0,41977754;-0,1369136;-0,6922115;-0,049605675;0,0;120
3723;-0,1816099;-0,5754793;-0,0020924509;1,2913563;0,0;110
3724;-0,39438915;-1,6678827;0,7589531;3,2381265;0,0;110
3725;-0,43357903;-0,14900506;-0,5660343;0,1058013;0,0;120
3726;0,14269762;0,2968303;0,47387886;-2,2784996;1,0;150
3727;0,60762817;-0,15021728;1,4801425;-1,1737206;1,0;140
3728;0,13661048;-0,6366642;-0,876994;0,9782312;0,0;110
3729;-0,58239645;-0,5277171;-0,28686813;1,4706025;0,0;120
3730;-0,47609815;-0,10411081;-1,4791213;-0,6836097;0,0;120
3731;-0,2208692;0,27512366;-0,91174793;-1,1681037;0,0;120
3732;-0,024271198;-0,50678545;0,34472537;1,4297619;0,0;120
3733;-0,42347953;-0,14650361;-1,0145241;-0,23501033;0,0;120
3734;-0,48672825;-0,13791949;-1,0827544;0,2699571;0,0;110
3735;-0,8455442;-0,25037616;-0,32308614;0,0954463;0,0;130
3736;-0,6899693;0,37103385;-2,9065518;0,5480716;0,0;100
3737;0,051215902;-0,5314625;-1,1260946;1,1498101;0,0;110
3738;0,15792888;-0,68075556;-0,8428912;1,02317;0,0;110
3739;-0,14713313;0,064841986;-1,0021412;-0,83091307;0,0;120
3740;-0,67479056;-0,4324758;-0,6804299;1,2391784;0,0;120
3741;0,065893225;-0,36483085;-0,15014865;0,8364625;0,0;110
3742;0,58746463;0,44488657;0,3740398;-0,45657212;1,0;140
3743;0,03572711;-0,004581049;-0,1685254;-0,30203897;0,0;125
3744;0,08382808;0,3378725;-0,55650854;-1,7586527;0,0;150
3745;-0,30011335;-0,5472133;-0,54885423;1,9456403;1,0;120
3746;-0,6412648;-0,6173259;0,2472815;0,7570392;0,0;130
3747;-0,009840237;-0,437221;-0,64426744;0,47316232;0,0;120
3748;-0,6094553;0,15063739;-2,2388499;0,3394034;0,0;110
3749;-0,22911876;-0,99687165;-0,108910814;1,2674546;0,0;110
3750;0,30064586;-0,66632324;-0,19361511;0,90741193;0,0;110
3751;1,1594927;0,9733782;1,1330179;-2,1719837;1,0;160
3752;-0,6846996;-2,591001;3,4604566;2,9401958;1,0;140
3753;0,9984428;0,37515426;2,040966;-0,7127559;0,0;140
3754;1,7738838;0,7181246;2,7032924;-1,9814457;1,0;177
3755;0,8320393;0,11593082;1,2877692;-0,34205124;0,0;140
3756;-0,6466956;-0,41184163;-0,75863993;1,1082959;1,0;120
3757;-0,9799689;-0,52239513;0,23933391;0,21681419;1,0;130
3758;0,40963367;-0,2860821;0,3620183;-0,5998403;0,0;130
3759;-0,07549236;-1,0148988;0,9865595;0,49589774;0,0;140
3760;-0,49768594;0,059908368;-1,4735864;0,14894573;0,0;120
3761;-0,14507611;-0,6059181;-0,25267148;0,7552475;1,0;120
3762;-0,4479084;-0,20313323;-1,2675873;-0,15179358;1,0;120
3763;0,294335;-0,2758165;0,360998;0,3754085;1,0;120
3764;2,0009208;0,43547648;3,544129;0,20384201;1,0;160
3765;-0,5423171;-0,2024039;-1,3532543;-0,19196714;0,0;120
3766;1,231936;-0,32631278;3,155724;0,8077394;0,0;140
3767;-0,24756566;-0,16101211;-0,72988045;-0,15165232;0,0;120
3768;-0,58356375;0,2881953;-2,6107988;-0,72976613;1,0;110
3769;0,05665461;0,567169;0,18131381;-3,2433116;1,0;140
3770;-0,6642558;-0,33742297;-1,7532336;0,20805237;0,0;120
3771;-0,15126985;0,076624654;-1,084308;-1,3522085;0,0;120
3772;0,20121287;-0,25537074;-0,27080828;-0,16816956;1,0;120
3773;0,4538373;-0,02143205;1,2879587;-0,82182336;1,0;140
3774;0,17966384;0,4214111;0,10391626;-2,0513217;1,0;145
3775;0,56326085;-0,45279485;0,790105;-0,97497535;1,0;140
3776;-0,7577;-0,29706103;-0,7844478;-0,8373488;1,0;140
3777;-0,15730548;0,045699332;-1,5036211;-1,7513022;0,0;120
3778;-0,37700358;-0,16363269;-1,3981339;-0,502097;1,0;120
3779;-0,46099025;-0,12511462;-1,770323;-1,0825255;0,0;120
3780;-0,58184975;-0,15757835;-0,55211425;-0,34052664;0,0;120
3781;-0,50511277;-0,2956378;-0,18924549;-0,15419912;1,0;140
3782;-0,927618;-0,75665027;1,0318934;0,81849587;1,0;140
3783;2,7867477;0,29140604;5,979002;-0,6739429;1,0;180
3784;0,21280281;0,15805957;0,8291379;-1,2434573;1,0;140
3785;0,15252209;0,21165109;-0,5060568;-2,615675;1,0;140
3786;-0,4834643;-0,2801751;-0,4312037;0,5927149;1,0;140
3787;-0,3784953;0,4598809;-1,9089134;-2,0223482;1,0;110
3788;-0,14076915;-0,28114653;-0,31224057;0,6882832;0,0;130
3789;0,387868;0,59174395;0,13936663;-0,91465676;0,0;140
3790;-0,1689692;0,084420465;-1,114002;-0,9941735;1,0;120
3791;0,101675935;-0,50392526;-1,0851324;0,6007254;1,0;110
3792;-0,71649987;0,057507463;-1,6003511;0,16290238;0,0;120
3793;-0,07873558;0,08390594;-0,8110856;-0,6785668;0,0;120
3794;0,2583898;0,21620813;0,013083037;-1,6227701;1,0;140
3795;-0,35347995;-0,15798171;-0,75133765;-0,23703186;0,0;120
3796;0,26703566;0,18198651;0,6093714;-0,57301664;0,0;130
3797;1,616978;0,21554771;3,1237733;-0,45818648;1,0;140
3798;0,17371169;-1,8151784;2,0243409;1,7210965;1,0;120
3799;-0,7531991;0,058485076;-1,5027413;1,2239287;0,0;110
3800;-0,4148852;-0,039521694;-1,3246503;-0,9651791;0,0;120
3801;-0,3016392;-0,0450425;-1,7338423;-0,7914038;0,0;110
3802;1,7630424;0,816297;3,3199453;-1,1115286;1,0;160
3803;-0,12697908;-1,7438233;2,3459852;1,3158101;1,0;130
3804;0,42841965;-0,7571689;-0,15032963;1,1470026;0,0;100
3805;-0,5146993;0,119911954;-1,1733857;0,57259166;0,0;110
3806;-0,75471115;0,14737257;-2,2476563;0,8271277;0,0;110
3807;-0,01804638;-0,6510147;-0,31801742;-0,01917303;0,0;120
3808;-0,56737983;-0,3848592;-0,09818427;1,4280975;0,0;120
3809;-0,0339036;0,13952705;-0,25041726;-0,57219446;1,0;130
3810;0,5602973;0,005180653;1,4966571;-1,3951547;1,0;150
3811;-0,6480671;0,16669847;-1,7685697;0,44024798;0,0;130
3812;-0,33210492;-0,28446174;-0,84776247;0,61609125;0,0;130
3813;-0,043676056;-1,2437848;0,69950616;1,6982744;0,0;120
3814;0,24896772;-0,28538257;-0,15969926;-0,09321544;0,0;120
3815;-0,3183574;0,24206221;-1,1329184;-0,82458186;1,0;120
3816;-0,41410518;-0,14059481;-1,0031838;-0,2575858;1,0;120
3817;0,6643018;0,097871006;0,96761996;-0,13426045;1,0;150
3818;0,33561698;-1,026682;-0,62245727;1,8322732;0,0;110
3819;-0,21643478;-0,44626832;0,3080016;1,1727228;1,0;120
3820;-0,35677674;-0,8197666;-0,15072177;1,6196616;0,0;120
3821;0,40774736;0,45074368;0,46137846;-1,0015978;1,0;140
3822;-0,63035756;-0,22862457;-0,19720456;-0,44834635;1,0;120
3823;-0,51606816;-0,28899032;-1,2006419;0,24492541;0,0;120
3824;-0,89861804;0,041186873;-2,3737628;-0,23959489;1,0;120
3825;-0,79164094;-2,370908;3,0010607;2,0124896;1,0;140
3826;-0,018112257;-0,42476827;-0,19715121;0,34292644;1,0;115
3827;-0,44082317;0,36540943;-1,5627894;-1,1478846;1,0;120
3828;-0,010607405;0,07103351;-0,41291305;-0,9688623;1,0;120
3829;0,4434454;-0,149028;1,2679006;0,0957382;1,0;130
3830;-0,45578;-0,07841615;-0,8639344;-0,40736955;1,0;120
3831;0,0454455;-0,90109456;-0,48073244;0,78320134;0,0;110
3832;-0,44002855;-0,10491896;-0,96132004;-0,502509;1,0;120
3833;0,5433021;0,47669786;0,31778908;-0,6336553;1,0;140
3834;-0,17683627;0,064518884;-1,1478664;-1,343051;0,0;120
3835;-0,36548615;-0,8035315;0,8876879;0,24950212;0,0;130
3836;0,69179153;-0,13068089;1,2401668;-1,6447871;1,0;150
3837;-0,09993816;0,08736949;-0,39018285;-0,7966509;0,0;120
3838;-0,44300425;0,12567839;-1,7098285;-0,41369012;0,0;120
3839;-0,553997;-0,19898538;-1,6830128;0,19598585;0,0;110
3840;0,71847486;0,5186218;1,1527512;-0,80924237;1,0;140
3841;-0,32267922;-0,26625025;-0,3506985;0,46830705;0,0;120
3842;-0,22556487;-0,86248994;-0,11698662;1,1694847;1,0;120
3843;0,1917128;-0,3530723;-0,16765827;-0,07136886;0,0;110
3844;-0,03185067;0,022631962;-0,70261884;-0,6296153;0,0;120
3845;-0,2711328;-0,032575816;-1,7597698;0,14780773;0,0;110
3846;0,33214462;-0,2241839;0,28371418;-0,078328334;1,0;130
3847;-0,13554245;0,068839096;-0,5984894;-0,77154577;1,0;120
3848;0,47310066;-0,29675192;0,5051193;-0,43038812;1,0;130
3849;1,1229948;-0,15993321;2,3353949;0,2699313;1,0;140
3850;1,5424602;1,7595898;2,4038365;-3,2432537;0,0;185
3851;-0,21971421;-0,64755386;-0,7400147;1,7572775;0,0;110
3852;-0,61886233;0,05139227;-1,5935413;1,1568286;0,0;110
3853;1,0853943;0,12678415;1,5140588;-0,96029615;1,0;140
3854;0,34066507;-0,25173628;0,15233347;-0,95826125;1,0;130
3855;-0,16274996;-0,92963135;0,2573952;1,0982711;0,0;130
3856;-0,67179674;-1,0069185;1,9174395;0,9982667;1,0;140
3857;-0,20457992;-1,0668828;0,503302;0,9988916;1,0;120
3858;-0,10038125;-0,47286564;-0,30024916;0,24341452;0,0;120
3859;-0,35343263;-0,14797294;-1,0249271;0,083538875;0,0;120
3860;-1,050251;0,5103329;-3,758893;1,7508947;0,0;100
3861;-0,8474082;0,31822437;-2,851202;0,7796675;0,0;90
3862;-0,45125958;-0,14909182;-1,62817;-0,68630147;1,0;120
3863;0,2820718;-0,17106844;0,14762788;0,40279314;1,0;120
3864;-0,46405223;-0,12042631;-1,1998421;0,089248195;0,0;110
3865;0,19488673;-0,24717645;-0,27277678;-0,1548923;1,0;120
3866;0,11682987;-0,83528185;-1,2089689;1,162254;0,0;110
3867;-0,06568431;-1,2154949;0,7277322;1,0729513;1,0;120
3868;-0,9723482;0,28328446;-2,4477983;0,46653435;0,0;120
3869;-0,20191847;-0,4170053;-0,052917138;0,9245367;1,0;120
3870;0,56272185;0,40457743;0,108478904;-0,8073578;1,0;140
3871;-0,14028175;-0,5451629;0,28818917;0,44197038;1,0;110
3872;-0,44264573;-0,10973127;-1,0125602;0,062808685;0,0;110
3873;-0,45947444;0,14516848;-1,3799903;0,11155605;0,0;110
3874;1,6058015;0,4545961;2,389293;-2,0491576;0,0;160
3875;-0,38066176;0,22098559;-1,5365405;-0,89107287;1,0;120
3876;-0,062411003;0,4486792;-0,22737911;-1,6645527;1,0;130
3877;-0,8163217;-0,44217414;0,56417423;0,15488812;1,0;130
3878;1,2902476;0,069469824;2,3759856;-0,16317023;0,0;140
3879;-0,17019951;-0,14676407;-1,650436;0,31465808;0,0;110
3880;-0,36577883;-1,8825619;1,5688378;1,8736417;0,0;120
3881;1,056104;0,8500461;1,9899436;-0,52435756;1,0;150
3882;-0,6066873;-0,42389053;-0,69737047;1,1849581;0,0;120
3883;-0,44431773;-0,25957882;-0,7622441;0,34154233;0,0;120
3884;-0,51546884;-0,3485589;-1,5740916;1,8436007;0,0;110
3885;0,33634496;-0,1704946;0,54141307;-0,12491888;1,0;130
3886;-0,07504475;0,3021518;-0,3689919;-1,7574174;1,0;140
3887;2,4087415;1,9684105;2,9320977;-2,69249;1,0;200
3888;0,17457373;-0,12139425;0,27024347;0,379253;1,0;120
3889;-0,38918233;-0,07370921;-0,9236473;-0,55891407;0,0;120
3890;-0,67414224;0,42469317;-2,6367679;0,06260353;0,0;100
3891;0,5149694;0,046837077;1,3096142;0,5405401;1,0;140
3892;-0,06915306;-0,610673;-0,103895515;0,230504;0,0;120
3893;-0,23673533;-0,043993056;-1,1567141;0,3964758;0,0;130
3894;1,8036702;0,7595687;3,4889047;-0,90652657;1,0;170
3895;0,40273535;-0,21202643;0,318537;-0,51534176;0,0;120
3896;-0,433184;-0,19526865;-0,69445586;-0,020303093;0,0;120
3897;-0,34368432;-0,14678773;-0,4552276;0,009530447;1,0;120
3898;-0,23142485;-0,12809506;-0,96789205;0,2725736;0,0;120
3899;-0,7505597;0,14034621;-2,5773025;0,4132928;0,0;110
3900;0,688365;-0,6363104;1,2580554;0,83992255;0,0;120
3901;-0,100907214;-0,09956215;-0,88889027;-0,32445127;0,0;110
3902;-0,53861785;-3,0145926;4,219943;2,75316;1,0;140
3903;1,7104205;1,277786;2,0824442;-1,658433;1,0;190
3904;-0,86871606;0,18847874;-2,5566242;0,820832;0,0;100
3905;-0,68557703;-0,28064913;-0,4953438;0,8056588;0,0;120
3906;-0,804892;0,017514652;-2,37963;0,34012726;0,0;120
3907;-0,56751955;-0,15390374;-1,604413;-0,77213216;0,0;120
3908;-0,47604364;0,054902025;-1,4986087;0,0072010756;1,0;120
3909;0,19739474;-1,5833857;1,1651835;2,63318;0,0;110
3910;0,50216734;-0,12069453;0,15160039;0,11898394;1,0;130
3911;0,6001938;-0,06917123;1,2918032;-0,88677144;1,0;140
3912;0,42624745;0,4190172;-0,19181189;-1,3472905;1,0;140
3913;-0,1496097;-0,19097635;-1,2199796;0,28586644;0,0;120
3914;-0,5845481;0,12598635;-1,3811585;0,74788475;0,0;110
3915;-0,5323951;0,23980893;-1,8185916;-0,33865753;0,0;110
3916;0,09539142;-0,5269496;-0,8597201;0,82086885;0,0;110
3917;1,9724008;0,67814076;3,605749;0,70022154;1,0;160
3918;-0,31251007;-0,13868867;-0,5635898;-0,18633819;1,0;120
3919;-0,15619041;0,15441993;-0,4226658;-0,37139904;0,0;120
3920;-0,85240614;-0,036252238;-1,3972181;0,6318691;0,0;120
3921;0,23680496;-1,7075273;2,0883796;1,4761956;0,0;130
3922;-0,42508134;-0,16343004;-0,5516813;0,0051587746;1,0;120
3923;0,048929006;0,2972349;0,38526547;-1,2059712;1,0;130
3924;-1,0927545;0,17913318;-2,8287306;0,10570775;0,0;100
3925;0,06357124;-1,2247838;1,0947423;0,596562;0,0;130
3926;1,170234;0,5462983;2,3128967;0,14384998;1,0;160
3927;0,9338832;0,3173967;1,633977;-0,07595101;1,0;150
3928;-1,1805699;0,16054553;-3,398064;-0,0960554;0,0;100
3929;0,6491499;0,09230505;1,6930759;-0,28014785;1,0;140
3930;-0,16916916;-0,014800962;-1,5673647;-0,96507835;0,0;110
3931;0,10694585;-0,53559214;-1,5962974;3,342013;1,0;100
3932;0,32891136;-0,4142977;-0,32080227;-0,69720423;0,0;120
3933;-0,31063086;-0,3003239;0,40587914;0,21088982;0,0;120
3934;-0,052638266;-1,5178155;0,44629556;2,6214118;0,0;110
3935;-0,7758482;-0,0862652;-2,1292028;-0,5731572;1,0;110
3936;0,25742114;0,1926676;0,97882044;-1,6433969;1,0;130
3937;-0,43379825;-0,23324333;-0,8117441;0,6704991;1,0;130
3938;-0,40066263;-0,0977471;-0,750023;-0,30443215;0,0;120
3939;-0,57560736;-0,36593682;-0,74750674;0,8894794;0,0;120
3940;-0,26752782;-0,58716995;0,26075226;1,5211296;0,0;120
3941;1,223004;1,0274897;1,9330994;-2,137487;1,0;160
3942;-0,49940684;-0,3347358;-0,31067285;1,0644926;0,0;120
3943;-0,50547516;-0,20636362;-0,66247225;0,27071863;0,0;120
3944;-0,12631556;-0,5805996;0,050379463;0,5933101;0,0;120
3945;-0,12170815;0,15380435;-1,2392662;-1,2363379;0,0;120
3946;-0,046464466;0,01845306;-0,3969385;-0,28882992;0,0;120
3947;0,15653087;-1,4698075;1,2888837;1,7155786;1,0;120
3948;-0,8741519;-0,6622023;0,49166217;0,26329872;0,0;140
3949;0,12694071;0,13715832;0,25857395;-1,3612313;0,0;130
3950;-0,9183997;0,19040748;-3,470191;0,46519306;0,0;100
3951;-0,07027378;0,09063426;-0,6613736;-1,04198;0,0;120
3952;-0,38813213;-0,19394563;-1,0818669;-0,1399555;0,0;120
3953;-0,4164081;-2,631194;2,9944012;2,8177989;1,0;130
3954;0,09697881;0,26843217;-0,10993524;-1,4051259;1,0;130
3955;-0,78699696;0,52436966;-2,754565;-0,17219232;1,0;100
3956;0,56194776;-0,4046939;1,0255978;-1,4049745;1,0;140
3957;0,03976124;-0,3678916;-0,7170154;-0,1506162;1,0;120
3958;-0,6879865;-0,95524704;2,0806997;1,0598512;0,0;140
3959;-0,5290576;-0,1351205;-0,43709028;0,21786937;0,0;120
3960;0,17827982;0,19377747;0,68035305;-1,0328797;1,0;130
3961;-0,3381508;0,010007147;-1,4465629;0,99899566;0,0;120
3962;-0,025617473;0,0012478903;-0,30187723;-0,118205786;1,0;120
3963;-0,5484432;0,4981529;-2,1315649;-1,0242625;1,0;110
3964;-0,75117964;-0,49522662;-0,23295358;0,591709;1,0;120
3965;-1,0021726;-0,67640597;0,48514798;0,28727725;1,0;140
3966;-0,63856745;-2,7466137;2,8668547;3,6473656;1,0;130
3967;0,10001032;0,22450379;0,027360454;-1,6927147;1,0;130
3968;0,20958903;-0,29839802;-0,29380813;-0,62884426;0,0;120
3969;-0,38715124;-0,12829089;-0,9506668;-0,351552;1,0;120
3970;0,3644836;-0,047846943;1,2296365;0,7345979;1,0;150
3971;0,5992454;0,02729484;2,2286148;-0,1583571;1,0;140
3972;-0,19514024;-2,8521674;3,008217;4,201915;0,0;120
3973;0,6394971;-0,49850726;1,1870368;0,8239031;1,0;120
3974;-0,59325546;-1,5246053;0,7420376;2,379429;0,0;120
3975;0,26041347;-0,85409486;-1,2201468;2,0499988;0,0;100
3976;0,13246767;0,33802348;0,4566685;-2,476407;1,0;150
3977;-0,48226374;-0,1963093;-1,170787;-0,16078371;1,0;120
3978;0,107271075;-0,48367745;-1,1668133;1,2741458;1,0;110
3979;-0,38489965;-0,12356955;-0,9501382;-0,36318558;1,0;120
3980;-0,3847889;-0,099710494;-0,6604414;0,058025785;1,0;110
3981;-0,654097;-0,41133308;-1,0505849;0,90286803;0,0;120
3982;0,9114331;-0,7141878;1,9937915;1,7889497;1,0;120
3983;0,8573582;-0,115404695;1,34014;-0,7709513;1,0;140
3984;-0,17457196;-1,7796991;1,6085874;1,5681243;1,0;140
3985;0,07394771;0,20552804;0,1437216;-0,5504221;0,0;120
3986;-0,083643846;-0,47986472;-0,25439307;0,017880589;0,0;120
3987;-0,31435078;-0,74240077;0,06658664;1,6016896;0,0;120
3988;1,4357634;0,55737686;3,0653865;-0,7155285;1,0;150
3989;-0,5093716;-0,27492946;-1,0613936;0,39866647;0,0;120
3990;0,05207806;0,101249866;-0,51787436;-1,5720742;1,0;120
3991;-0,86933696;0,327879;-2,4061007;1,7375427;0,0;100
3992;-0,17865637;-0,45238632;0,48261726;1,0638268;0,0;120
3993;-0,16852665;-0,34524322;-0,25815797;0,3624787;0,0;120
3994;-0,53944737;-0,34517956;-1,6046888;1,9174142;0,0;110
3995;-0,5747028;0,16254573;-1,3724871;0,43065476;0,0;110
3996;1,7653418;1,1966487;2,6267807;-1,054342;1,0;170
3997;1,5713178;-0,30060405;3,5409338;0,38390204;0,0;140
3998;-0,4281203;-0,13717616;-0,939515;-0,477693;1,0;120
3999;1,0327591;-0,31694615;1,9767087;0,46033427;1,0;130
4000;-0,599743;-0,20897597;-0,53558385;0,56024945;0,0;120
4001;-0,20249581;0,300102;-1,32653;-1,5712397;0,0;130
4002;-0,4917781;-0,696863;0,8799863;1,6350235;1,0;115
4003;0,1347269;0,28535426;0,2781893;-2,5601428;1,0;140
4004;-0,9432827;0,62178296;-2,5087664;0,75266075;1,0;90
4005;0,37442487;0,6427658;0,8450767;-2,1808028;0,0;160
4006;-0,034404278;-0,5766874;-1,2783736;2,185284;1,0;100
4007;-0,47885877;-0,3006968;-0,2454642;0,89446247;0,0;120
4008;-0,23453596;0,2754125;-1,561798;-2,0112875;1,0;130
4009;-0,4531251;-0,35612458;-0,34220105;0,9854971;0,0;120
4010;-0,014247224;-0,4534983;-0,23244539;0,7701863;0,0;111
4011;-0,4281765;-0,21528171;-1,7093383;-0,5420743;0,0;120
4012;-0,10997462;0,3880688;-0,12612045;-1,1130348;1,0;130
4013;-0,1390745;0,14621821;-1,0010799;-1,0196644;1,0;120
4014;-0,4327148;-0,18816106;-1,6501073;-0,64152586;0,0;120
4015;0,5289847;-1,0712501;0,43877432;2,4822395;0,0;120
4016;0,21323429;0,4684319;-0,51613474;-1,7984145;1,0;135
4017;-0,57318455;-0,29043967;-0,79580283;1,3660016;0,0;110
4018;-0,9227905;-0,63807356;0,10185772;-0,2304893;1,0;140
4019;-0,14677362;-0,4721548;-0,73225737;1,1058915;1,0;120
4020;-0,4291979;-0,2962721;-2,136122;-0,63623714;1,0;120
4021;-0,3483065;-0,5132644;1,1916311;1,6508911;0,0;120
4022;-0,41140348;-0,20924892;-1,1180513;-0,06792195;0,0;120
4023;-0,28636363;-0,112232745;-0,9039047;-0,49741897;0,0;120
4024;-0,95902497;-0,7192425;0,2590571;0,30626646;1,0;140
4025;-0,7557359;0,05477521;-1,5480325;1,4671922;0,0;110
4026;-0,034946274;-0,7958839;-0,04941444;0,5991645;1,0;120
4027;0,1067174;0,2943126;0,15350474;-1,4292896;1,0;170
4028;-0,035716876;-0,33830762;-0,20091596;1,5182456;0,0;110
4029;-0,52953094;-0,20842768;-1,539423;-0,20076865;0,0;120
4030;1,204941;-0,50704813;3,0161047;0,4493926;1,0;140
4031;-0,45355085;-0,1662245;-1,0593629;-0,14574808;0,0;120
4032;0,33621672;-0,40192854;0,217936;-0,41815537;1,0;120
4033;-0,47507703;-0,18329;-1,0895851;-0,07500248;0,0;120
4034;-0,39860797;-0,059602827;-1,2171835;-0,7887665;0,0;120
4035;2,2705915;1,0921175;3,3411565;-1,2531254;1,0;180
4036;0,19750223;0,43775296;-0,09679097;-1,8095007;1,0;140
4037;1,4317073;-0,11452481;3,386178;1,3251488;1,0;145
4038;-0,29909053;-0,26377273;-0,51249695;-0,044551067;1,0;130
4039;-0,20017973;-5,292214;7,9839716;5,288631;1,0;140
4040;0,335968;-0,14612998;0,9218788;0,3761177;1,0;130
4041;0,3096089;-0,30409372;-0,14524937;-0,6903684;1,0;120
4042;-0,43001452;-0,15594855;-1,7150288;-0,17347048;0,0;110
4043;-0,59526837;-0,4860649;0,21706083;0,13875622;1,0;130
4044;0,053679388;0,4750762;0,43703067;-1,6976979;0,0;140
4045;-0,5826328;-0,39964145;-0,7660966;1,1176968;1,0;120
4046;-0,064492874;-0,035542622;-0,58062625;-0,5584147;0,0;120
4047;-0,74501514;-0,5022835;-0,1478746;-0,21888022;0,0;130
4048;0,1369703;0,17475346;0,3726598;-1,376199;1,0;130
4049;0,08980562;0,16064554;0,33614543;-1,0605247;0,0;140
4050;0,44737783;-0,28784096;0,6424521;-0,7044561;1,0;130
4051;-0,07581361;0,16493982;-0,7259415;-0,45772406;0,0;120
4052;-1,0168611;0,12518091;-2,513001;0,90144277;1,0;100
4053;-0,39446092;-0,3082441;-1,2784445;0,23330024;1,0;120
4054;1,1257688;0,07968518;2,2988143;-0,701355;0,0;140
4055;-0,6918851;-0,027534999;-1,9053866;-0,4829916;1,0;120
4056;-0,08998354;-0,61176395;0,08199027;0,43410122;0,0;120
4057;0,16843416;0,31751138;0,44885528;-1,5096533;1,0;140
4058;-0,13831212;-0,489861;0,6011553;0,9634205;1,0;120
4059;-0,3324347;-0,118196756;-1,22881;-0,6867051;0,0;120
4060;-0,9804175;0,66894877;-3,3210533;0,43282557;1,0;80
4061;0,12724102;0,18780118;0,34180743;-1,6048386;1,0;150
4062;-0,47149122;-0,15078045;-0,41247553;0,25765818;0,0;120
4063;-0,649206;-0,39637136;-0,45765877;1,3498113;0,0;120
4064;-0,46443248;-0,2802716;-1,8565485;1,071985;0,0;110
4065;0,56217057;0,53316104;-0,16027856;-0,7944608;1,0;140
4066;0,4985813;-0,2913211;0,8425696;-0,9888705;1,0;130
4067;-0,21907519;-1,0120876;1,6788062;0,56734025;1,0;160
4068;-0,19077411;0,10024962;-1,2037868;-1,205786;1,0;120
4069;-0,25541365;-0,45641708;-0,109633416;1,193933;1,0;120
4070;-0,46238622;-3,1837866;3,2002723;4,8713756;1,0;120
4071;1,4701517;1,2049596;1,3650924;-1,6516747;0,0;170
4072;-0,123024605;-0,47334522;0,053815104;0,48476037;1,0;120
4073;-0,35305288;-0,7879737;0,88060033;0,2636118;1,0;130
4074;0,011409051;0,061793044;-0,22715643;-0,24263145;0,0;120
4075;0,15538317;0,50797975;-0,30501208;-2,9091117;1,0;170
4076;1,6417025;0,5812482;2,4574678;-2,208621;1,0;160
4077;-0,6003893;-0,26950568;-0,9169742;0,5814868;0,0;120
4078;0,0066933334;-0,17448844;-0,41163662;0,5147793;0,0;140
4079;1,2867197;-0,44092727;3,4995997;0,6263672;1,0;145
4080;-0,21841684;-0,61309534;-0,1482135;1,0414735;0,0;120
4081;0,561208;0,074958235;1,6777097;0,17500503;1,0;150
4082;-0,21855943;-0,58423996;0,18474132;1,232229;1,0;120
4083;-0,0052371207;0,1377575;-0,71267664;-0,9586202;1,0;130
4084;-0,18958054;-0,7159233;-0,2924164;0,90229154;0,0;120
4085;1,2124934;-0,2562266;2,666878;0,4461592;0,0;140
4086;-0,064432666;0,02077865;-0,6980691;-0,53043795;0,0;120
4087;0,74867994;-0,54572725;1,466337;1,1545998;1,0;120
4088;0,5129279;0,4055401;-0,430701;-1,3760478;1,0;140
4089;-0,16886824;0,082469285;-1,1029601;-1,016155;0,0;120
4090;-0,37049136;-0,14977464;-1,0466263;-0,44296852;0,0;120
4091;-0,59127164;0,3422041;-2,4407434;-0,5020256;0,0;100
4092;-0,61099935;-1,1835506;1,7869769;1,228433;0,0;130
4093;-0,6792042;0,3009439;-2,86973;-0,124975696;0,0;100
4094;-0,15248121;0,25310034;-0,45149398;-1,6939011;1,0;130
4095;-0,63032925;0,24981295;-1,9041398;0,9949062;0,0;110
4096;1,0314083;0,07163653;2,6294255;-0,04540877;1,0;150
4097;-0,5703607;-0,21085037;-0,7900742;0,39232844;0,0;120
4098;-0,04514781;-0,76838833;-0,1864511;0,38857892;0,0;120
4099;-0,47183403;-0,16728891;-0,56347096;0,06941876;1,0;120
4100;-0,58814377;-1,2892644;0,6789868;2,5183322;1,0;120
4101;0,32559937;-0,096098185;0,713977;-0,37409297;1,0;135
4102;-0,369664;-0,107727885;-1,2872514;-0,70277596;0,0;120
4103;-0,8694203;0,49147582;-3,6081953;0,5081258;0,0;90
4104;-0,1976932;-0,11063604;-1,3216136;0,41200376;0,0;110
4105;-0,66196483;0,26980954;-2,0725725;0,6615839;0,0;116
4106;-0,030965246;0,18914825;-0,608161;-1,4712534;0,0;120
4107;-0,48998347;-0,3439399;-0,9724654;1,3197584;1,0;120
4108;0,5243508;-0,31563336;0,39336956;-1,1477721;1,0;140
4109;-0,9310208;-0,5860375;0,1954399;-0,3131326;1,0;140
4110;0,15525843;0,21080302;0,5466907;-1,106349;1,0;130
4111;0,23280527;-1,3352532;1,1651288;1,2146955;0,0;120
4112;-0,59154266;0,21177857;-2,127688;-0,041869715;1,0;110
4113;-0,112055294;-0,43768668;-0,21477157;0,22225097;0,0;120
4114;-0,92697585;0,48984694;-3,0993109;0,96640515;0,0;90
4115;-0,45416445;-0,1788877;-0,48202217;0,32202795;0,0;120
4116;-0,019816143;-0,025676504;-0,34948432;-0,46614203;1,0;120
4117;1,1001898;1,0238445;1,514598;-1,7173026;1,0;160
4118;-0,39771798;-0,34529507;-0,24474168;0,5086839;0,0;130
4119;-0,43421102;-0,30018723;-0,47343087;0,70535433;0,0;120
4120;-0,33378887;-0,29882866;-0,6312575;0,46090236;0,0;120
4121;-0,46440962;-0,34019464;-1,4443395;1,1187363;1,0;120
4122;-0,84466547;0,10209782;-2,6168103;0,502638;0,0;110
4123;-0,4045911;-0,10116859;-1,2007458;-0,68907726;0,0;120
4124;-0,68343943;-0,31863475;-1,3445919;0,4326485;0,0;120
4125;-0,12499844;0,07676232;-0,49707305;-0,58516836;0,0;120
4126;-0,6404701;-1,0703429;1,0557938;2,353086;1,0;130
4127;0,7680669;-1,1270958;0,53407216;2,0836627;0,0;110
4128;-0,40203893;-0,059055477;-1,5139989;-0,5133532;0,0;110
4129;-0,5643022;-0,1544746;-0,63626397;0,19295086;1,0;120
4130;-0,4069225;-0,21311285;-0,6191155;0,30482087;0,0;120
4131;-0,40799958;-0,24027835;0,08317527;0,208316;1,0;130
4132;1,0863998;0,13356999;1,980905;-1,0741205;1,0;160
4133;-0,51095253;-0,25179386;-0,8694445;0,43654945;0,0;120
4134;-0,6529343;-0,42051393;-1,216094;0,8297365;0,0;120
4135;1,3308188;0,57892925;2,1646073;-0,695547;1,0;150
4136;0,22946037;-0,3010971;-0,29497147;-0,43663093;1,0;120
4137;-0,46776402;-0,2421463;-1,4179214;-0,06091984;0,0;120
4138;0,052213706;-0,8559504;-0,10898161;0,76700735;0,0;110
4139;-0,6658344;0,6001453;-2,1199787;-1,3627014;0,0;110
4140;-0,56866056;-0,3697884;-2,1451206;0,60646486;0,0;110
4141;-0,080327414;-0,6682298;-0,13238816;0,31710723;0,0;120
4142;-0,00051183905;-0,40525514;-1,7714895;2,4905043;0,0;100
4143;-0,08639853;-0,65647817;-0,18276143;0,39808652;0,0;120
4144;1,0391805;-0,32946622;1,6562598;0,19214149;1,0;130
4145;-0,19805422;-0,24723195;-0,6161795;0,011615612;0,0;120
4146;-0,24225643;-0,63535947;0,588496;0,23735973;1,0;140
4147;-0,006342784;-0,0034599118;-0,8585218;-0,8976128;1,0;120
4148;-0,33147967;-0,33904332;-0,5148027;0,7111131;1,0;120
4149;2,7581608;2,2147207;2,8745363;-2,7349825;1,0;180
4150;-0,39379504;-0,18820947;-0,71392286;0,11293535;0,0;120
4151;0,30082136;0,2955184;0,2267338;-1,4252658;1,0;140
4152;0,29946515;-0,011602063;1,0610087;0,6953422;0,0;130
4153;0,23871109;0,19414887;0,56522375;-1,3250213;1,0;140
4154;0,04600559;0,14569047;-0,7896218;-1,6861757;1,0;140
4155;-0,9257924;0,057803776;-2,1261394;0,6588011;0,0;110
4156;-0,4056335;-0,13443659;-0,3986767;-0,00056603923;0,0;120
4157;-0,16308054;-0,623824;0,19945206;0,88522387;0,0;120
4158;-0,0048191515;0,058563583;-0,34127176;-0,6970128;1,0;130
4159;-0,15349571;0,05455537;-1,2389299;-0,9860244;1,0;120
4160;-0,9861147;0,42515194;-2,828447;1,3353722;0,0;100
4161;-0,3783138;-0,16521522;-0,7994684;-0,08975082;1,0;120
4162;0,17098664;-1,2126144;0,62111473;1,1671615;1,0;110
4163;0,9295966;-0,9365193;1,8565108;1,4790828;1,0;110
4164;-0,82430506;-0,35621864;-0,40675876;0,46873274;1,0;130
4165;-0,12899978;0,043988254;-0,6710973;-0,87290525;0,0;120
4166;-0,7263563;0,054231137;-1,4872278;1,3461461;0,0;110
4167;-0,21140565;0,09892768;-1,3484443;-1,5282066;0,0;120
4168;0,5003279;-0,322482;0,5374765;-1,1568666;1,0;130
4169;0,14453036;-0,13390209;0,2275048;0,2640099;0,0;120
4170;-0,037374664;0,26127934;-0,5183478;-1,8051281;1,0;130
4171;0,9786976;-0,31330955;2,2658286;-0,14612728;1,0;140
4172;-0,23275027;0,17341061;-1,8122554;-1,4737356;1,0;120
4173;0,39020753;0,6184828;1,2205282;-1,0841806;1,0;150
4174;-0,09281976;-0,33330393;-0,14681853;0,14226897;1,0;140
4175;-0,33834448;-0,1723219;-0,7428626;-0,28122425;1,0;120
4176;-0,56067336;-0,097021446;-2,0082095;-1,279686;0,0;120
4177;0,14314704;0,1690789;0,26819712;-0,9828111;1,0;130
4178;-0,30906084;-0,25334662;-0,63493574;0,22247642;0,0;120
4179;-0,42032754;-0,5198348;1,8990568;2,4750757;1,0;130
4180;-0,34355536;-2,0526302;1,7268605;3,0974095;0,0;120
4181;-0,42738461;-0,6913942;0,6080667;1,8032928;0,0;130
4182;-0,1689426;0,629493;-1,2472095;-2,8661597;1,0;130
4183;-0,29156473;-0,10025512;-0,96590805;-0,56414974;0,0;120
4184;-0,32019964;-0,31015676;-1,0699089;0,19017853;0,0;120
4185;-0,25189894;0,35585684;-1,1174295;-2,2298677;1,0;130
4186;-0,7471006;0,31710786;-2,5292678;0,090369925;0,0;100
4187;-0,03742399;0,096546955;-0,56095946;-0,82247007;1,0;130
4188;-0,52378714;-0,34107453;-2,2663827;1,3501208;0,0;110
4189;-0,15585232;-0,7860335;-0,23452789;0,89950943;0,0;120
4190;0,32461676;-0,3516798;0,09073563;-0,726616;0,0;120
4191;-1,060698;0,48061216;-3,5523388;1,59236;0,0;90
4192;-0,89609337;-0,62166363;0,6015928;-0,01579436;1,0;140
4193;-0,046966434;0,6450851;0,7579093;-1,8481305;0,0;140
4194;-0,034867123;-0,60846615;-0,45487273;0,43794438;1,0;110
4195;0,50934;0,5136915;-0,13428503;-1,7829914;1,0;150
4196;0,6532863;-0,69333965;1,1158619;-0,2464786;0,0;120
4197;0,9778407;0,9813567;1,0479364;-2,9763186;1,0;160
4198;-0,35397586;-0,63363695;0,0955098;1,5472112;1,0;120
4199;0,4940696;0,5569654;1,0306213;-1,5126394;0,0;140
4200;-0,7944345;-0,08047497;-2,5939016;-1,818578;0,0;120
4201;-0,14438906;-0,6708576;-0,04331316;0,5776161;1,0;120
4202;0,10351365;0,3306613;0,47021586;-0,9536642;1,0;130
4203;-0,24554679;-0,57328284;0,03641306;1,5786185;0,0;130
4204;-0,12582031;0,0346796;-1,0419728;-0,7867832;0,0;120
4205;-0,7161078;-0,12299943;-1,2067442;0,44622102;0,0;110
4206;1,6352439;0,743022;2,5719688;-0,6320888;1,0;160
4207;0,28488636;-0,7944225;0,0017495379;0,7462393;0,0;120
4208;-0,08628309;0,1529142;-0,60214424;-0,68301225;1,0;120
4209;-0,00460079;-0,054775722;-0,37662274;-0,38063884;0,0;120
4210;-0,33817273;-0,18340696;-0,37056202;0,022529244;1,0;120
4211;1,3007544;1,0171187;1,667484;-0,64058137;1,0;160
4212;-0,64494586;0,18998495;-2,36928;-0,048367858;0,0;110
4213;1,3520074;0,5486799;2,5561302;-0,42351696;1,0;150
4214;-0,4499304;-0,3157155;-0,06545687;0,25282368;0,0;120
4215;-0,7042652;-0,38642347;-0,49802196;1,0732821;1,0;120
4216;1,1925215;0,28044638;2,415407;-1,1768118;1,0;160
4217;0,5545106;-0,39770627;0,82226807;-0,0881127;0,0;130
4218;-0,48454323;-0,23772152;-0,48680007;-0,48941377;1,0;140
4219;0,09076486;-1,0616313;0,649106;0,6334703;1,0;120
4220;0,5336494;-0,99204415;0,65757835;1,9224962;1,0;110
4221;-0,2993476;-0,18913676;-0,9950571;-0,38216248;0,0;120
4222;0,23318322;-0,42289644;-0,65049374;-0,06566824;0,0;120
4223;0,08130301;-0,7506035;-1,0415636;1,0159278;0,0;115
4224;-0,41992253;-0,23928793;-0,93744075;0,09717794;0,0;120
4225;0,7017173;-0,4807428;1,3383138;0,58727586;1,0;150
4226;0,59675086;0,47832322;0,47784042;-1,2992433;1,0;150
4227;0,383325;-0,21737726;0,54625857;-0,017516378;0,0;130
4228;-0,10500239;0,14074524;-0,95426035;-1,0256914;0,0;120
4229;0,74056965;0,6187422;0,8354237;-0,5709498;1,0;140
4230;-0,5039248;-0,09280318;-0,62818456;-0,1756392;0,0;120
4231;-0,45420328;-0,362473;-0,2309322;1,1534765;0,0;120
4232;0,5299822;-0,11283533;1,0618289;-1,3049126;1,0;140
4233;0,07276209;0,009007974;-0,5436428;-0,55693305;1,0;130
4234;-0,09234891;0,086891145;-1,1594094;-0,75096214;0,0;120
4235;0,026860313;0,122611865;-0,24390301;-1,2391977;0,0;120
4236;-0,22695991;-0,73383343;0,6588497;0,42110133;1,0;140
4237;-0,56534386;0,6248365;-1,54749;-1,2903744;0,0;110
4238;0,036251713;-0,9974579;0,19073935;0,90173876;0,0;125
4239;0,5486625;-0,030802734;1,3955996;-0,7371422;0,0;140
4240;-0,32128245;-0,9137726;0,8689059;0,59561026;1,0;140
4241;-0,123519935;0,05172459;-0,805979;-1,2507281;0,0;120
4242;-0,63411844;0,21158533;-1,9677999;0,10190971;0,0;110
4243;0,7333109;0,24592213;0,99861956;-0,30659166;1,0;140
4244;-1,1905336;0,091784716;-2,8636556;-0,566303;0,0;110
4245;-1,1778313;0,097421214;-3,3127651;-0,5931392;0,0;110
4246;-0,3794396;-0,28578752;-1,0805906;0,8473979;0,0;115
4247;-0,48085648;-0,36411494;-2,036652;0,9579334;0,0;100
4248;0,39465737;0,4877591;0,4615644;-0,16724412;0,0;145
4249;-0,29273722;-0,21123104;-0,9898281;0,28414422;0,0;110
4250;0,3537949;-0,25238055;0,20485704;-0,06867279;1,0;130
4251;0,8516217;0,049708683;1,5998691;-1,659548;1,0;140
4252;0,6351282;0,65211636;1,2451221;-1,3537751;1,0;160
4253;-0,36614543;-0,23059632;-0,74857473;-0,6871371;0,0;120
4254;-0,39396498;-2,4725924;2,2221692;2,768537;1,0;130
4255;-0,44395116;-0,24156572;-1,0885075;0,021695554;0,0;120
4256;1,6104362;-0,51523733;3,3674247;1,4630022;1,0;140
4257;2,4937646;0,9529908;4,019681;-1,0880754;1,0;180
4258;-0,9775117;0,5861214;-2,3395991;0,8610207;1,0;130
4259;-0,59592175;-0,26046193;-1,2796092;0,30328518;0,0;120
4260;0,65378666;0,23455836;1,009772;-0,3603621;1,0;140
4261;-0,3534639;-0,27019787;-0,60956514;0,37203914;1,0;120
4262;1,0465878;-0,42219108;2,983178;-0,9430158;1,0;170
4263;-0,34620598;-0,26230448;-1,5772434;1,0678449;1,0;110
4264;0,19462343;0,18648085;0,7897905;-1,0091044;1,0;150
4265;-0,22085847;-0,546459;0,7870406;1,4269305;0,0;120
4266;-0,5428366;-1,511647;0,93166876;2,0672812;0,0;120
4267;-0,4659312;-1,8267683;1,4210944;2,2152379;1,0;120
4268;0,09348644;-0,406201;-1,31535;0,11912154;0,0;100
4269;0,22360022;-0,27817833;-0,14388059;-0,14898393;1,0;120
4270;0,6747555;0,7575613;0,6794983;-2,5583236;1,0;150
4271;0,3874651;0,4006042;0,017421726;-0,78014076;1,0;150
4272;0,3265426;0,2656139;0,72185373;-1,7189398;1,0;150
4273;0,089222156;-0,63723093;-1,0916603;1,073184;0,0;110
4274;0,5057581;-0,3160687;0,39847457;-0,5929146;1,0;120
4275;0,50329626;-0,97269136;0,35249716;1,5934134;0,0;110
4276;-0,90915483;0,067926645;-2,2569196;0,6599158;0,0;110
4277;-0,50918424;-0,6373701;1,6698577;1,1410316;1,0;140
4278;1,0896932;-0,43580377;3,2164483;1,6204418;1,0;150
4279;-0,00213191;0,059438385;-0,13982548;-0,65752304;0,0;130
4280;1,2941004;0,28809807;2,2882814;-1,407703;1,0;150
4281;-0,41182792;-0,9818515;0,16057807;1,10777;0,0;130
4282;0,98291004;0,03455071;1,4505923;-0,99033177;1,0;150
4283;-0,42703813;-0,14670661;-0,418444;-0,08367977;0,0;120
4284;1,4249498;1,3337799;1,0810965;-4,1775856;0,0;160
4285;0,20002784;0,3986507;0,1951856;-0,37446344;1,0;120
4286;-0,54645735;-0,31371105;-1,7250816;1,6212065;0,0;110
4287;0,23758858;0,47937554;0,03893745;-1,633676;0,0;140
4288;1,4172152;0,12151427;2,8300006;0,27599266;1,0;160
4289;-0,11385107;-0,5233367;-0,012638226;0,45359638;1,0;120
4290;0,12652127;0,04086232;-0,034078643;-0,4813061;1,0;130
4291;0,7151505;0,2296421;0,9815781;0,2504051;1,0;150
4292;0,98293287;0,7744386;1,0686991;-0,9024248;1,0;150
4293;0,2715287;0,4003471;1,14239;-1,0311396;0,0;160
4294;-0,47404075;-0,15759063;-0,8187976;0,017882243;0,0;120
4295;-0,4154194;-0,22713672;-0,8301078;0,10365629;0,0;120
4296;-0,69987315;-0,30164146;-1,3589324;0,14979012;0,0;120
4297;0,21425663;-1,5294347;1,7649398;1,5732884;0,0;130
4298;1,4705762;-0,14235027;3,193531;-0,16090114;1,0;160
4299;1,2756165;0,6704683;3,3203485;1,173834;1,0;140
4300;0,59022796;0,6009315;0,6796167;-1,8052285;1,0;160
4301;1,11323;0,2796738;2,0680416;-0,7391628;1,0;160
4302;1,4572059;1,1500235;2,2404096;-1,6942649;1,0;150
4303;-0,5836668;-0,21455468;-1,0294791;-0,8419354;0,0;130
4304;-0,12698323;-0,43881744;0,17132416;0,6143638;1,0;120
4305;0,41824517;-0,56979984;-0,30600524;-0,94748557;1,0;120
4306;0,5937499;0,8523976;1,1638348;-2,359849;0,0;150
4307;0,10418455;0,3348714;0,089187995;-1,3391459;0,0;130
4308;-0,66996133;-0,36224002;-1,367622;-0,79125845;0,0;140
4309;0,12979512;-0,64548874;-1,1988958;0,6022502;0,0;110
4310;0,5047534;-0,03156414;0,4862938;-0,0849013;1,0;140
4311;-0,47398487;-0,29549128;-0,83139586;0,47710183;0,0;120
4312;-1,0900173;-0,8990788;1,0750668;-0,049850404;1,0;160
4313;-0,2121346;0,00058174506;-1,1430202;-1,0778103;1,0;110
4314;0,17289566;0,21098498;0,25649774;-0,9335693;1,0;130
4315;-0,46473044;-0,17357658;-1,0767463;-0,111142285;0,0;120
4316;0,45761946;0,35869443;0,37773827;-0,86688125;1,0;140
4317;0,262626;-0,2913065;-0,07278663;-0,035900928;1,0;120
4318;0,30372494;-0,21705852;0,46408412;-0,15028489;1,0;120
4319;-0,32964256;-0,18506232;-1,3808358;-0,60287654;0,0;120
4320;-0,43155614;-0,2391933;-0,41428897;-0,021664903;1,0;130
4321;-0,6176962;0,104974076;-1,3603286;0,91331756;0,0;110
4322;-0,6408966;0,09030594;-1,85105;-0,056821425;1,0;120
4323;0,4506486;-0,25317132;0,40413222;-0,5516567;1,0;130
4324;-0,21900171;0,0847805;-1,4040858;-1,8520799;1,0;120
4325;-0,25387913;-0,14206144;-0,660357;-0,26727957;1,0;120
4326;-0,47998092;-0,22133489;-1,4601469;-0,16603588;0,0;120
4327;-0,43398443;0,2013384;-2,1658437;-0,60422957;0,0;110
4328;-0,5480043;-0,31288064;-1,1076081;0,45729712;0,0;120
4329;-0,24678716;-0,25934523;-0,44195604;0,00024437904;1,0;120
4330;-0,4276208;-0,24820702;-1,4700079;-0,22870515;1,0;120
4331;0,3906931;0,31881458;1,051273;-0,80020595;1,0;140
4332;0,546863;-0,050124675;1,6622604;-0,69902766;0,0;140
4333;0,7891506;0,3396411;1,4029034;0,328836;1,0;140
4334;0,36507887;0,5745992;0,041746013;-1,0337012;1,0;140
4335;0,33932856;0,44930178;0,3863088;-1,2000406;1,0;140
4336;-0,4506874;-0,34595388;-1,6603847;1,3950964;0,0;110
4337;-0,36548853;-0,1977898;-1,3973706;-0,4136147;1,0;120
4338;0,91962;0,03632244;1,1723378;-0,47673383;1,0;140
4339;0,5833107;-0,082750045;1,8829243;-0,59419155;1,0;140
4340;-0,5155038;0,11041972;-1,5930712;0,64731455;0,0;110
4341;-0,12362071;0,05367572;-0,8170209;-1,2287467;1,0;120
4342;0,35566437;-0,70922107;-0,4219892;1,2148135;0,0;100
4343;-0,3582211;-0,216455;-0,65464556;0,11465739;0,0;120
4344;-0,0115512945;0,22415352;-0,3753102;-0,819111;1,0;130
4345;-0,893192;0,07168728;-2,2860785;0,7018838;0,0;110
4346;-0,02926892;-0,48605454;-0,53051496;0,82222426;0,0;120
4347;0,32954696;-0,07959656;0,6471915;-0,5584334;0,0;140
4348;-0,6929502;-0,35621744;-1,680257;0,21200669;0,0;120
4349;-0,3301972;-0,34712952;-0,24998361;0,68679297;0,0;120
4350;-0,15705644;-2,290095;2,3313208;2,4298267;1,0;120
4351;-0,40999064;-2,311737;2,9372766;2,3927488;1,0;145
4352;-0,64353776;0,026712298;-1,4400008;1,5221477;0,0;110
4353;0,7094821;-0,734674;1,3273404;0,37078044;1,0;120
4354;-0,16740598;0,05416459;-0,9427788;-1,3350334;1,0;120
4355;-0,291199;-0,29157394;-0,8830866;0,16833505;0,0;120
4356;-0,111739255;-1,2505792;0,731302;1,7243099;0,0;120
4357;-1,0046396;0,03116602;-2,1455781;0,7088822;0,0;110
4358;-0,43792245;-0,23072134;-0,80880773;0,28914133;1,0;120
4359;0,5995726;-0,18275273;1,0796317;-1,6070945;1,0;140
4360;0,25420305;0,48950404;-0,88221216;-2,1541994;0,0;140
4361;-0,5965501;-0,12069188;-0,93270004;-0,6929481;0,0;120
4362;-0,5029888;-0,16674253;-1,1557866;-0,63159716;0,0;130
4363;-0,33804134;-0,29643965;-0,7146518;-0,36375836;1,0;120
4364;0,34490126;0,25266865;0,5445757;-1,1118238;0,0;140
4365;-0,19255234;-0,75873035;0,711766;0,50739443;0,0;120
4366;0,46162885;-0,92062545;-0,6979461;2,3254766;0,0;100
4367;-0,8932326;0,5722324;-3,8079598;-0,4510353;0,0;95
4368;-0,59653866;0,093022846;-1,5183767;0,8591496;0,0;110
4369;-0,4620309;-0,20469694;-1,2078762;0,42099002;0,0;110
4370;-0,3665722;-0,1665088;-0,8878511;-0,13395396;0,0;120
4371;0,6112759;-0,13496234;1,6529799;-1,0963733;0,0;140
4372;0,09569976;-0,21054506;-0,081929594;0,34389105;1,0;130
4373;0,9496654;1,0474138;1,6734469;-1,8736125;1,0;160
4374;-0,8094661;0,085360706;-1,9186293;0,8241339;0,0;110
4375;-0,54860705;-0,19016747;-1,480332;-0,34064138;0,0;120
4376;0,2682359;-0,24033399;0,26652968;-0,039199222;1,0;120
4377;-0,105629764;-0,6943733;0,2892325;0,40435272;1,0;130
4378;0,84449583;0,8020407;0,6771325;-2,74213;1,0;170
4379;0,21177924;0,28310838;0,3176046;-0,8287113;1,0;130
4380;0,40740958;0,17889212;0,8921145;-0,748597;1,0;140
4381;-0,44131222;-0,21237509;-1,1430202;-0,021403167;0,0;120
4382;-0,15949821;0,07327482;-0,90443814;-0,99506724;1,0;120
4383;2,2319837;1,2366004;3,2678366;-0,82956433;1,0;170
4384;0,32398593;-0,086205296;0,4964404;0,3389288;1,0;130
4385;-0,51363856;-0,12519646;-2,1193302;-1,147162;1,0;120
4386;-0,0027116402;0,44635755;-0,5398072;-1,7291963;1,0;130
4387;-0,026643317;0,17077197;-0,66169536;-1,5849743;1,0;120
4388;0,076070115;0,41770834;-0,26691252;-3,101591;1,0;150
4389;1,0439494;0,0039060265;1,4732287;0,21983978;1,0;140
4390;0,41799447;-0,0997636;1,0851527;0,008411787;1,0;140
4391;-0,35883325;-0,18207598;0,23204249;-0,07254541;1,0;140
4392;-0,14761755;-0,5606251;0,33007914;0,30391943;1,0;130
4393;-0,07048746;-0,41448885;-1,337938;2,4158633;0,0;110
4394;-0,85164124;0,23100135;-2,0639222;0,5543535;0,0;100
4395;-0,6971247;0,25901762;-1,4143466;0,15919666;0,0;110
4396;0,32324365;-0,82775295;-0,1504722;1,4565456;1,0;110
4397;0,78495187;-0,8622679;1,5611665;0,69616914;0,0;110
4398;1,2315016;0,95824516;1,2053725;-2,4294477;1,0;160
4399;0,40864792;0,578243;0,41307187;-0,73514795;1,0;140
4400;-0,8052212;0,44637161;-2,7075317;-0,6118537;0,0;100
4401;-0,30573398;-0,89244;0,97001565;1,8832748;1,0;120
4402;0,25643906;0,5008583;-0,5561129;-1,9427052;1,0;140
4403;1,8379842;0,23982161;3,5649388;-1,0204815;1,0;160
4404;0,56952816;-0,17301917;1,2864335;-0,7576189;1,0;130
4405;-0,8210073;0,24635908;-1,8404264;1,8827559;0,0;90
4406;0,16466446;-0,7669534;-0,75610685;1,3831433;0,0;110
4407;-0,122293316;-0,5548268;0,019756522;0,53062034;0,0;120
4408;-0,19110864;-0,6607958;-0,502779;2,5218065;1,0;100
4409;1,2038131;0,13511643;2,4317539;-0,4228626;1,0;140
4410;0,8774834;0,8710625;0,889091;-2,1071153;1,0;170
4411;0,39479342;-0,095108226;1,2695835;0,24021173;1,0;130
4412;-0,09861395;-0,49314386;-0,23597258;0,3018299;0,0;120
4413;0,460873;0,06661236;1,1307106;-0,74213207;0,0;140
4414;-0,60952395;-0,32949764;-0,78403044;1,5187256;0,0;110
4415;0,97941566;0,38971764;3,2230437;0,54462826;1,0;150
4416;-0,28236565;0,30792254;-1,2928079;-1,5559913;1,0;110
4417;0,030577004;-1,1341321;0,45146883;0,77757454;1,0;110
4418;-0,07241103;-0,44260478;-0,5484506;1,3899204;0,0;110
4419;-0,6199363;-0,48672396;-0,13007858;1,8961593;0,0;120
4420;-0,67346174;-0,44573176;-0,4617318;1,4797504;1,0;120
4421;-0,15214941;0,25083116;-0,47051883;-1,6560278;1,0;130
4422;0,06801464;0,1237902;-0,013771661;-0,47670838;1,0;130
4423;1,2899861;-1,1120318;3,4552681;2,0207675;1,0;130
4424;-0,5180768;-0,22827159;-1,5702792;-0,15175733;0,0;120
4425;-1,193596;0,43322897;-3,4471674;0,747628;0,0;100
4426;0,031052286;0,3394887;0,3013845;-1,1913633;1,0;130
4427;0,77175444;-0,6320188;1,7828177;-0,12661138;1,0;140
4428;-0,38159317;-0,23509137;-0,6404593;-0,120534375;0,0;130
4429;0,06086325;0,21448758;0,36110482;-1,1982013;1,0;140
4430;-0,70553815;-0,26009107;-1,6032462;-0,12069639;0,0;120
4431;-0,97955537;0,55645937;-3,6400893;0,28993887;0,0;100
4432;1,1496791;-0,65077084;2,7867222;2,109865;1,0;130
4433;-0,4545426;-0,68051136;0,8324084;2,0632253;0,0;130
4434;0,96054095;0,9880131;0,97701883;-2,6269941;1,0;160
4435;1,408948;0,8440737;2,6818025;0,38073802;1,0;150
4436;0,0017577861;0,4906366;0,19074346;-2,361931;1,0;140
4437;-0,093683176;-0,58598745;0,06894346;0,2860371;1,0;130
4438;-0,14517772;-0,5649943;-0,54010284;1,2014196;1,0;120
4439;0,53833693;-0,06371363;0,7768843;-0,641968;1,0;150
4440;-0,59574705;-0,37055504;0,1704103;-0,25815362;0,0;130
4441;0,07407938;0,3637902;0,08244183;-1,9980689;1,0;140
4442;-0,43891293;-0,06638667;-0,97932446;-0,59907925;0,0;120
4443;-0,047635045;0,112689584;-0,22271651;-1,018115;1,0;130
4444;-0,18611999;0,023826074;-0,7722095;-0,7306012;0,0;110
4445;-0,37851104;-0,6777295;0,36225915;1,8026642;1,0;120
4446;1,1439005;0,7281966;1,4951879;-0,68914616;1,0;150
4447;2,331761;1,2811705;3,635124;-1,3547125;1,0;180
4448;-0,87972236;-0,6885193;0,88473797;0,21053973;1,0;160
4449;0,08468683;0,124280386;0,036608808;-0,3849958;1,0;130
4450;-0,119124256;0,095644295;-0,62037003;-0,7354852;1,0;120
4451;2,0365448;0,62091565;4,6058197;0,97787356;0,0;150
4452;-0,4441842;-1,9189458;1,5467492;2,522738;0,0;120
4453;2,0707154;-0,5815386;4,9688253;1,1876624;1,0;160
4454;0,5818362;-0,15703245;0,85131377;-0,84411156;1,0;150
4455;-0,33733037;-2,5370615;1,6390907;4,554961;1,0;110
4456;-1,1727734;0,52657473;-3,868452;1,0259507;0,0;90
4457;-0,62429;0,14098418;-2,7762678;-0,35321584;0,0;111
4458;-0,80334157;0,10242068;-2,2626028;0,63860595;0,0;110
4459;0,26354098;0,71206516;1,3333244;-1,8746934;1,0;140
4460;-0,9328919;0,47118074;-2,6534994;1,0429935;0,0;100
4461;2,0559769;0,6721966;4,213663;0,16910818;1,0;160
4462;-0,09856155;-1,3045378;0,8732072;1,2312337;0,0;120
4463;-0,05544751;0,000731796;-0,8057587;-0,5418767;0,0;120
4464;-0,71104527;0,054094017;-1,5049835;1,356415;1,0;110
4465;-0,3949972;-0,09589557;-0,6658621;-0,2662979;0,0;120
4466;-0,26164114;-0,6332481;0,021576378;1,3104604;1,0;120
4467;-0,9585334;0,3656748;-2,3029509;1,9295566;0,0;100
4468;-0,99931514;0,4009019;-3,175629;1,3762996;0,0;100
4469;-0,6652114;-0,34860158;-1,2560191;0,609751;0,0;120
4470;1,4602743;0,5975956;3,23363;-0,69129515;1,0;150
4471;0,9756564;0,21255872;1,7166575;-1,6740122;1,0;160
4472;1,2311565;-0,0069763362;2,2852514;0,07627167;1,0;150
4473;0,395367;-0,26667476;0,3109094;-0,32787767;0,0;130
4474;0,40561163;0,63160986;0,83284426;-1,4050498;1,0;150
4475;-0,3345844;-0,6729455;1,0037576;1,0654974;1,0;140
4476;0,3405567;-0,4315337;-0,3639987;-0,25200343;0,0;150
4477;0,1136698;-0,8675159;-0,022528976;0,62713206;0,0;110
4478;-0,3404166;-0,5983667;0,49117845;1,8695334;1,0;120
4479;-0,26507804;0,29411972;-1,1946571;-1,5798004;0,0;120
4480;-0,57531816;-0,3407405;0,1540399;0,17720707;1,0;140
4481;0,5568379;-0,16365269;1,2586789;-0,74915624;1,0;130
4482;0,24811032;-1,3400371;1,167061;1,5106232;0,0;120
4483;0,5261009;0,4548632;0,3399176;-0,8178425;1,0;140
4484;0,8062625;-0,7127859;1,5642942;0,6326364;1,0;120
4485;0,16399676;0,27151567;-1,141252;-1,759536;0,0;130
4486;0,42699784;0,60302913;1,5260372;-1,9496713;1,0;160
4487;-0,47070214;-0,057873465;-1,173144;-0,8083416;0,0;120
4488;-0,073016964;-1,0636245;0,38154715;1,3507614;1,0;120
4489;-0,9808893;0,53564006;-3,3917718;0,89993656;0,0;90
4490;0,0865105;-0,5177876;-2,2842457;2,0829482;0,0;90
4491;-0,51918906;-0,3375836;-1,0686504;1,1904088;0,0;125
4492;0,67546153;-0,18627317;1,3577935;-2,08707;1,0;150
4493;0,041459445;-0,4729795;-0,52638316;1,3523743;0,0;110
4494;-0,74830735;-0,2717756;-1,5698911;-0,07180909;0,0;120
4495;-0,3987825;0,09561188;-2,0580626;-0,5938468;0,0;100
4496;0,37794206;-1,0935783;-0,35557342;2,108162;1,0;110
4497;-0,4286846;-0,26140368;-0,834954;0,2769505;0,0;120
4498;-0,29677573;0,11768361;-0,95796704;-0,3061917;0,0;120
4499;1,3821138;0,63463914;2,2101085;-1,1499006;1,0;150
4500;1,8169943;0,93035924;3,4341593;0,3526967;0,0;160
4501;-0,7912259;0,08622536;-1,6743976;0,9791914;0,0;110
4502;0,5148011;0,51271087;0,075426035;-1,0887461;1,0;140
4503;1,010811;-0,3568492;2,7386432;0,9354929;0,0;130
4504;-0,5589231;-0,46432465;-1,2943705;0,9530703;0,0;120
4505;0,25893515;-0,2764691;0,19043632;-0,3255511;1,0;120
4506;-0,4864279;0,1002356;-1,3509291;0,6105739;0,0;110
4507;0,5289034;0,5751953;0,54770845;-1,8436732;1,0;140
4508;0,46967256;0,3214574;0,8980173;-1,3706036;1,0;150
4509;0,3031896;-0,07187104;1,3193747;1,1964282;1,0;120
4510;-0,5613983;-0,36770546;-0,80551;0,85267556;0,0;120
4511;-0,5626467;-0,23788498;-1,2293924;0,19273545;0,0;120
4512;-0,08271091;-0,53898436;0,28734782;0,4704403;0,0;120
4513;0,27613696;-0,6492427;-0,6486782;0,58762133;0,0;110
4514;1,782505;0,97501534;3,286978;-0,04373786;1,0;160
4515;1,4114664;0,6700612;2,2613406;-1,2406491;1,0;170
4516;1,2502357;-0,015134439;2,545809;0,17710137;1,0;150
4517;-0,7325809;0,38166803;-2,7703335;-0,4218557;0,0;120
4518;-0,36758435;-0,1516737;-0,9964602;-0,30453974;0,0;120
4519;0,35924265;0,5348714;-0,13404253;-1,3505201;1,0;140
4520;1,1622674;-0,7585787;3,5560951;0,28115833;0,0;140
4521;-0,53161055;-0,27749813;-1,1380894;0,37478545;0,0;120
4522;-0,44128117;-0,23508282;-0,62894845;0,3160342;0,0;120
4523;-0,078261994;-0,9814827;0,18428208;1,5377877;0,0;120
4524;0,07512785;-0,45159096;-1,0728661;0,50676453;0,0;110
4525;-0,42131066;-0,14486852;-0,40106136;0,18397643;0,0;120
4526;1,3231411;0,40652227;1,9938831;-1,4284619;1,0;150
4527;-0,33184546;-0,3281541;-1,1734576;0,18242411;0,0;120
4528;-0,06839371;-0,6793263;0,07106472;0,39330328;1,0;120
4529;-0,09354412;0,18226999;-0,66918266;-0,7913313;0,0;110
4530;0,4535681;-3,0578582;4,143195;3,6994014;1,0;120
4531;-0,35229078;0,2232341;-1,4088079;-0,7062491;0,0;110
4532;-0,47245204;-1,747841;2,1116552;1,8615801;1,0;130
4533;-0,26336265;0,3052616;-0,6247848;-0,8966844;1,0;130
4534;-0,3850215;-0,17056684;-0,41942534;0,12768793;1,0;120
4535;1,4835367;-0,42367697;3,1926908;1,1809628;1,0;140
4536;1,3182915;-0,2812699;2,4267328;0,8224293;0,0;140
4537;-0,6148626;0,1187931;-1,880298;0,64313304;1,0;110
4538;0,3904209;-0,3950327;-0,27732155;-1,1312803;0,0;120
4539;-0,5044567;-0,32782793;-2,7799704;0,7596036;0,0;110
4540;-0,53438777;-0,31892478;-1,2235159;1,7720649;1,0;110
4541;0,55675316;-0,26080406;0,7600249;-1,7241116;1,0;140
4542;0,014525032;-0,4288823;-0,7335876;1,2711287;0,0;110
4543;-0,37681302;-0,15318015;-1,2282252;-0,43952316;0,0;120
4544;0,9204102;1,1589867;1,9394643;-2,5147324;1,0;160
4545;0,42033863;0,5645773;1,0227603;-2,196657;1,0;160
4546;0,41994324;0,37348622;0,5899697;-0,89959097;1,0;140
4547;1,0587882;-0,3585027;2,3861241;-0,016763464;1,0;140
4548;0,2482587;0,43468797;1,054893;-1,034936;1,0;140
4549;-0,31612372;-0,26790726;-1,6616977;0,96358085;1,0;110
4550;0,8339928;-0,6287077;1,7053922;1,4252651;1,0;120
4551;0,3182477;-0,24718912;0,05936557;-0,057775106;0,0;120
4552;0,10191504;0,135059;0,08738935;-1,1612241;1,0;165
4553;0,5943318;-0,25110555;0,25309438;-0,2892416;1,0;134
4554;-0,039012283;-0,9487375;0,22283448;1,1319008;0,0;120
4555;0,45962262;-0,16126844;0,9229084;-0,22945093;1,0;140
4556;0,5246933;0,4417019;0,55951464;-0,71728957;1,0;140
4557;0,9287534;0,047349174;1,6642365;-0,19437958;1,0;140
4558;-0,35145056;-0,7194843;0,32950962;1,9694126;0,0;120
4559;-0,20942977;0,0003081821;-1,1014944;-0,84757495;0,0;130
4560;0,29246283;0,27859062;0,53208435;-1,9186721;0,0;150
4561;-0,1728003;-0,79698855;-0,833655;1,5480722;0,0;100
4562;-0,44659114;0,1442761;-1,5799537;0,059085205;0,0;110
4563;0,96004415;1,02671;1,0404333;-2,7794373;1,0;160
4564;0,5028246;-0,2263783;0,46105582;-1,2097135;1,0;140
4565;0,007364505;-0,020248163;-0,65852517;-0,24643655;0,0;120
4566;-0,5878599;-0,24790154;-1,4607385;0,75267506;0,0;110
4567;0,04226284;0,30023712;-0,48463666;-2,0452242;1,0;130
4568;-0,1505516;0,13732275;-1,1899229;-1,2826407;1,0;120
4569;-0,21445842;-0,11934431;-0,87271297;-0,4344947;0,0;120
4570;0,40817356;0,4957788;-0,04057324;-1,2024755;1,0;140
4571;0,32786772;-0,32441515;0,29525858;-0,5192722;1,0;120
4572;0,077835225;0,018881792;-0,6489573;-0,5143033;0,0;130
4573;-0,9625684;0,0788842;-2,6201901;0,3360107;0,0;110
4574;-0,09737609;0,5254868;-1,1276689;-3,0890517;0,0;140
4575;-0,4005986;-0,3198263;-0,43059656;0,7738483;0,0;120
4576;-0,008127943;0,21194;-0,43995202;-1,2888007;1,0;140
4577;-0,3435393;0,10840184;-1,4097327;-0,38666287;1,0;120
4578;1,3991318;-1,2365576;4,0660243;1,8134687;1,0;140
4579;-0,6388809;-0,0591864;-1,9054179;-1,4370105;1,0;120
4580;0,09395442;-0,5405502;-0,8494458;0,81607246;0,0;110
4581;-0,013622636;-0,03720107;-0,37712276;-0,42513254;1,0;120
4582;-0,074270695;0,13945653;-0,57221115;-0,55824566;1,0;120
4583;-0,061271228;-0,25353205;-1,352478;1,148854;1,0;120
4584;0,4352695;0,48304307;0,82464886;-1,3896585;1,0;150
4585;-0,94174826;-0,73141056;1,1857283;0,42788497;0,0;145
4586;0,21821341;0,2086681;-0,1659824;-0,50031877;0,0;120
4587;-0,42347074;-0,19571003;-0,66207504;0,22252014;0,0;120
4588;-0,3287204;-0,083059266;-1,0249397;-0,6185529;0,0;120
4589;0,8396606;0,21398726;1,52927;0,07436262;1,0;140
4590;3,2368166;1,0345923;5,5784016;-0,72216237;1,0;160
4591;0,6118743;-0,121767476;1,7620562;-0,93682826;1,0;140
4592;-0,522025;-0,24018534;-1,5694135;-0,21079184;0,0;120
4593;-0,3761547;-0,1592702;-0,8770155;-0,14474502;1,0;120
4594;-0,39355832;-0,18691158;-0,93416715;-0,32519856;0,0;120
4595;0,40729746;-0,28495932;0,34940678;-0,9633833;1,0;130
4596;1,4251183;1,1653595;0,87298214;-3,2454886;1,0;170
4597;-0,4070443;-0,36415052;-1,1253977;1,8215146;1,0;110
4598;-0,19356064;0,23250826;-0,6855713;-0,6084769;0,0;120
4599;-0,6850439;0,27164805;-1,4264578;0,12621164;0,0;110
4600;0,13403499;0,23187004;-0,79107845;-0,9731388;1,0;120
4601;0,6637524;0,66111916;1,5348307;-1,1508268;1,0;160
4602;-0,57369405;-0,32146835;-2,2386901;-0,26747;1,0;120
4603;-0,4147973;-0,028664485;-0,83064234;-0,6366761;0,0;120
4604;-0,14402167;0,209997;-0,9543271;-0,9472014;0,0;120
4605;-0,07450411;-0,37413633;-0,24861321;1,1238288;0,0;120
4606;-0,4111504;-0,39841717;-2,4763286;2,056615;0,0;100
4607;0,1905079;-0,7916019;-0,7371595;1,7666134;0,0;110
4608;-0,13018267;0,04994808;-1,0379994;-0,78430784;0,0;120
4609;-0,53516954;-0,13963352;-1,8494247;-0,26190153;0,0;110
4610;-0,4270886;-0,24316077;0,405314;0,04789163;1,0;140
4611;-0,2871745;-0,57315385;-0,58726525;2,3442245;1,0;110
4612;-0,3713944;-0,19543579;-0,41913387;0,31059813;0,0;120
4613;-0,34248346;-0,21425365;-0,10423821;0,17791812;1,0;125
4614;0,010299392;-0,43211555;-1,7278587;2,2997007;0,0;100
4615;-0,08806238;-0,677133;-0,22983846;0,49180445;0,0;120
4616;-0,4366269;-0,22986947;-0,80679333;0,2851312;0,0;120
4617;-0,47946736;0,089361526;-1,2033105;0,08860506;1,0;120
4618;-0,39463502;-0,12924455;-0,96782005;-0,32798564;0,0;120
4619;0,8244686;0,3383901;1,6107641;-0,19853261;0,0;150
4620;0,0576036;0,245436;0,19346443;-1,7108791;1,0;130
4621;-0,7983176;0,43625462;-2,552799;0,59561646;0,0;100
4622;-0,082547404;0,05428336;-0,8634721;-0,5786723;1,0;120
4623;1,141262;0,74626505;1,6545714;-1,5451089;1,0;150
4624;0,6876008;0,11262353;1,918998;-0,032271765;1,0;140
4625;0,9867647;-0,6510357;2,5840404;0,6372682;1,0;140
4626;0,5682576;-0,17321852;0,9113736;-1,3675554;1,0;140
4627;-0,031586517;-0,019324455;-0,72525865;-0,45186186;0,0;120
4628;0,84719324;-0,7377421;1,6824924;0,7088659;0,0;120
4629;0,41955903;0,2332612;0,5024358;0,096473336;1,0;140
4630;-0,039966054;-0,40016693;-0,30368048;1,5203948;0,0;110
4631;-0,13894466;-0,30793554;0,07122759;0,34718028;0,0;120
4632;-0,3644259;-0,11865245;-0,42540008;-0,17416427;0,0;120
4633;0,6637689;0,40835512;0,70933163;-0,12572779;1,0;140
4634;-0,38999632;-0,21088904;-0,07703808;0,04212983;0,0;130
4635;-1,4105662;0,44357646;-4,1539936;0,023843601;0,0;100
4636;1,8921081;0,6939556;2,7957337;-1,7060294;1,0;170
4637;0,40803424;0,35899442;0,14011467;-0,5848392;0,0;130
4638;-0,08393648;-0,67465675;0,19666176;0,52124274;0,0;120
4639;0,8241017;-0,3870411;2,088186;-0,7902806;0,0;140
4640;-0,5008072;-1,7363844;1,4581511;2,050933;1,0;130
4641;-0,8529785;-0,56665945;0,34912282;-0,29845512;1,0;140
4642;1,1445132;0,06430728;2,3134463;-0,7746439;0,0;160
4643;-0,06794717;0,0070137866;-0,6945852;-0,7395121;0,0;120
4644;-0,28917533;-0,7782517;-0,16098967;1,3194308;0,0;120
4645;-0,33723733;-0,051379167;-0,97475624;-0,6797532;0,0;120
4646;-0,5593643;-0,10212529;-1,8759097;-1,1057305;0,0;120
4647;-0,31906664;-0,13629071;-0,8795578;-0,419891;1,0;120
4648;-0,44995317;-0,1597176;-1,9465942;-0,8040297;0,0;120
4649;0,60995823;0,64846814;1,2450888;-0,9215796;1,0;145
4650;1,6911242;0,7589197;2,4338026;-1,3311548;1,0;180
4651;-0,15444359;-0,4929793;-0,16998538;0,6681318;0,0;120
4652;1,3253287;-0,2462977;2,8209581;0,90622103;1,0;140
4653;0,5919032;-0,053315066;1,0368358;-0,9593575;1,0;140
4654;0,3562412;0,47007668;-0,2175929;-2,043547;0,0;135
4655;0,9748763;-0,64924634;2,5523038;0,9957818;1,0;140
4656;-0,0400039;0,21771595;-0,4417442;-1,8811655;1,0;140
4657;-0,23326786;-0,59059453;0,51653266;1,4588861;0,0;120
4658;-0,04263085;0,11091558;-0,9374218;-0,5139525;0,0;120
4659;-0,34668654;-1,6379079;1,2982401;1,8093852;0,0;120
4660;0,91266125;-0,5141797;2,1918435;0,19568896;1,0;130
4661;-1,1995745;0,40181428;-3,662135;0,93069565;0,0;100
4662;-0,11981403;0,150654;-0,82597566;-1,2740109;0,0;130
4663;-0,1614841;-0,91971135;0,37817302;0,8530344;0,0;120
4664;-0,32819507;-0,33472013;-0,5767597;0,6474309;1,0;120
4665;-0,5471975;-0,13925706;-0,47357345;0,05089028;0,0;120
4666;-0,13015085;-1,8706446;1,4289129;3,0816214;1,0;110
4667;-0,08664188;-0,03184613;-0,7463347;-0,8110992;1,0;120
4668;1,1825575;-0,57463264;2,453859;0,66549146;1,0;130
4669;-0,23516195;-0,4586239;0,6045649;0,44742104;1,0;140
4670;0,7389221;-0,53091526;1,5023829;0,6199018;1,0;130
4671;-0,17473559;-0,6262492;0,2787854;1,0795662;0,0;120
4672;0,55160993;-0,17977893;0,936569;-1,0409839;0,0;130
4673;0,36228114;-0,4417538;0,74442786;1,2544839;0,0;120
4674;-0,033822387;-1,5093255;1,1361724;2,1540956;0,0;120
4675;0,32763797;-0,1670418;0,23340057;-0,1662359;0,0;130
4676;-0,74401015;0,4775427;-3,3643093;-0,57549965;0,0;99
4677;-0,1207357;0,045792636;-1,4340098;-1,0786858;0,0;120
4678;-0,6842151;-0,43288386;-0,8845445;0,95845866;1,0;120
4679;0,08610277;-0,4954039;-1,0026469;0,7928262;1,0;110
4680;-0,6311837;-0,26134884;-2,2032363;-0,5835177;0,0;120
4681;0,54587317;-0,16091603;1,2169058;-0,6260879;0,0;130
4682;-0,06728376;-0,40697545;-0,10941368;0,5478977;1,0;110
4683;0,49956873;-1,1043211;-1,0728703;2,7767355;0,0;90
4684;-0,27811307;0,35870665;-1,802879;-1,6248136;0,0;120
4685;-0,46506637;-0,17379731;-1,0772686;-0,1101026;0,0;120
4686;-0,4438249;-0,2699712;-0,9292406;0,2679968;1,0;120
4687;0,2567928;0,22350484;0,6450207;-1,4134077;1,0;160
4688;-0,48002043;-0,12883064;-0,43624103;0,1543379;1,0;120
4689;-0,42858022;-0,15899849;-0,5868156;0,12636685;1,0;120
4690;-0,17714927;-0,47184014;0,873791;1,3024793;0,0;120
4691;-0,52850527;-0,9775823;1,4168814;0,45665857;1,0;140
4692;0,04819529;-0,44611096;-1,0391203;0,874974;0,0;110
4693;0,29046398;-0,08615146;1,0608364;0,3581599;1,0;130
4694;-0,743031;0,30871952;-2,3396516;1,4388771;0,0;100
4695;-0,19688337;-0,0031313822;-0,9420508;-0,7536324;0,0;130
4696;0,10128377;-0,5212717;-2,491821;1,7300026;0,0;90
4697;1,1049877;1,0419836;1,9962552;-2,2314832;1,0;160
4698;0,38137844;-0,4446441;0,009133603;-0,093965344;0,0;125
4699;-0,12703274;0,043135144;-0,7305442;-0,7712332;0,0;120
4700;-0,18065928;-0,22785796;-1,1625369;1,1671991;0,0;110
4701;1,581902;0,63261753;2,2985106;-0,93442976;1,0;160
4702;-0,7180968;-0,22542344;-1,368625;-0,24348609;0,0;120
4703;-0,13239352;-0,348045;-0,20203736;0,13856296;1,0;120
4704;0,72966486;-0,2043196;2,228376;-0,6671933;1,0;140
4705;-0,8943405;0,49220014;-3,4909108;0,6777816;0,0;90
4706;-0,031163119;0,19333994;-0,21066001;-1,619515;0,0;120
4707;-0,12037326;-0,45970064;0,12761569;0,4069757;0,0;120
4708;-0,25341117;-0,6039738;0,4565887;1,5502565;0,0;120
4709;0,9822122;0,06768511;2,3247132;0,48580417;1,0;140
4710;-0,8039231;-0,6479247;0,25786746;0,9984462;0,0;130
4711;-0,17239498;-0,89088273;0,76047146;0,8404368;1,0;140
4712;0,47012803;0,5240499;0,31380582;-0,7078196;1,0;140
4713;0,06773414;-0,41992635;-1,456472;0,52486086;1,0;100
4714;0,5040042;-0,31873828;0,4234129;-0,9785614;1,0;130
4715;-0,001391653;-0,9402133;-0,010893717;1,0551081;0,0;120
4716;-0,15408926;0,09909363;-1,0083656;-0,788175;0,0;120
4717;2,3306894;0,37945318;4,392683;-0,3132582;1,0;160
4718;-0,17199422;-0,30441183;0,7747446;1,089095;1,0;120
4719;0,32308027;-0,19318677;0,54802155;-0,04530234;0,0;120
4720;-0,56897914;-0,9995919;0,8551537;0,8517966;0,0;130
4721;0,47725463;-0,4368165;0,3733616;-0,31334218;1,0;130
4722;-0,6013984;-0,27188128;-0,9126839;0,86917603;0,0;110
4723;0,59484124;-0,16710882;1,0985368;-1,7207806;1,0;140
4724;0,23235868;-0,8653258;-0,72583807;1,2218311;0,0;110
4725;-0,19362709;0,27852666;-0,7386254;-1,6153615;1,0;140
4726;-0,09861959;-0,76512665;0,13419396;-0,036223028;0,0;122
4727;1,3318425;-0,3593647;2,7089007;0,7625917;1,0;140
4728;-0,07279147;0,27574393;-0,57670844;-1,4110969;1,0;130
4729;0,75636226;-0,64673555;1,3176851;0,33084354;1,0;120
4730;0,069425456;0,33718264;-0,029664136;-1,8550181;1,0;150
4731;-0,66726863;-0,45024037;-0,35855764;-0,15789527;1,0;140
4732;1,1333998;-0,09603624;1,8629612;0,2765703;1,0;140
4733;-0,44446263;0,14237347;-1,674488;-0,4111224;0,0;120
4734;-0,11357353;-1,3102406;1,1629167;0,8867388;0,0;130
4735;0,9837673;0,35193294;1,9990362;0,1344126;1,0;150
4736;-0,3357228;-0,24955563;-1,0692257;-0,061106935;1,0;120
4737;0,66776246;-0,697033;1,109419;0,37180242;1,0;120
4738;0,04483635;-1,5542058;1,1804566;1,7708962;1,0;130
4739;-0,3768945;-0,16259477;-0,8510264;0,26714617;0,0;110
4740;-0,25333235;0,35480392;-0,9785309;-2,112861;1,0;120
4741;0,50264525;-0,2078719;1,1524907;-0,4072403;1,0;140
4742;0,25301343;-0,6574569;-1,56999;0,7563027;0,0;90
4743;1,6708683;0,77674687;2,9217744;-0,68087566;1,0;160
4744;-0,21376969;0,12252028;-1,3248007;-1,3599286;1,0;120
4745;0,11239899;0,2971053;0,82093656;-1,7086178;1,0;140
4746;-0,5792044;-0,4085626;-0,8585845;1,101027;0,0;120
4747;0,32171094;0,3163699;0,16942017;-0,7509806;1,0;130
4748;-0,8569091;-0,65474796;0,028191444;-0,12841427;1,0;140
4749;-0,6679641;0,11012372;-1,6788315;1,5125804;0,0;100
4750;-0,57526517;-0,2286187;-0,90019786;0,39498544;0,0;120
4751;0,2605413;0,18049817;0,533849;-1,2871232;1,0;140
4752;0,95631415;0,12176246;1,940623;0,25646773;1,0;140
4753;0,7114177;1,0169965;1,7887515;-2,686102;0,0;168
4754;-0,15242754;0,08999785;-0,85998595;-0,6566862;1,0;120
4755;0,015881285;0,21331948;-0,8703401;-0,8804859;1,0;130
4756;-0,6710363;-1,4040667;1,8431021;0,8620039;1,0;140
4757;1,0725644;0,15036297;1,6543467;-1,3725169;1,0;160
4758;-0,5237305;-0,23939745;-0,5469991;0,6307845;0,0;120
4759;-0,102071516;0,05371341;-0,7055654;-0,9704251;0,0;120
4760;0,82982904;-0,14773472;2,5927382;-0,70988107;1,0;150
4761;-0,56134135;-0,37923288;-0,40516663;0,41433692;1,0;150
4762;-0,3588942;-0,112516;-0,68446946;-0,28564608;1,0;120
4763;-0,26917005;-0,4483301;0,36183792;1,69659;1,0;120
4764;-0,24704307;-0,20874245;-0,8167752;-0,18205477;1,0;120
4765;-0,35694763;-0,09031092;-1,6478655;-0,9955815;0,0;120
4766;0,8043442;0,8573587;1,8420033;-0,5865072;1,0;150
4767;1,673395;0,6404717;2,712381;-1,267579;1,0;160
4768;-0,24225046;-0,6655232;0,40244865;0,5067109;0,0;120
4769;-0,4088064;-0,12405735;-1,1828926;-0,48528257;0,0;120
4770;0,29988533;-0,1324745;0,7766769;0,54970384;0,0;120
4771;-0,6950368;0,03581625;-1,329151;1,76947;0,0;110
4772;0,7424623;-0,38308358;1,7534608;-0,8445643;1,0;150
4773;-0,59869087;-0,30916095;-0,87420034;0,62874746;1,0;120
4774;-0,7632788;0,10473627;-2,6316035;0,7264863;0,0;110
4775;-0,37925333;0,17485675;-2,042635;-0,5137969;1,0;110
4776;0,83629125;0,6157804;1,4654175;-1,3201933;1,0;160
4777;-0,18861783;0,21356577;-0,7665194;-1,086601;1,0;120
4778;-0,5179908;-0,29448324;-0,36734247;0,9835272;1,0;120
4779;-0,28084207;-0,10518357;-1,0449249;-0,6121081;1,0;120
4780;0,040891115;0,13676387;-0,17103443;-1,2832396;1,0;140
4781;0,08586924;0,20424865;-0,6377382;-2,0077004;1,0;130
4782;-0,53109145;0,08008121;-2,780323;-0,7928859;0,0;100
4783;0,5937992;-0,1871308;1,2328386;-1,3423095;1,0;135
4784;-0,55811924;-0,14618868;-1,136331;-0,43203744;1,0;120
4785;-0,21937883;-0,61049366;-0,8378682;1,8152006;0,0;110
4786;-0,091819055;0,35948026;-0,09029317;-1,3537877;0,0;130
4787;0,19991115;0,23864724;0,18177722;-0,7726717;1,0;127
4788;-0,41479838;-0,273053;-0,38671008;0,5983342;0,0;120
4789;-0,13744313;-0,63397896;-0,22409853;0,7421459;0,0;120
4790;-0,3742985;-0,16226242;-0,6592766;0,018160671;1,0;120
4791;-0,69258016;0,13859177;-1,3734869;1,759022;0,0;100
4792;0,93269604;0,15634385;1,665895;0,019303247;1,0;140
4793;0,12943812;0,12732983;-0,052473545;-1,3544033;1,0;130
4794;0,33416647;0,553412;0,435998;-1,1332941;0,0;140
4795;0,09574383;-0,63186806;-0,2369842;1,5839264;0,0;110
4796;0,48338556;0,5026516;0,9155002;-1,3362418;1,0;150
4797;-0,14956078;-0,08613973;-0,8041911;-0,40639842;1,0;110
4798;-0,35634038;-0,1453506;-0,80423486;-0,3190899;1,0;120
4799;3,044862;0,38490158;5,9988346;-0,109895825;1,0;160
4800;0,21666862;-1,2748446;0,78336346;1,4103718;1,0;120
4801;0,44838694;-0,3944415;-0,29324543;-1,495964;1,0;120
4802;-0,2786794;-0,50540024;0,0049093813;1,3597033;0,0;120
4803;2,239285;0,937456;3,0805037;-2,783658;1,0;180
4804;-0,17588064;-0,4843666;0,030107278;0,8076675;1,0;120
4805;-0,25947174;-1,5505967;1,0634587;1,7151384;0,0;120
4806;1,4735073;-0,43588257;3,0928164;1,0856829;1,0;140
4807;-0,43239206;-0,30159026;-1,5793415;0,814404;0,0;120
4808;1,8653973;0,530712;3,3729959;-0,84298515;1,0;160
4809;0,18289293;-0,3992054;-0,25850496;-0,048892457;0,0;100
4810;0,053834375;0,329619;0,6188729;-1,6324425;1,0;130
4811;0,34082383;0,509183;-0,2533472;-1,546658;0,0;140
4812;0,68287235;-0,0026509352;1,231909;-0,02104786;1,0;130
4813;0,6183833;-0,08860168;1,0131065;-1,0367761;0,0;140
4814;1,8483276;0,08875765;3,8011072;0,091931;1,0;150
4815;1,163003;-0,5176756;2,5994287;0,83921576;1,0;130
4816;-0,1683941;0,054704003;-0,95323014;-1,3036466;1,0;120
4817;-0,28185204;-0,05897344;-1,1600435;-0,30319813;1,0;110
4818;-0,42235383;-0,12009494;-0,9645864;-0,30531704;0,0;120
4819;2,272062;0,9738692;3,853923;-2,5201387;1,0;180
4820;0,74868065;0,17299455;0,6504326;-0,05854419;0,0;130
4821;-0,35943618;-0,16145384;-0,76215565;-0,21549605;0,0;120
4822;-0,70931625;-0,30637193;-0,77791107;0,79004884;0,0;120
4823;-0,51051825;-0,3412426;-0,3521011;1,065891;0,0;120
4824;0,96760166;0,34111834;1,9916184;-0,08429109;1,0;170
4825;-0,16631429;0,09130613;-0,934191;-0,91848767;1,0;120
4826;-0,021734014;0,14286858;-0,5192633;-0,32046118;1,0;120
4827;3,0200443;2,2936423;2,790964;-2,9579682;0,0;220
4828;0,59806454;-0,19449754;0,5376191;-0,12847058;0,0;120
4829;0,091562316;-0,42071825;-0,99799514;0,7953141;0,0;120
4830;-0,1333593;0,05760937;-1,4986289;-1,0905335;1,0;120
4831;-0,0703271;0,071124226;-0,5561228;-0,33901173;1,0;120
4832;0,74743724;-0,65543294;1,4290408;1,4159014;0,0;110
4833;-0,46994948;-0,07525057;-1,4129103;-0,78947663;0,0;120
4834;-0,103956066;-0,29760224;-0,41017374;0,32711264;0,0;130
4835;1,6132414;1,2899237;2,2390761;-0,6896286;1,0;170
4836;-0,20525143;0,1454222;-1,095274;-0,9425175;0,0;120
4837;1,9033971;0,40891194;3,2511091;0,42804095;1,0;160
4838;-0,9874011;-1,7653542;2,5012;0,92413366;1,0;140
4839;-0,0652017;-0,4489435;-0,79965925;1,3499527;0,0;110
4840;0,85587025;0,41283864;2,5526302;1,0790396;1,0;140
4841;0,64879847;0,7651023;0,5542828;-1,7286094;1,0;150
4842;0,5811881;-0,11616157;1,1667877;-0,38332242;1,0;130
4843;-0,87687343;-0,67168224;-0,10500504;-0,21894966;0,0;140
4844;0,83068895;-0,7589307;1,5864335;1,2741092;0,0;120
4845;-0,60322535;0,034325276;-1,2108427;0,5420109;0,0;120
4846;0,7497377;-0,10125254;1,0648018;-1,0388547;1,0;140
4847;0,4013649;-0,46800572;0,14646752;-0,104448535;0,0;120
4848;-0,38611624;-0,22091348;-1,4054729;-0,35717744;1,0;120
4849;-0,5467986;0,31868005;-1,1465176;-0,26035187;0,0;105
4850;-0,38749015;-0,2743175;-0,37111598;0,7146574;1,0;120
4851;-0,6669921;-0,46900207;-1,7599814;-0,10393835;0,0;130
4852;0,36277822;0,2842424;-0,0320533;-0,26337117;1,0;140
4853;-0,1125438;-0,06613623;-0,36129314;-0,06122206;0,0;120
4854;-0,026157845;0,41240227;-0,029778756;-2,3612568;1,0;130
4855;0,06302858;0,063301235;-0,42708635;-1,12592;1,0;120
4856;-0,62852883;0,5141094;-2,399623;-1,504251;1,0;110
4857;0,61125374;-0,6151559;0,8659731;0,6363853;1,0;120
4858;0,16161217;-0,73935807;-1,3234382;1,6273761;0,0;100
4859;-0,83376306;0,22285894;-2,2790313;1,3654513;0,0;120
4860;-0,40446186;-0,18814248;-1,085722;-0,13546872;0,0;120
4861;-0,20596147;-1,2028569;1,3345844;0,963421;0,0;130
4862;-0,018399356;0,37193483;-0,20789388;-1,5995579;0,0;130
4863;-0,4866025;-0,36043996;-1,601084;0,24008918;0,0;120
4864;-0,40216544;-0,18804845;-1,0111084;-0,0862929;0,0;120
4865;1,7181839;1,9520434;2,829752;-3,6530209;1,0;190
4866;2,7375379;0,41986418;5,1041937;0,4288249;0,0;160
4867;-0,48118082;-0,9227635;0,72510695;0,8907528;1,0;140
4868;0,48829332;-0,06951161;1,4466504;1,0784248;1,0;130
4869;-0,49978283;0,26401532;-2,1318343;-0,92337537;0,0;120
4870;-0,4470872;-0,23674811;-0,82305765;0,31750917;0,0;120
4871;-1,1133814;0,4979359;-3,5368552;1,5389724;0,0;90
4872;-0,5838744;-0,39156264;-1,2561171;0,7517781;1,0;120
4873;0,49203998;0,8957239;1,8151394;-2,5777476;1,0;150
4874;-0,4295038;-0,15660352;-1,015151;-0,35825238;1,0;120
4875;0,566905;-0,16768199;1,3221182;-0,92108285;1,0;130
4876;0,6501278;0,003438674;1,344512;-1,2905288;1,0;150
4877;-0,6086255;-0,022466596;-1,8772777;-0,6715642;0,0;110
4878;-0,7492749;-0,5508405;-1,5164503;0,17167215;0,0;130
4879;-0,5376;-0,29613322;-1,9526031;0,6729835;0,0;120
4880;-0,99718475;0,3987381;-3,1046488;1,4265542;0,0;100
4881;-0,121440776;-0,10575986;-1,170465;-0,5505239;0,0;110
4882;2,3372874;1,1840528;3,957977;-1,3192871;1,0;180
4883;0,3802372;-0,17088117;0,98614705;-0,015280593;1,0;130
4884;-0,22310251;-0,7606249;0,09457518;1,1625957;0,0;120
4885;-0,25114867;0,5566214;-1,2586718;-1,9852304;1,0;130
4886;0,50185764;0,43267375;0,37528002;-0,2684176;0,0;130
4887;0,43428788;-1,0893924;0,10903378;1,7354884;0,0;110
4888;-0,22208522;-0,45649028;-0,5635162;1,9319099;0,0;110
4889;1,3446164;1,1506358;1,8035117;-1,5508639;1,0;180
4890;0,8242515;-0,9188627;1,4002178;1,2068771;0,0;120
4891;1,4098477;-0,23273398;2,9213767;0,4270024;1,0;150
4892;1,1097744;-0,20815352;2,3676472;0,2705201;1,0;140
4893;0,10565948;-0,37969458;-0,3562919;0,22211522;1,0;120
4894;0,52433753;0,7316087;1,3648763;-1,2952213;1,0;160
4895;0,3053603;-0,37433177;-0,26387483;-0,30540866;1,0;120
4896;0,96077585;-0,14173473;1,288069;0,15744165;1,0;130
4897;-0,42487067;-0,106561914;-1,2336574;-0,56512094;0,0;120
4898;0,5113923;0,39597756;0,9304599;-0,5636929;1,0;140
4899;-0,34559536;-0,14272715;-0,74067175;-0,21738064;1,0;120
4900;0,85601014;-0,5122344;2,0940208;-0,021127246;1,0;140
4901;-0,3548969;-0,1038741;-0,49770272;-0,23352519;0,0;120
4902;-0,1652723;0,18973967;-0,5862713;-0,7777872;1,0;120
4903;-0,6107225;-0,21586211;-1,1819968;0,16229121;0,0;120
4904;-0,1427768;0,031569697;-1,1161362;-1,0247695;0,0;120
4905;0,5404567;0,11610734;2,7283008;1,219033;1,0;150
4906;-0,51423305;-0,06993159;-1,2783271;-0,7928518;0,0;120
4907;0,89347136;-0,71968335;1,9535962;0,62045145;1,0;130
4908;0,66707164;-0,15937497;1,613489;-1,810195;1,0;150
4909;-0,55200195;-3,0180879;3,1219776;4,333829;1,0;120
4910;-0,5849123;-0,23577954;-1,7970802;-0,35004562;1,0;120
4911;-0,5214172;-0,20057394;-1,4211186;-0,27578056;0,0;120
4912;-0,18942457;0,12772548;-0,91401243;-0,8868749;1,0;120
4913;0,9672545;-0,8023196;2,3115776;0,8255441;0,0;130
4914;-0,5737699;0,23119691;-2,1605763;0,89106905;1,0;90
4915;-0,37560475;-0,12566617;-0,7112597;-0,22173251;0,0;120
4916;1,1302387;-0,0028681122;1,924291;-0,37722367;1,0;150
4917;0,5295523;0,19362181;1,318288;0,4262217;0,0;140
4918;0,27574834;-0,3127796;-0,12696432;-0,045092076;0,0;120
4919;1,1530054;-0,12456334;2,4764595;-0,2702548;1,0;150
4920;-0,45711052;-0,17929265;-0,55889;0,2729129;0,0;120
4921;0,3999471;0,3775093;-0,15322389;-0,76806366;1,0;130
4922;0,9688082;0,96301574;0,9356158;-1,7497432;1,0;160
4923;-0,40600368;-0,23337413;-0,6738449;0,21337348;0,0;120
4924;0,9985815;-0,4533561;2,9274802;-0,6026163;1,0;150
4925;0,1912993;-2,3770955;3,2962356;2,8062022;1,0;140
4926;0,32330662;-0,76651734;-0,9017794;2,3510158;0,0;100
4927;-0,072425604;0,082256526;-0,7928318;-0,49815175;0,0;120
4928;0,21870342;-0,28813428;-0,30530077;-0,23191622;1,0;120
4929;-0,9847214;0,43089575;-3,5208054;1,6131546;0,0;95
4930;1,2116678;-0,61756647;2,7930806;0,748979;1,0;150
4931;1,22815;0,93093723;1,3936242;-1,4349279;1,0;160
4932;-0,67405486;0,47594333;-2,1158056;-0,8612683;0,0;110
4933;-0,4035629;-0,317236;-0,9531282;0,51919687;1,0;120
4934;0,031387445;-0,87134665;0,56072986;0,32291943;0,0;130
4935;-0,5312754;-0,3084417;-1,5008816;0,28322127;0,0;120
4936;-0,57097346;-0,21967874;-0,852957;0,28373685;0,0;120
4937;0,6720313;0,5389247;1,3248742;-1,1146364;1,0;140
4938;-0,33120844;-0,22626851;-2,0825293;0,5673642;0,0;110
4939;-0,56871325;-0,3403325;-0,36404288;0,4746745;1,0;130
4940;-0,7495568;-1,8923125;2,2952502;1,302645;1,0;140
4941;-0,4222026;-0,11278492;-1,2258884;-0,6390251;0,0;120
4942;-0,537051;-0,23211296;-1,2480052;-0,007062614;1,0;120
4943;0,16093756;-0,18977675;-0,07303624;-0,008131675;0,0;120
4944;-0,32638022;-0,15949428;-0,6254238;-0,0759278;0,0;120
4945;-0,7700947;0,14663702;-2,159862;0,2735445;1,0;110
4946;0,03921275;-0,4217757;-1,460513;0,93479073;1,0;120
4947;0,3533204;0,6622818;0,9318774;-2,0513709;1,0;160
4948;-0,5449154;-0,47035497;-0,14387955;1,124669;0,0;130
4949;0,7276876;0,008468978;1,5439134;-0,45507118;1,0;140
4950;-0,36326924;-0,16560109;-1,6961598;-0,7694123;0,0;120
4951;-0,572;-0,32200903;-0,6089525;1,3998857;0,0;120
4952;-0,07068504;0,098596975;-0,7064363;-0,9522723;1,0;120
4953;-0,672656;-0,48985112;-0,25408497;1,8105549;0,0;120
4954;-0,7959839;-0,57493615;0,58897614;-0,022494197;1,0;140
4955;-0,07596177;0,13392399;-0,94511914;-1,6942658;1,0;130
4956;0,39625823;0,32797062;0,5969305;-0,99056363;1,0;140
4957;-0,17621076;-0,3754127;1,0625001;1,3220878;0,0;120
4958;-0,5538464;-0,38065457;0,2279951;0,52206266;0,0;120
4959;-0,0570544;-0,61453104;-0,2733919;0,3364129;0,0;120
4960;-0,3891858;-0,23191951;-0,08117676;0,092031226;0,0;130
4961;-0,44304514;-0,22814693;-0,8185986;0,08734918;1,0;120
4962;0,14482464;-0,98250943;0,47243348;0,88629484;1,0;120
4963;-0,19787045;0,1314965;-0,93659484;-1,0552931;0,0;120
4964;-0,018522609;0,32711965;-0,44171667;-1,461768;1,0;140
4965;0,38985083;0,45131004;0,4825407;-1,0134981;1,0;140
4966;0,6517913;-0,326756;0,8408269;0,44329146;0,0;130
4967;-0,46075323;-0,109888196;-0,86991584;-0,22062568;0,0;120
4968;0,54240525;0,044329204;1,7079979;0,716094;1,0;140
4969;0,2032623;-0,29483306;-0,29618925;-0,6346854;1,0;120
4970;-0,6906547;0,2453703;-2,0978475;0,6361362;0,0;100
4971;0,6712624;0,7300645;0,50289834;-1,0068799;1,0;160
4972;-0,79458165;-1,071483;1,5103444;1,4044347;1,0;140
4973;-0,41703704;-0,26713115;-0,022658266;0,37949392;0,0;130
4974;-0,79709333;0,41936928;-2,3856156;0,69898033;0,0;100
4975;-0,035092477;-0,43462503;-0,32939714;0,16180663;0,0;130
4976;-0,54082495;-0,37003297;-0,86078393;0,92293143;0,0;120
4977;0,43445733;-0,27734023;0,08232189;-0,7712221;1,0;130
4978;-1,1123104;-0,62653846;0,5059335;0,0015527606;1,0;140
4979;-0,45585868;-0,3771705;-1,9948704;1,5024202;0,0;110
4980;-0,62260085;-1,0239313;1,4007109;1,4821675;0,0;130
4981;-0,22181983;-0,49925137;0,13742782;0,69658947;1,0;130
4982;-0,6581141;-0,42357594;-0,65810585;1,0027995;1,0;123
4983;-0,37923035;-0,25495267;-1,1698064;1,1530269;0,0;110
4984;-0,4874577;-0,3001302;-0,6956173;0,11838244;1,0;130
4985;0,034347326;-0,34377813;0,065726824;0,45340553;0,0;120
4986;0,29222354;0,27586123;0,15674938;-0,83342385;0,0;130
4987;2,7769682;2,2050061;3,5129087;-2,927994;1,0;180
4988;-0,23777078;0,27807987;-1,0122083;-1,669514;1,0;120
4989;-0,23496377;0,38688082;-0,59480774;-1,6865709;1,0;130
4990;-0,18184051;0,13682173;-1,6107695;-1,8236674;0,0;120
4991;0,46854222;-0,16019753;0,8979182;-0,84642124;1,0;140
4992;-0,06215009;-0,70643353;-0,083699554;0,3270211;1,0;120
4993;-0,10965082;-0,45370913;0,5474802;0,5674883;0,0;120
4994;-0,71470296;-0,6206699;0,9106405;0,15861933;1,0;140
4995;1,2266399;0,3407802;2,5154235;-1,0868949;0,0;180
4996;-0,13714105;0,37886804;-0,1700626;-1,369608;0,0;130
4997;-0,6285856;-0,24400447;-1,5157366;-0,062013872;0,0;120
4998;-0,1001027;-0,46317267;-0,22292784;0,10607578;0,0;120
4999;2,3832035;1,0875885;3,2918255;-3,0119162;0,0;170
5000;0,29889634;-0,6855756;-0,45994687;0,85169315;0,0;110
5001;-0,2700776;-1,3143307;0,07786175;1,7977834;0,0;120
5002;-0,46716523;-0,26610547;-1,2240257;0,074558154;0,0;120
5003;0,117483094;0,23449463;-0,3533172;-2,6479075;1,0;140
5004;-0,2709992;0,3573169;-1,8310804;-1,568672;0,0;120
5005;-0,5554738;-0,29386276;-0,96221495;0,60721934;0,0;120
5006;-0,021310935;-0,6422865;-0,2648308;0,40232003;0,0;110
5007;0,54806787;0,5698405;1,0871369;-2,05575;0,0;160
5008;-0,41871732;-0,8634227;1,0425727;1,0961552;1,0;130
5009;-0,32339895;-2,6369696;3,6953223;3,049034;0,0;140
5010;-0,58886176;-0,56949353;-0,6550281;1,893086;0,0;120
5011;-0,57781434;-0,5168844;-0,7224822;1,4289411;1,0;120
5012;0,25508177;0,31976914;0,35234255;-2,1791651;1,0;150
5013;0,1865332;-0,25475842;0,12789054;0,31856868;0,0;110
5014;-0,5077505;-0,2160324;-1,0565591;0,020769715;0,0;120
5015;0,78423864;0,0142654795;1,0575768;-0,71635365;1,0;140
5016;0,33476734;-0,39210975;-0,03386192;-0,43935722;0,0;120
5017;-0,35617772;-0,16952395;-1,7147237;0,18609177;1,0;120
5018;0,40604067;-0,9526647;0,50208575;1,3684871;0,0;120
5019;-0,46500722;-0,09357609;-0,99636483;-0,37588358;0,0;120
5020;-0,981584;0,10944225;-2,5998611;-0,08113183;0,0;110
5021;-0,56827945;-0,23292117;-1,4202191;-0,07189486;0,0;120
5022;0,8683741;0,020390231;1,5811677;0,45557866;1,0;130
5023;0,5821569;0,025426015;1,349923;-0,01875095;0,0;130
5024;0,061483383;0,31952614;0,52893645;-1,2985733;1,0;130
5025;-0,33149585;-0,1883845;-0,51319945;0,04347177;1,0;120
5026;-0,51146936;-1,0000591;1,2023718;1,063864;1,0;130
5027;-0,31668973;-0,2633906;-0,36946172;0,46051344;0,0;120
5028;0,8648337;-0,6015718;1,9032993;0,78485143;0,0;128
5029;0,44976345;-0,18999861;0,48038706;-1,0291373;1,0;140
5030;0,8347841;0,20052713;1,3884492;-0,02679825;1,0;140
5031;-0,7804917;0,29308373;-2,3337138;1,8002707;0,0;100
5032;-0,22910409;0,18303567;-0,9732381;-1,1524277;1,0;120
5033;-0,23045105;-0,24374865;-0,42667824;0,22079152;1,0;120
5034;-0,16700862;-0,653417;0,7859043;0,8700758;0,0;130
5035;-0,14307348;-0,5103579;0,49132147;0,875666;0,0;120
5036;0,3631273;-0,1825604;0,6197007;-0,40917614;1,0;130
5037;-0,15954114;0,08408621;-0,9385723;-1,4197658;0,0;120
5038;-0,7461618;-0,26116586;-1,3885678;0,0049055293;0,0;120
5039;-0,46684983;0,16835439;-1,4946643;-0,31379995;0,0;120
5040;2,2331054;0,988684;3,0911295;-2,5474913;0,0;180
5041;-0,9535656;0,4873727;-2,7362196;1,3136206;0,0;90
5042;0,29525223;-0,33413583;-0,057858318;-0,3488751;1,0;120
5043;0,7783158;-0,3495468;1,8406905;-0,47938922;0,0;135
5044;0,39875394;0,27305284;0,7956238;-0,84052896;1,0;140
5045;-0,57082033;-0,2416962;-1,3145416;0,16010639;0,0;120
5046;-0,15968826;-0,17554912;-0,75442815;-0,021987572;1,0;110
5047;0,1871501;-0,09946221;0,33622888;0,51533854;0,0;120
5048;0,62653714;0,10881232;0,9270928;0,46778205;1,0;140
5049;-0,45998797;-0,24846612;-1,0431409;0,92290485;0,0;115
5050;-0,8191174;0,4611057;-3,4946544;0,35183862;0,0;90
5051;-0,72626865;-0,09500499;-1,6839106;-0,37862915;0,0;110
5052;-0,9192188;0,7980886;-2,8879921;-0,7165432;0,0;100
5053;0,69574255;-0,70703435;1,1209375;0,8125906;0,0;120
5054;-0,13203083;0,333808;-0,40748847;-1,2742302;0,0;130
5055;0,21274264;-0,79930216;-1,2520524;1,5058714;0,0;100
5056;-0,41988748;-0,1620541;-0,8696443;0,014083572;1,0;120
5057;1,0518985;0,2712482;2,2309484;-0,42565948;0,0;140
5058;-0,48556617;0,19530211;-1,4373956;0,70113814;0,0;120
5059;-0,62272817;0,13778356;-1,542384;0,678408;1,0;110
5060;0,24040008;-0,30564052;-0,18292522;-0,6232461;1,0;120
5061;3,1382031;0,9664259;5,4238167;1,6068668;1,0;180
5062;-0,4332987;0,22301836;-1,180124;-0,38670412;0,0;120
5063;-0,02927816;0,05984529;-1,0531785;-1,518846;0,0;130
5064;0,022292674;0,42586696;0,30878282;-1,9058969;1,0;140
5065;-0,6632552;-0,32057166;-1,1732239;0,5465635;0,0;120
5066;-0,0095809065;0,110183805;-0,32776985;-0,121080615;1,0;120
5067;-0,43501502;-0,07732716;-0,93541086;-0,4972268;1,0;120
5068;0,4666377;-0,17053889;0,7100578;-0,6951574;1,0;140
5069;0,39254624;-0,08956586;1,3543361;0,18253566;1,0;130
5070;0,37291703;-0,023693554;1,2074343;-0,2500423;0,0;130
5071;-0,30222613;-1,8318526;1,6437641;2,1108625;0,0;120
5072;-0,57513297;0,41155636;-1,3730623;-0,473523;0,0;110
5073;0,424648;-1,1227195;-0,21584058;2,2703574;0,0;120
5074;-0,403572;-0,5568283;1,8745208;2,4496465;0,0;130
5075;-0,28185654;-1,4414122;0,049513657;2,2298176;0,0;110
5076;-0,41241023;-0,044276357;-1,0971766;-0,7858877;0,0;120
5077;-0,4996821;-0,326383;-0,7789273;1,4169223;0,0;110
5078;-0,41597828;-0,10932051;-0,6468462;-0,31102204;0,0;120
5079;-0,69312227;-0,9252525;1,2158175;0,8529031;1,0;140
5080;0,14616783;0,20203714;0,120459124;-1,334571;1,0;130
5081;-0,64193124;0,048627496;-1,644152;0,31735107;0,0;120
5082;0,43028715;0,5587235;0,6581768;-2,3140333;1,0;160
5083;0,52790433;-0,34302503;0,54571503;-0,6025615;1,0;130
5084;0,10241906;0,23668076;-0,14510444;-1,5289042;0,0;130
5085;0,71744484;0,06452437;1,4419178;-0,4774737;1,0;140
5086;-0,14056282;0,16666695;-1,4739038;-1,6168492;0,0;130
5087;0,14533815;0,08600766;0,0039461926;-0,7797015;1,0;130
5088;-0,49629882;-0,15289062;-1,0972027;-0,24156493;0,0;120
5089;0,39314973;-2,6015928;3,4228764;2,6477952;1,0;120
5090;-0,014136815;-0,6498622;-0,5602722;0,425787;1,0;110
5091;-0,109844945;-0,69915754;-0,29994932;0,68529844;0,0;130
5092;-0,38383526;-0,1691213;-0,9084561;0,39753187;0,0;110
5093;-0,09312703;-0,54600525;-0,011744931;0,3435487;0,0;120
5094;-0,4109012;-0,13750166;-1,4988266;-0,18219465;1,0;110
5095;0,05835493;-0,45198375;-0,61103845;1,976543;1,0;120
5096;-0,70204043;-0,10354146;-1,6398534;-1,2833142;0,0;120
5097;-0,60201675;-0,2557878;-1,7791868;-0,1171582;1,0;120
5098;0,7761421;-0,8789168;1,4362718;1,3096219;1,0;100
5099;-0,40589732;-0,22591184;-0,644014;0,34091878;0,0;120
5100;-0,8733001;0,78958064;-3,3098638;-1,1132662;0,0;100
5101;-0,4862435;-0,22299151;-0,67217815;-0,70904744;0,0;140
5102;-0,08043401;-2,0384688;2,7764444;2,0961356;1,0;130
5103;1,4862206;-0,9866925;4,8530617;0,7533591;1,0;150
5104;-0,019823816;0,052873135;-0,21758565;-0,69381166;1,0;120
5105;-0,5230441;-0,25974518;-0,88824546;0,4739773;0,0;120
5106;-0,44769746;-0,258604;0,24311186;0,12162855;0,0;120
5107;-0,4186857;-0,19859242;-0,6152414;0,08137198;0,0;120
5108;0,8832846;0,09395195;1,1575261;-0,33483395;0,0;140
5109;-0,4357431;-0,010034826;-1,0249969;0,047753252;0,0;115
5110;-0,44649896;-0,23409407;-0,8520224;0,16045943;0,0;120
5111;0,7832624;0,87737864;1,4224621;-1,6193554;1,0;170
5112;-0,095524214;0,0030516833;-0,8833877;-0,5382627;0,0;120
5113;0,7605545;0,04010258;1,9178541;-0,560369;1,0;145
5114;-0,33822086;-0,21305253;-1,1033452;-0,1255962;0,0;120
5115;0,94771045;-0,27352333;2,304492;-0,2095822;1,0;140
5116;0,37621886;-0,14075653;0,9529648;0,0955805;0,0;135
5117;-0,4527169;-0,3620562;-2,5273983;1,6806166;0,0;100
5118;-0,55539846;-0,2951743;0,0058100224;0,21800819;0,0;120
5119;-0,22684538;-0,38988602;0,904763;2,1898348;0,0;125
5120;-0,30118722;-0,20193265;-0,36425295;0,1225954;1,0;120
5121;-0,5055711;-0,21871214;-0,26989543;-0,48001763;1,0;140
5122;-0,77727664;-2,528467;3,1816888;3,0220983;1,0;140
5123;0,14640278;0,21685302;0,5340004;-1,5504463;1,0;140
5124;-0,07915756;0,052523784;-0,35570896;-0,86378896;1,0;130
5125;-0,00017133635;-1,2354238;0,3156938;1,7652225;0,0;110
5126;0,36581805;-0,21474762;0,660642;0,7411932;1,0;120
5127;1,1875266;0,4262274;1,77237;-0,9793798;1,0;180
5128;-0,6707722;-0,20901373;-0,70700145;-0,2542005;0,0;120
5129;0,66709846;0,061101943;1,5254141;0,25690988;0,0;130
5130;-0,5080583;-0,245577;-1,2184224;0,14790961;1,0;120
5131;1,5572963;-0,7364589;3,2766795;1,7608142;1,0;130
5132;1,3689895;0,50807786;2,5853603;-0,81573236;1,0;150
5133;1,2989556;0,06867734;2,4379964;-0,130111;1,0;140
5134;0,569531;0,6001558;0,4756022;-1,8139479;1,0;160
5135;1,1542429;0,022667985;2,174136;-0,869508;1,0;140
5136;0,2702221;0,37816966;-0,5021949;-1,9645836;1,0;140
5137;0,9358328;0,24259132;1,9488841;-0,2337733;0,0;150
5138;-0,6374858;0,2154375;-2,1488907;0,044420443;0,0;110
5139;0,6621016;-0,64330995;0,9570364;0,15370609;1,0;130
5140;0,27082378;-0,22758551;-0,2173948;-0,54377055;1,0;120
5141;0,9707868;0,1011716;2,247241;0,3065414;1,0;160
5142;-0,17218873;-0,6129074;-0,07790069;0,80063164;1,0;120
5143;-0,37215358;-1,2683271;0,40135705;1,8130896;0,0;120
5144;0,01129086;0,41580003;0,36120164;-2,2516353;1,0;140
5145;0,94404554;-0,02565141;2,145607;0,0925979;0,0;140
5146;0,06295576;-0,41564357;-1,0932416;0,30994803;1,0;110
5147;-0,60143584;-0,27844256;-0,57979643;0,22572276;0,0;130
5148;-0,12497654;0,08964574;-0,91974187;-1,4381664;0,0;120
5149;-0,505684;-2,4374206;2,5608113;2,769281;1,0;125
5150;1,6981481;0,7040643;2,8807578;-1,6762774;1,0;160
5151;0,8468724;0,7135488;1,173538;-0,5352714;1,0;150
5152;-0,14369653;0,14339292;-0,73659265;-0,5532061;0,0;120
5153;0,5360397;-0,25357968;0,8042979;-0,7208835;1,0;140
5154;0,41014186;-0,22187795;0,29520154;0,073321044;0,0;130
5155;-0,41771534;-0,18470213;-1,0098526;-0,07908998;0,0;120
5156;0,41112724;-0,03554684;1,3369684;0,34627149;0,0;140
5157;0,9834042;-0,6838149;1,8158607;1,1577868;0,0;130
5158;0,73550415;0,20753281;1,2137321;0,24260387;0,0;150
5159;0,07264032;0,15954408;-0,0027198792;-1,1467371;1,0;125
5160;0,4527084;-0,19870725;0,64008915;-0,9613855;1,0;140
5161;-0,38942972;-0,5462258;1,2005528;2,196714;1,0;120
5162;0,7784831;0,54580104;1,1353198;-0,6403935;0,0;140
5163;-0,5921488;-0,25660777;-0,9818567;-0,57868123;0,0;120
5164;-0,6958839;-0,962393;1,9873108;1,3127509;1,0;135
5165;1,5617024;1,4638375;1,7773448;-3,3811498;1,0;180
5166;-0,045992304;-0,0401486;-0,8048153;-0,7493979;1,0;120
5167;0,555203;1,2636118;1,0684643;-4,0042696;1,0;160
5168;-0,43954757;-0,5557603;1,9546696;1,8579469;0,0;140
5169;-0,054817114;-0,027281769;-0,48061156;-0,36421067;1,0;120
5170;-0,38383666;-0,23885407;-0,4114935;0,41721913;1,0;120
5171;-0,4208114;-0,3268345;-0,8086953;0,5683862;0,0;120
5172;0,27917635;-0,22648354;0,55825853;0,5481577;1,0;120
5173;0,64939564;0,5708173;0,4976144;-0,6655909;1,0;150
5174;1,0187832;-0,26243567;2,0338082;0,55950093;1,0;130
5175;-0,096460186;-0,6351656;0,3158568;0,6217402;0,0;120
5176;-0,44820935;-0,20376891;-1,0176399;-0,08581429;0,0;120
5177;0,7514909;0,20854932;1,7007756;0,050497174;1,0;140
5178;-0,151058;0,40239316;-0,62482035;-2,0391822;1,0;130
5179;-0,036596514;-0,641663;-0,30554068;0,4295695;0,0;110
5180;0,19447055;-0,74907714;0,21695776;0,1420361;1,0;120
5181;-0,3896782;-0,15685359;-1,2999104;-0,5451628;0,0;120
5182;0,70432884;-0,25964528;1,5900897;-1,2135212;0,0;140
5183;-0,19403642;-0,6234203;0,5275356;1,201364;0,0;120
5184;-0,3241965;-0,25011426;-1,3746543;0,6053901;1,0;120
5185;0,70760846;0,4477771;0,84374744;-0,8002415;1,0;150
5186;-0,21431854;-0,33698368;-0,43399918;2,2176795;0,0;110
5187;-0,61825097;-1,7048322;2,1993997;0,9878509;0,0;140
5188;-0,25066784;-0,5668216;1,0195087;1,1069242;1,0;130
5189;1,0058552;-0,08482753;1,5456117;0,5778661;1,0;130
5190;0,3253574;-0,93165797;-1,3200907;2,395764;0,0;90
5191;-0,41567197;-0,1546652;-0,82702243;-0,33237246;1,0;120
5192;-0,42461613;-0,21502836;-1,1418446;-0,031136995;1,0;120
5193;0,73152924;-0,66245294;1,2277632;0,8472471;0,0;120
5194;-0,2430251;-0,59368265;0,72321606;1,6312099;1,0;120
5195;-0,73918015;-0,478083;0,288325;0,103475586;1,0;130
5196;-0,19150639;0,09583199;-1,186186;-1,2302437;0,0;120
5197;-0,2899891;-0,1380665;-0,86766434;-0,42852595;0,0;120
5198;-0,045902666;0,045944683;-0,44839573;-0,62064624;1,0;120
5199;0,031864468;-0,946704;-0,018798426;0,37389043;0,0;120
5200;0,89696604;0,17506437;1,0374551;-0,027335659;1,0;140
5201;-0,37258768;0,18797968;-1,3576715;-0,6915934;0,0;120
5202;1,1515386;0,96523035;0,9876096;-2,5831242;1,0;160
5203;-0,9964764;0,7032402;-3,4756715;-0,18358955;0,0;90
5204;-0,47011143;0,07130395;-1,2472733;0,13647296;1,0;120
5205;-0,8816257;0,4509499;-3,458075;0,9993322;0,0;90
5206;-0,0028158803;-0,39525598;-1,2296417;2,9100544;1,0;100
5207;-0,026304051;-0,6918284;-0,62064135;0,44542816;0,0;110
5208;1,9074947;0,6589662;3,2908142;0,2241176;1,0;160
5209;-0,44416726;-0,1416986;-2,1304684;-1,0349584;0,0;120
5210;-1,0583049;0,06608525;-2,069643;0,5235932;0,0;110
5211;0,4125929;-0,42244607;0,15059122;-0,3348726;1,0;120
5212;0,1366126;0,228549;-0,63408065;-2,3175216;1,0;140
5213;-0,32661226;0,27416858;-1,4935269;-1,2689073;0,0;110
5214;-0,9966898;-1,1463851;2,0787418;2,6452367;1,0;140
5215;1,6257952;-0,6051141;3,9653466;0,93709564;1,0;150
5216;-0,46369666;-0,12463471;-0,75288796;-0,0712517;0,0;120
5217;0,88277465;-0,41941893;2,3506138;0,31471983;0,0;130
5218;-0,054640487;-1,1004988;0,6092578;0,57078016;1,0;120
5219;0,5151114;0,67389876;1,0422683;-1,4268568;1,0;140
5220;-0,18244296;-0,14349547;-1,2773429;0,3741075;0,0;110
5221;-0,46731555;-0,14550257;-1,0007173;-0,51325476;0,0;125
5222;-0,16686136;0,23448998;-0,73831224;-0,671257;0,0;120
5223;-0,63087416;-0,3302576;-0,18070966;0,9815105;1,0;120
5224;0,26065198;-0,30630314;-0,043087825;-0,06634248;1,0;120
5225;1,40516;-0,24714313;3,0537739;1,2269901;1,0;140
5226;0,6648272;0,09410864;2,6395614;0,22996467;1,0;140
5227;-0,8148979;0,14888361;-1,9430935;1,3687928;0,0;100
5228;-0,42251238;-0,16672923;-0,81817126;-0,024812851;0,0;120
5229;0,16787854;0,13776597;0,30329776;-1,390518;0,0;130
5230;-0,59656554;0,11255115;-2,1827223;0,6098509;0,0;110
5231;0,17887965;0,5082279;1,0411352;-1,7130151;1,0;150
5232;-0,53183585;-0,073286235;-1,0398446;-0,5981294;0,0;120
5233;-0,11829143;0,07891992;-1,2200638;-0,8178773;0,0;120
5234;-0,7129416;0,075708754;-1,7542545;1,0347459;0,0;110
5235;0,3896167;-0,17445683;1,1338259;0,2900375;1,0;130
5236;-0,8661585;0,20272586;-1,8407387;0,95016944;1,0;100
5237;-0,7982628;0,41242862;-2,6764376;0,7866224;0,0;100
5238;0,38841203;0,51930624;0,8031719;-2,394534;1,0;160
5239;0,34172425;-0,047243953;0,5747944;-0,19495936;0,0;140
5240;0,07049909;-0,57653975;1,605973;0,19850168;1,0;150
5241;-1,0787244;0,49435794;-3,7768161;1,4362295;0,0;90
5242;0,3380957;-0,897657;-0,26329765;2,0925786;0,0;120
5243;0,68832266;-0,69865143;1,1172755;0,8304621;0,0;120
5244;-0,55529076;0,4121825;-1,3998358;-0,6893358;1,0;110
5245;2,6189535;1,5113297;4,702875;-0,63010037;1,0;170
5246;0,28781298;0,3327797;0,025389686;-0,93285775;1,0;130
5247;0,35834652;-0,09091166;0,81187844;-0,35095286;1,0;140
5248;-0,56832683;-0,26333612;-1,123994;0,021968216;0,0;120
5249;0,05601911;-0,8295055;0,3187897;0,2760922;1,0;120
5250;-0,5409892;-0,31836998;-1,9316626;1,4901066;0,0;110
5251;0,6016103;-0,15736054;1,3076571;-1,5049525;1,0;140
5252;0,22698145;-0,8097573;-0,9798815;1,5941999;0,0;100
5253;-1,0238392;0,40586138;-3,1369948;1,5001745;0,0;100
5254;-0,6391412;-0,55812657;0,43139002;0,1255923;1,0;150
5255;1,009685;-0,9611403;2,5267467;0,950174;1,0;130
5256;0,13892482;0,17203546;-0,08459246;-1,4219489;1,0;150
5257;-0,10596291;0,13125403;-0,83473337;-1,6386786;0,0;130
5258;-1,0624683;0,48046684;-3,1919372;1,8878144;0,0;90
5259;-0,5480846;-0,46018577;-1,3402538;0,86707985;1,0;120
5260;-0,35331663;-1,6683377;1,2805591;1,7790499;1,0;120
5261;-0,75658256;0,22145419;-1,9647307;0,8595474;0,0;100
5262;-0,064681895;0,070959315;-0,6650574;-0,6972122;0,0;120
5263;0,50931865;-0,51348805;0,7755399;0,70335233;1,0;120
5264;0,34838235;-0,41891927;-0,10470182;-0,49222717;0,0;120
5265;-0,63715225;0,3526709;-2,173651;-0,051845185;1,0;110
5266;-0,1561055;0,007000886;-0,5910006;-0,36980158;0,0;110
5267;-0,6357933;-0,3328101;-0,06433794;-0,47911045;0,0;130
5268;0,49854186;0,45947516;0,6879607;-0,65561414;0,0;140
5269;0,32078677;-0,25620973;0,23319417;-0,2600251;1,0;120
5270;0,4183592;0,34318173;0,82042956;-0,9368936;1,0;160
5271;2,4151382;1,091098;3,430161;-2,274743;1,0;170
5272;-0,5352311;-0,25958657;-1,8018292;-0,40266463;0,0;120
5273;-0,50371253;0,19217452;-1,5163746;-0,36222973;1,0;110
5274;0,7295906;0,22034654;1,2067869;0,4675797;1,0;130
5275;0,26836985;-0,26340783;0,35069382;0,14343819;0,0;120
5276;-0,17819266;-0,77824986;-0,35433975;1,0612369;0,0;130
5277;-0,49574658;0,11964429;-1,6898358;0,44017667;0,0;110
5278;-0,25194585;-0,42979562;0,07416547;1,3742974;1,0;120
5279;-0,49386665;-0,3474666;-1,8695831;1,5082868;0,0;110
5280;-0,34143624;-0,13292709;-0,8646891;-0,40088;0,0;120
5281;1,8696;0,36670345;3,4346445;-0,97102594;0,0;160
5282;0,5046009;-0,53276837;0,5354312;0,10606833;0,0;120
5283;-0,55081034;-0,23784511;-0,8491564;0,44647953;1,0;120
5284;-0,4644093;-0,2835076;-0,96124697;0,33171308;1,0;120
5285;-0,37119216;-0,29546636;-2,2059588;0,78218484;0,0;110
5286;-0,46017602;-0,19964412;-1,8574257;-0,567891;0,0;120
5287;-0,48508817;-1,034277;0,8124473;0,71677315;1,0;130
5288;0,040658914;-2,2988994;3,6616762;2,3529387;1,0;140
5289;-0,46409923;0,2841187;-2,02629;-0,8088325;0,0;110
5290;-0,7214419;0,33376348;-2,053302;0,7090763;0,0;110
5291;-0,091371976;-0,64892167;-0,2867077;0,53962445;1,0;120
5292;1,3645307;0,10940847;2,659551;0,30682328;1,0;160
5293;-0,5350925;-0,42867416;-0,41465244;1,3030779;0,0;120
5294;-0,42814997;-0,07539108;-1,409513;-0,82218146;0,0;120
5295;-0,021874215;0,21232833;-0,60708034;-0,6365402;1,0;130
5296;0,5163168;0,5774715;1,014574;-2,2727854;1,0;160
5297;0,20878051;-0,26132;-0,17842193;-0,11360144;0,0;120
5298;-0,12819538;-0,60988027;0,41854244;0,75420797;1,0;120
5299;1,4783349;1,1898764;1,3185182;-2,1520927;0,0;170
5300;0,08941097;0,21513037;0,20332581;-1,211581;1,0;140
5301;-0,49561498;0,07830337;-1,4263729;0,8835629;1,0;110
5302;-0,098826416;-0,20852914;-1,3749065;1,8119526;1,0;110
5303;-0,82405585;0,3308;-2,2258995;0,4738454;0,0;120
5304;-0,6028633;-0,1547412;-0,3312521;0,54105854;0,0;120
5305;0,76018006;-0,48507082;1,5841511;-0,11873106;1,0;140
5306;-0,48589858;0,2862386;-1,5650904;-0,36035767;0,0;110
5307;-0,618242;-0,0046840683;-1,310999;0,8556173;0,0;120
5308;-0,49999508;-0,078780115;-0,74730587;-0,44355422;1,0;120
5309;-0,54319793;-0,47365034;-0,08884233;1,8247015;0,0;120
5310;-0,53447163;-0,2903611;-1,3444939;0,75444365;0,0;110
5311;-0,4961942;-0,2293482;-1,2400078;-0,05799724;1,0;120
5312;0,29107794;-0,3508944;-0,18568847;-0,4933156;0,0;120
5313;1,1328698;0,474554;2,025084;-0,36118022;1,0;160
5314;1,0125685;-0,26121658;1,7810495;0,45171097;0,0;130
5315;0,8470593;0,0959419;2,2500567;-0,4804684;1,0;150
5316;-0,48125872;-0,25422382;-0,42366278;0,72137344;0,0;120
5317;-0,20641547;-0,6421882;0,2285014;1,1739328;0,0;120
5318;-0,4199724;-0,14423099;-1,0102714;-0,24347612;0,0;120
5319;-0,2182333;0,12749249;-1,4525045;-1,319078;0,0;120
5320;1,6363848;0,49762732;2,6980803;-0,6997341;1,0;160
5321;3,056188;1,6750507;3,9413073;-2,3006501;1,0;190
5322;0,30930418;0,5258945;-0,34669387;-1,2494414;1,0;140
5323;0,49086064;0,042885117;1,0111896;-0,47598872;0,0;135
5324;0,6351126;0,48603666;1,0267806;-0,77303207;1,0;150
5325;0,11063013;-0,44193542;-0,95598793;-0,05394251;0,0;113
5326;-0,55779266;-0,18265165;-0,5463673;0,38415146;1,0;120
5327;-0,15271008;0,13800216;-1,1075295;-1,2396753;0,0;125
5328;-0,23899798;-0,6358355;-0,19022503;1,1382432;0,0;120
5329;-0,19726698;-0,48508024;0,16054213;1,0019532;0,0;120
5330;0,064982265;0,33061355;-0,21040359;-2,2194161;1,0;140
5331;-0,401401;-0,35395974;-0,919531;0,58472586;1,0;120
5332;-0,6083782;0,29631096;-2,6968446;0,6761519;0,0;100
5333;0,97811836;-0,3158731;2,5092354;-0,01812628;0,0;140
5334;1,0206624;0,37268758;2,4925768;-0,62745476;0,0;140
5335;0,48028347;-0,59867954;0,42971262;-0,04731652;0,0;110
5336;-0,64335823;-0,33730805;-1,1684747;0,6448432;0,0;120
5337;0,43604526;-0,3575365;0,3225561;-0,5193969;0,0;130
5338;0,23233148;0,36077344;0,49098763;-0,75031734;1,0;130
5339;0,96717083;-0,22883089;2,292536;-0,026830854;1,0;140
5340;0,64750963;-0,17609596;1,7198516;-1,5535638;1,0;140
5341;-0,42137095;-1,3564305;1,9390482;0,6487155;1,0;150
5342;-0,58335704;-0,40962452;0,6481883;0,31378347;0,0;130
5343;-0,60570353;0,24317168;-1,9620633;-0,102471665;0,0;110
5344;-0,71994406;0,3226351;-2,9753547;-0,118155375;0,0;100
5345;0,25484365;-0,10517277;1,1874647;0,97052824;0,0;120
5346;0,8443639;1,0710227;1,3474642;-2,5368812;0,0;160
5347;-0,07654947;0,12661451;-0,8749052;-0,6063138;1,0;120
5348;-0,67292404;-0,32926023;-1,6446965;0,1492851;0,0;120
5349;-0,38353232;-0,3669337;-0,59942067;0,6600486;1,0;120
5350;-0,07600735;0,12227045;-0,5061493;-0,8952724;1,0;120
5351;-0,41488126;-0,27404904;-0,41638812;0,60702884;0,0;120
5352;-0,33806375;-0,13224523;-0,7861054;-0,35518092;0,0;120
5353;0,13331595;-0,5335792;-1,2767712;0,25956035;0,0;110
5354;-0,46021038;-0,17520136;-0,8528575;0,049569987;0,0;120
5355;-0,3660514;-0,17525469;-1,0227911;0,48411718;1,0;120
5356;-0,47718358;-0,42248845;0,0118102655;0,35780504;0,0;140
5357;0,44821367;-0,39004946;0,8896916;0,6638731;1,0;120
5358;-0,36410213;-0,19298182;-0,86083937;-0,009893481;0,0;120
5359;1,641896;1,3054816;2,198213;-1,8057995;1,0;190
5360;-0,06100887;-0,53057677;-0,23027548;0,023005545;0,0;120
5361;-0,38304135;-0,18390761;-1,2996806;0,56197834;0,0;120
5362;0,7417206;0,037012864;1,266274;0,65821683;0,0;127
5363;-0,07589238;0,026941314;-1,2334284;-1,0734463;1,0;120
5364;0,78057146;0,18017837;1,4410352;0,6213151;1,0;130
5365;-0,012450784;-0,87398756;0,2301755;0,66100967;1,0;120
5366;0,17649613;-0,9109905;-1,1890466;1,2167226;1,0;110
5367;0,06354871;0,15032193;-0,7312155;-1,1849983;1,0;140
5368;-0,6592735;0,4381374;-2,7265975;-0,75467134;0,0;100
5369;0,38841805;0,647291;1,2750264;-2,4056103;1,0;160
5370;-0,07244283;-0,006356582;-0,700732;-0,9188329;1,0;120
5371;1,682028;0,6859284;2,958056;-1,5385835;1,0;160
5372;-0,3431997;-0,1774083;-1,3320011;0,103717834;0,0;120
5373;-0,6628027;-0,31886584;-1,1415218;0,46304205;0,0;120
5374;0,5545577;0,3712598;0,60800695;-0,081980355;0,0;130
5375;-0,58203894;-0,39369732;-1,6713535;0,36596313;0,0;120
5376;0,16822624;-1,1937654;0,8916007;0,9002398;0,0;120
5377;-0,150863;0,10664423;-0,76927423;-0,61854494;1,0;120
5378;0,749704;0,22729068;2,2412345;-0,3325947;0,0;150
5379;-0,6858632;-0,43127012;-0,21157306;1,6284218;0,0;120
5380;1,9632924;0,81218743;3,222003;-1,9007227;1,0;170
5381;-0,2681267;0,5274033;-1,2760578;-1,6549654;1,0;120
5382;0,042728364;0,2930736;-0,26687163;-0,96502805;1,0;140
5383;-0,38399777;-0,053643085;-1,0427594;-0,71970606;0,0;120
5384;-1,0772502;0,47310317;-3,130138;2,0118098;0,0;90
5385;-0,38850665;-0,12908107;-0,9531288;-0,34665078;0,0;120
5386;-0,018477658;-0,31437343;-1,0616522;1,3783824;0,0;120
5387;-0,4857329;-0,3001089;-0,25322336;0,9099089;0,0;120
5388;0,44136202;-0,17807797;0,7117703;-0,7432629;1,0;140
5389;0,1207139;-0,7705603;-0,31511378;1,0484595;0,0;120
5390;-0,29767525;-0,49799085;0,40458474;1,7199878;0,0;120
5391;0,28572407;-0,40077674;0,35803062;0,09736733;1,0;130
5392;-0,051966105;0,07337659;-0,46001828;-0,36887553;0,0;120
5393;-0,43256435;-0,19159822;-1,3150741;-0,25604868;1,0;120
5394;-0,31599554;-0,119480684;-0,9155116;-0,46568707;1,0;120
5395;-0,53564787;-0,22787426;-0,8255806;0,39954633;0,0;120
5396;0,0864009;-0,5506289;-2,4076953;2,3074765;0,0;90
5397;-0,6572539;-0,37200272;-1,7867448;0,20838773;0,0;120
5398;-0,61925143;-0,2700783;-0,8386482;0,6485038;0,0;120
5399;1,3574485;0,4183476;2,1691473;-1,4631262;0,0;150
5400;-0,5710707;-0,1137217;-1,4542162;-0,6755488;1,0;120
5401;-0,3420912;-0,1992307;-0,45522964;0,13636205;1,0;120
5402;-0,6173683;-0,32325578;-0,892933;0,6766205;0,0;120
5403;-0,18211804;-0,5652014;0,2753991;1,0281391;0,0;120
5404;-0,090148866;0,085742205;-0,40901646;-0,43153888;0,0;120
5405;-0,42713267;-0,3372752;-0,4718542;0,85598135;0,0;120
5406;-0,6823365;0,068097696;-1,4882026;1,1192517;0,0;110
5407;-0,27172163;0,2544636;-2,0112815;-1,6748846;0,0;120
5408;-0,05428732;-0,0801366;-0,8531133;-0,62374187;1,0;120
5409;-0,08634685;-0,75665456;0,34122574;0,18834163;0,0;130
5410;-0,83076054;-0,5536913;-0,22793397;0,11057098;1,0;130
5411;-0,26685125;0,25388736;-1,7392707;-2,3402169;0,0;120
5412;-0,5430272;0,15613967;-1,8965529;-0,3825294;0,0;120
5413;-0,80950505;0,12144882;-2,7975535;-0,5326631;0,0;110
5414;1,2363874;1,0257748;1,5086746;-2,7006412;1,0;180
5415;0,16442546;-0,14838125;-0,083099455;0,035974994;1,0;120
5416;-0,30080292;-0,1908386;-1,200733;1,1274548;0,0;110
5417;-0,05344857;0,0934038;-0,57361805;-0,421975;0,0;120
5418;-0,023802374;0,3509823;-1,5543878;-1,8249223;0,0;120
5419;-0,44744867;-0,30163133;-0,7846396;0,47942278;0,0;120
5420;-0,42357442;-0,11938335;-1,0403147;-0,35903734;0,0;120
5421;-0,91255784;0,4496081;-2,6970713;0,7347765;0,0;100
5422;-0,13702485;-0,4904878;-0,1068203;0,45454648;0,0;120
5423;0,25682083;-0,30308503;-0,013543442;-0,12515754;1,0;120
5424;-0,49169394;-0,113938466;-1,4994144;-0,6432116;0,0;120
5425;0,30141065;-0,35598546;-0,1919491;-0,6606232;0,0;120
5426;-0,44924116;-0,25003648;-1,0142119;-0,41190955;0,0;130
5427;-0,22467585;-0,84263444;1,1932839;0,83589256;1,0;120
5428;0,44346088;0,46232635;0,18612696;-0,50315547;1,0;150
5429;0,79943854;0,1649793;2,3232024;0,9597802;1,0;150
5430;-0,3067828;-0,08010606;-0,7500553;-0,58579516;1,0;130
5431;-0,38498256;-0,28831232;-0,5917418;-0,47115424;0,0;120
5432;-0,6486301;0,41264844;-2,8457096;-1,2681193;0,0;100
5433;-0,21258786;-1,3613764;-0,041585043;2,138277;1,0;110
5434;-0,6396952;0,043251194;-1,6237935;1,2916639;0,0;110
5435;0,33006313;0,33023858;0,77109075;-1,2338473;1,0;160
5436;-0,16891609;0,08339206;-1,1081825;-1,0057584;0,0;120
5437;-0,52670234;0,17050754;-1,3742341;0,6137519;0,0;115
5438;-0,662482;-0,3545779;-0,79119205;0,8677771;0,0;120
5439;-1,0332358;0,64307576;-2,6270769;1,203821;0,0;90
5440;-0,5665757;-0,39113784;-1,0830965;0,44361392;1,0;120
5441;0,8198487;0,14071342;1,4544032;-0,43878937;1,0;145
5442;0,41141582;-0,29016376;0,035889488;-0,3226612;1,0;130
5443;0,22163576;-0,22644986;0,24543865;-0,24272431;1,0;140
5444;-0,33017838;-0,14227085;-1,1640105;-0,5621705;0,0;120
5445;0,21236677;-1,1133124;0,7566551;1,3244071;0,0;120
5446;-0,8895266;-0,62016046;-0,4427148;0,033875108;1,0;150
5447;-0,36239275;-0,66536635;0,7113385;1,8818941;1,0;120
5448;1,2490203;-0,8001746;3,56872;0,51499856;1,0;140
5449;-0,3401434;-0,28329623;-0,3343342;0,4982513;1,0;120
5450;-0,12877347;-0,57090616;0,033117633;0,58653677;0,0;120
5451;-0,041948453;0,5374286;0,5954697;-2,1302521;1,0;140
5452;-0,04633824;-1,4149358;1,1116425;1,8065567;0,0;120
5453;-0,16433899;-0,6154632;0,897591;0,647737;1,0;130
5454;-0,6008902;-0,36745518;-1,1383667;0,6421772;0,0;120
5455;-0,08979232;-0,4022985;-1,8325566;2,956781;0,0;100
5456;-0,06557497;-0,57820296;-0,22411844;0,6048552;1,0;130
5457;-0,41909954;-0,17415924;-1,9464829;0,009937562;0,0;120
5458;-0,41782194;-0,36067158;-0,3710606;1,013906;1,0;120
5459;0,7640074;-0,09909153;1,4168173;-0,02788237;1,0;130
5460;-0,55468553;-0,22636484;-1,0136676;0,06063483;1,0;120
5461;0,21113753;-0,22415255;0,27183592;-0,0211006;0,0;120
5462;0,30038697;0,650803;-0,043081395;-2,0726166;1,0;130
5463;-0,0640277;0,056840565;-0,67668104;-0,69715667;1,0;120
5464;0,07751563;0,10264952;-0,7467023;-1,429915;1,0;140
5465;0,42020038;-1,2198102;0,53301907;2,8614168;0,0;110
5466;-0,3615678;-0,1000496;-1,4408497;-0,7737111;0,0;120
5467;-0,6443943;-0,43176788;-1,1871755;1,0083773;0,0;120
5468;0,9646009;-0,23726214;2,2652044;-0,8569349;0,0;150
5469;0,06438788;0,24532281;-0,43551213;-1,2654184;0,0;140
5470;-0,014291469;-1,6271323;2,236718;1,0903671;1,0;130
5471;0,32638654;-0,13405962;0,9785118;0,252795;1,0;130
5472;-0,08910843;0,06290741;-0,53329873;-0,36595935;1,0;120
5473;1,184536;0,07309314;2,5178823;1,056857;1,0;140
5474;-0,3822365;-0,31768727;-0,5385335;0,63925827;1,0;120
5475;-0,996943;0,41646117;-2,3952518;1,6100115;0,0;100
5476;0,8675126;0,18998902;1,6001394;0,27004772;1,0;140
5477;-0,7386796;-0,06974516;-2,9344099;-0,07604004;0,0;100
5478;-0,8931318;-0,64962775;-0,56551516;-0,4808137;1,0;140
5479;-0,11010901;-0,5713085;0,4998551;0,75779414;0,0;120
5480;0,69282484;-0,030353911;1,6160879;-0,5728724;1,0;140
5481;-0,08894005;-0,45765585;-0,19223431;0,7201214;0,0;110
5482;0,8696847;-1,5104672;3,023845;2,1480637;0,0;130
5483;-0,06130086;-0,03330677;-0,46474826;-0,57023585;1,0;120
5484;-0,14853741;0,042048294;-1,09419;-1,0696876;0,0;120
5485;0,052093007;-0,9929306;0,51191294;0,48252663;0,0;120
5486;-0,5400274;0,42077053;-1,8526374;-0,7905272;0,0;110
5487;-0,52870524;-0,47665912;-0,8747902;-0,52338314;0,0;130
5488;0,19081298;-0,17933148;-0,22422999;0,04442683;0,0;120
5489;-0,510562;-0,14262553;-1,2339818;-0,38113263;0,0;120
5490;-0,22716846;-0,49364787;0,6056424;1,455178;1,0;120
5491;-0,59605086;-0,5062569;-0,884555;1,4471924;0,0;120
5492;-0,68236244;-0,3284499;-0,9918895;0,03539788;1,0;130
5493;-0,19756886;-0,64886844;-0,47886473;1,3828241;0,0;108
5494;0,28375232;0,11766715;0,41494292;-1,2815974;1,0;140
5495;-0,71158624;-0,45161444;-0,26810938;0,650722;1,0;130
5496;-0,0023057004;0,12352861;-0,4098798;-0,04745332;0,0;120
5497;-0,41743502;-0,29838085;-0,5917051;0,47153923;0,0;120
5498;-0,18370765;-0,49467528;0,50343275;1,6965585;1,0;125
5499;-0,48288614;-0,17885976;-1,3750924;-0,3568253;0,0;120
5500;2,5731268;1,6454592;3,7477162;0,17844988;1,0;170
5501;-0,7533284;0,07256097;-1,7316915;1,0319037;0,0;110
5502;-0,39535326;-0,057430565;-1,212707;-0,7976779;0,0;120
5503;-0,8115974;0,1835312;-2,3455913;-0,15782757;0,0;110
5504;0,89886606;-0,5728514;2,0353436;0,6124542;1,0;140
5505;1,9852246;0,3532499;3,6803057;-0,6628778;1,0;160
5506;0,2362064;-0,5015129;-1,3368027;-0,5118567;0,0;110
5507;-0,28126284;-0,44620198;-0,99495757;1,7932997;1,0;110
5508;-0,034033034;0,06160323;-0,5607722;-0,8259187;0,0;120
5509;0,41831356;0,11224306;0,7457746;-0,20489098;1,0;130
5510;-0,32854125;-0,54481965;-0,5231994;2,7491457;1,0;110
5511;-0,834313;0,37176925;-3,1095247;0,4111211;1,0;90
5512;-0,29578653;-0,20343581;-1,279136;1,0747328;0,0;110
5513;-0,7501119;0,12978575;-2,2908707;0,47787043;1,0;110
5514;0,6474533;0,49491942;1,3286822;-0,63320446;1,0;150
5515;0,0023112965;-1,5122452;1,5792801;1,1329463;0,0;130
5516;-0,4246083;-0,29283345;-1,7515196;-0,6070062;0,0;110
5517;0,6616842;0,5431078;1,4264394;-0,4572933;1,0;150
5518;-0,6069477;-0,34464854;-1,4579539;0,34900707;0,0;120
5519;-0,40524304;-0,19148864;-0,9448509;-0,020482514;1,0;120
5520;-0,95295036;0,11163214;-1,941812;0,5791421;1,0;110
5521;-0,32429987;-0,08966789;-0,7861295;-0,48754516;0,0;120
5522;-0,21170765;-1,17734;0,97358227;0,9400883;1,0;130
5523;-0,6195271;-0,38304114;-0,6967132;1,0019339;0,0;120
5524;0,48022127;-0,03905254;1,3933178;-0,7868619;1,0;140
5525;-0,61429846;-0,353837;-0,68332756;1,0226102;0,0;120
5526;-0,031746536;-0,7216875;0,33907256;0,44429985;1,0;120
5527;0,8085125;-0,019826807;1,4420507;-0,5905869;1,0;140
5528;-0,12507965;-0,51099867;-0,22427782;0,46612808;1,0;120
5529;-0,43498105;-0,16561292;-0,70055544;-0,5339899;0,0;130
5530;-0,7639621;-0,42256802;-1,1434284;-0,2772041;0,0;120
5531;0,00234703;-0,6317677;-1,1664717;1,796921;0,0;110
5532;0,84701264;0,26193017;2,5617785;0,68870485;0,0;140
5533;0,30157214;-0,17605288;0,3387198;0,11227386;1,0;130
5534;-0,086827144;-0,5415579;0,21541329;0,34858865;0,0;120
5535;0,030076334;-0,86631334;-0,33531988;1,7594466;1,0;120
5536;-0,35390308;-0,69717795;0,7900529;0,35716578;0,0;130
5537;0,15299673;-0,96197385;-0,061532795;2,5173068;0,0;110
5538;0,11310412;-1,2969086;1,0407506;0,8685365;1,0;120
5539;1,259199;-0,17286332;2,247563;0,6585368;1,0;140
5540;1,025942;0,046838064;1,8821927;0,22329023;0,0;140
5541;0,07582219;-0,46310812;-0,9633322;0,6870811;0,0;110
5542;0,030479368;-0,5126096;0,02194615;1,7230127;0,0;110
5543;0,45131466;-0,29207438;0,114888005;-1,321902;1,0;130
5544;0,5306532;-0,25576735;0,50202763;-1,3185017;1,0;140
5545;0,31355643;-2,693389;5,0397396;2,788523;0,0;150
5546;-0,23312537;-0,2964248;-1,0662811;1,2291462;0,0;100
5547;-0,4202138;-0,30712003;-2,0495675;1,5000482;0,0;100
5548;0,61016816;-0,5271416;0,90038395;0,55839074;0,0;120
5549;-0,75090444;0,36260456;-2,6715953;-0,06252324;0,0;120
5550;0,46726045;0,40632015;1,0883019;-1,206357;1,0;150
5551;1,7133827;-0,26285207;4,2653036;-0,5874727;0,0;150
5552;-0,34259668;-1,2269566;1,0367018;0,9616649;1,0;140
5553;-0,60987055;-0,04688888;-2,1741881;0,78798604;0,0;110
5554;0,22108068;-0,12029542;0,53955567;0,5583421;0,0;120
5555;-0,45882696;-0,19593991;-0,9381174;-0,037548855;1,0;120
5556;-0,50003356;0,2672052;-2,1254144;-0,63787365;1,0;110
5557;0,4619863;-0,0005827844;1,3830469;-0,19791958;1,0;150
5558;-0,5007564;-0,3977937;-0,80027676;0,9266857;0,0;120
5559;-0,6678237;-0,48334396;-0,009870805;0,8357469;0,0;130
5560;-0,40779647;-0,17356133;-1,1836338;-0,3617803;0,0;120
5561;1,0566847;1,0860431;1,7879384;-1,862835;1,0;160
5562;0,61361474;0,7396213;-0,19941142;-3,1894608;1,0;150
5563;0,6235255;-0,18090484;1,3032477;-1,2084866;1,0;140
5564;0,4283417;0,45098603;0,43948823;-0,9762069;1,0;140
5565;-1,1111714;0,5266162;-3,042828;1,3578024;0,0;90
5566;1,0577765;0,13570362;1,6045896;-0,30788583;1,0;150
5567;-0,982727;0,48053527;-3,619292;0,7640245;0,0;100
5568;-0,71286404;0,20511988;-2,253167;0,8862684;0,0;100
5569;1,568782;-0,20655525;3,5531523;-0,2595672;0,0;160
5570;1,1143695;-0,2987594;2,345587;-0,010735698;1,0;140
5571;0,23918451;0,36248308;-0,075167924;-1,7583728;1,0;140
5572;-0,77766013;0,10286959;-2,4463053;0,7592107;0,0;110
5573;-0,7225122;0,046746805;-1,2619578;1,5760896;0,0;110
5574;0,2592705;-1,2722464;1,0761137;1,5228186;0,0;110
5575;-0,4852878;-0,86491203;-0,021905497;1,9876306;0,0;120
5576;0,6086955;0,5603532;0,605237;-0,8477074;1,0;150
5577;0,34596285;-0,06452704;0,7804548;-0,21081789;1,0;140
5578;0,1475248;-0,8205008;-1,1422894;1,1379874;0,0;110
5579;0,033363257;0,47526932;0,82483876;-2,0473924;0,0;140
5580;-0,7306837;0,36289883;-2,3108635;0,79326224;0,0;100
5581;0,22540021;-1,9603484;2,2064772;2,3938582;1,0;120
5582;-0,64712846;0,28122717;-1,965291;0,85839;1,0;110
5583;-0,38233334;-0,41837078;-0,40619442;1,1605421;0,0;120
5584;-0,0078372285;0,5929243;0,5916554;-2,7768233;1,0;150
5585;-0,010227215;-0,3641566;-0,4935919;0,32796288;0,0;120
5586;-0,06787659;-2,1626306;3,8157494;2,6125133;1,0;130
5587;-0,2883207;-0,15025695;-1,6262261;-0,9009826;0,0;120
5588;0,010336801;-0,050258078;-0,58282626;-0,25230294;0,0;120
5589;0,064148344;-0,9201825;0,3843916;0,4864461;0,0;120
5590;-0,04137879;0,08940582;-0,6456897;-0,64019895;0,0;120
5591;-0,3835978;0,12623236;-1,7474072;-0,543807;0,0;100
5592;1,4150527;0,41199547;2,2823608;-0,8608167;1,0;170
5593;-0,08936788;-0,8905994;0,19803225;0,5674182;0,0;120
5594;-0,59461313;-0,24814312;-1,7720929;-0,14186168;0,0;120
5595;0,48975945;0,45905674;0,48281088;-2,285952;1,0;140
5596;0,6532357;-0,23118885;1,1233628;-1,4588162;1,0;140
5597;1,1136147;-0,21053019;3,2334604;1,5838748;1,0;130
5598;-0,5500916;-1,9991735;1,8854542;2,3053193;0,0;130
5599;-0,75829285;0,26548308;-1,6718489;0,83152103;0,0;100
5600;0,13074584;0,28671384;0,7854775;-1,6381303;1,0;140
5601;-0,20556903;-0,66700697;0,0045162514;0,8281473;0,0;120
5602;0,8974396;0,116097674;1,0756949;-0,20315325;1,0;140
5603;0,9615375;-0,1736223;2,007422;-0,151401;1,0;140
5604;1,2818002;-0,29671127;2,7512271;0,6527877;1,0;140
5605;-0,55127615;-0,34278286;-1,1856196;0,5513562;0,0;120
5606;-0,5025667;-0,3591901;-1,299964;2,056665;1,0;110
5607;-0,56948644;-0,4264505;-0,20509574;1,5034416;1,0;120
5608;1,0100421;-0,80858004;2,0403934;1,2271802;1,0;130
5609;0,48255077;-0,14274006;0,8730262;-0,6600276;0,0;130
5610;0,31206247;-0,2529425;0,81180954;0,13583876;1,0;120
5611;-0,15015303;-0,7642546;0,39306653;0,6288824;0,0;110
5612;0,45549202;-0,2896363;0,22768933;-1,3054012;1,0;130
5613;0,66265225;0,8610472;1,2804781;-2,2828453;0,0;150
5614;-0,3395128;-0,542114;-0,024569258;1,5804446;1,0;120
5615;-0,47417435;-0,18976438;-0,5166662;-0,6961982;0,0;120
5616;-0,82857144;-2,1639786;2,5704744;2,4323509;1,0;140
5617;0,7242313;0,07994464;1,6383206;-0,9480883;1,0;150
5618;-0,08977567;0,011431692;-0,6263603;-0,4211864;0,0;120
5619;0,1708142;0,35602462;-0,3299501;-2,073521;1,0;140
5620;-0,29502398;-0,099644616;-1,1160909;-0,662753;1,0;120
5621;4,071274;3,4206038;4,557993;-5,0603848;1,0;200
5622;-0,39732987;-0,2079978;-1,0192658;-0,12672746;1,0;120
5623;-0,1196806;-0,60688674;-0,9953381;1,4133427;0,0;110
5624;1,0140169;-0,20663585;1,8575164;-0,2912805;1,0;140
5625;0,17994504;-1,2827034;1,3062819;1,6983726;0,0;130
5626;-0,4475086;-0,10662395;-1,1034648;-0,4078446;0,0;120
5627;-0,8869579;-0,64579654;0,37711966;-0,021607466;1,0;140
5628;1,5175226;-0,12481265;3,458555;-0,734269;1,0;180
5629;-0,44567758;0,20517397;-1,8191;-0,7214861;0,0;120
5630;-0,25686172;-0,64035255;-0,5192112;1,8233109;0,0;120
5631;0,2221364;-0,22898914;0,1473255;0,21210864;1,0;120
5632;0,95969754;-0,6427484;2,5389585;-0,16542397;1,0;130
5633;0,267771;-0,2976852;0,09064661;-0,302208;1,0;120
5634;-0,27103996;-0,061961934;-0,8907782;-0,52431285;0,0;120
5635;0,66662794;0,4730332;0,031773817;-1,2022557;1,0;150
5636;0,17206977;0,38758785;-0,2521937;-1,2107832;1,0;130
5637;-0,13109274;-0,6933508;0,2224489;0,80769086;1,0;120
5638;-0,61193264;-0,08297692;-1,3196383;0,86572003;0,0;100
5639;-0,062217824;0,15030524;-0,19503462;-0,81798756;1,0;130
5640;1,1801635;0,32014877;2,3990526;-0,85692453;0,0;160
5641;-0,21969116;-0,10248928;-1,4787426;-0,71742845;0,0;120
5642;0,38664827;0,5001624;0,88054526;-0,6739726;1,0;140
5643;0,68823165;-0,1668005;0,8630173;-0,62735724;0,0;130
5644;0,18389076;0,2515539;0,39153853;-2,3804138;0,0;150
5645;-0,4330749;-0,30642068;-0,9814501;0,8512418;0,0;110
5646;-0,043401748;0,06854584;-0,6107279;-0,7754605;1,0;120
5647;-0,713657;0,2815534;-2,238074;0,35413608;0,0;100
5648;-0,17299351;-0,35245854;0,049518205;0,54328287;1,0;120
5649;-0,07331384;0,45526367;-0,735714;-2,3572092;1,0;140
5650;-0,25599858;-0,5914161;-0,039741434;1,2250512;0,0;120
5651;-0,99295145;0,380041;-2,5555766;1,8048573;0,0;100
5652;-0,60453135;-0,42514735;0,352307;-0,10523323;0,0;130
5653;-0,1960431;-0,34971267;0,18056145;0,69734967;0,0;120
5654;-0,45816892;-0,23400386;-1,7514882;0,42171577;0,0;120
5655;0,37767044;-0,15961163;0,6390758;-0,17728476;1,0;130
5656;-0,54429376;-0,31987548;-1,4651284;1,2214649;0,0;120
5657;-0,12804295;-2,1221185;1,8015277;2,7517955;0,0;110
5658;0,28081986;-0,011728525;1,2401801;0,80302584;1,0;130
5659;-0,73483276;-0,2782771;-0,47979915;0,6644757;0,0;120
5660;-0,26457602;-0,08665762;-1,2882448;-0,077027;1,0;120
5661;0,14389458;-1,1230607;0,51744807;1,3770455;0,0;120
5662;0,70759743;0,13171391;1,0523283;0,12378259;0,0;130
5663;1,064812;0,768556;1,3351241;-0,77575755;1,0;150
5664;-0,10428064;0,36732256;-0,18884683;-1,2387869;1,0;130
5665;-0,5036976;-0,23765357;-0,8022634;0,20118174;0,0;120
5666;-0,24764514;-0,21635728;-0,5205176;0,54677796;1,0;130
5667;-0,60685605;-0,24323161;-0,79970396;-0,5125894;1,0;120
5668;1,3489393;0,67143244;2,3641007;-0,3156698;1,0;150
5669;0,1719063;0,1459325;-0,90975416;-1,0107117;0,0;120
5670;-0,25191325;-0,41511893;1,4589906;2,518879;0,0;120
5671;-0,25168037;-0,1346577;-1,1262089;0,36957514;1,0;120
5672;0,09056354;0,32563716;0,28564855;-2,0177774;1,0;140
5673;-0,600791;-0,3253464;-1,3742085;1,0992367;0,0;110
5674;-0,12517907;-0,036428593;-1,2749375;-0,6218548;1,0;130
5675;0,40279886;0,5358662;0,61838555;-0,77371216;1,0;140
5676;-0,16901682;0,085343316;-1,1192244;-0,98377705;1,0;120
5677;-0,68723154;-0,38887376;-1,2884665;0,61895216;0,0;120
5678;1,0421;0,7167645;1,2836188;-1,7757573;1,0;150
5679;-0,87336534;0,37155616;-2,698034;1,4019642;0,0;100
5680;1,2782186;-0,12143506;2,514558;1,5027083;1,0;130
5681;0,5115866;0,48046297;0,71538067;-0,5662824;1,0;140
5682;0,29788762;-0,079522476;0,58905125;0,37614182;1,0;130
5683;0,94759727;0,13068783;1,3410091;-0,17818378;0,0;145
5684;-0,16855045;-0,8446667;0,8422202;0,9931421;1,0;120
5685;0,028738055;-1,091918;1,1033835;0,6800833;0,0;140
5686;0,6715665;-0,017633978;1,2374202;-0,7272444;1,0;140
5687;-0,5759481;0,09822022;-1,9526896;0,745051;0,0;110
5688;0,08751545;0,27162403;0,26486343;-0,56058645;1,0;120
5689;0,06506235;0,13565141;-0,55960214;-1,387985;1,0;140
5690;0,18560909;-0,728139;-0,50791323;1,4162652;0,0;110
5691;-0,41635326;-0,13916793;-1,1528908;-0,36383617;0,0;120
5692;-0,8774515;0,56463754;-3,3551805;0,21949822;0,0;90
5693;-0,6468871;-0,50014925;-0,37688684;1,3856306;1,0;125
5694;-0,6072633;-0,38119167;-0,39384887;1,1310681;0,0;120
5695;-0,36963278;-0,7890729;-0,03154438;1,6627965;0,0;120
5696;-0,48950905;-0,14420149;-0,5897313;-0,30501917;0,0;110
5697;0,36175475;0,28750208;0,60301006;-0,44774824;1,0;130
5698;0,24060927;0,34011918;1,0760279;-1,3321205;1,0;145
5699;0,19764444;0,2948568;0,544789;-1,0494759;1,0;135
5700;-0,37006912;-0,083777;-1,7207956;-1,0514116;0,0;120
5701;-0,55252165;-0,08566658;-1,6839516;-1,0590825;0,0;120
5702;0,07027621;-0,98453516;1,022678;0,36482635;1,0;120
5703;0,45609722;-2,3500693;2,9407895;2,9508414;0,0;120
5704;-0,03414149;-2,072545;2,4800122;2,370822;1,0;130
5705;-0,22768492;0,29358685;-1,325067;-1,8059347;0,0;130
5706;1,9858915;0,9428386;3,2282958;-1,2571464;1,0;170
5707;2,085573;0,5049656;3,8308585;0,060707733;1,0;160
5708;0,5112924;0,2954743;0,76359224;-1,3047204;1,0;150
5709;0,7165551;0,5696792;0,99963987;-0,9189129;1,0;136
5710;0,29897073;0,55739576;0,4167623;-0,707345;1,0;140
5711;-0,04701228;-1,4734596;1,1352074;1,5981898;1,0;120
5712;0,13996165;0,22022694;0,13551936;-2,206048;1,0;140
5713;-0,037931178;-1,418231;1,119471;1,0667102;1,0;120
5714;0,50246465;0,5700093;0,9171121;-2,0371468;1,0;160
5715;-0,485472;-0,29372376;-0,47102058;0,7503511;0,0;120
5716;-0,04957405;-1,1940682;0,62444293;1,6538112;0,0;120
5717;-0,17311698;-0,10198194;-1,5113252;0,18808325;0,0;110
5718;0,36496896;0,6850026;0,7783294;-2,3002167;1,0;160
5719;1,0060459;0,41793787;2,1358573;0,589746;1,0;150
5720;0,70603037;-0,42274493;1,3966261;-0,07275133;1,0;131
5721;0,2573197;-0,13467568;0,45818317;-0,19084568;1,0;130
5722;1,1518933;-0,0069708824;2,6458821;-1,3084837;1,0;160
5723;-0,49321917;-0,24997322;0,14811586;-0,13271603;1,0;140
5724;-1,2029976;0,30047482;-3,5725646;-0,86035335;0,0;100
5725;-0,4852268;-0,30275154;-0,71063423;0,6194227;0,0;120
5726;1,0251676;-0,46720827;2,607761;-0,047144115;1,0;140
5727;-0,88508195;-0,6647682;0,3050964;0,09724389;1,0;140
5728;0,194535;0,32168376;0,37022555;-0,97111833;1,0;150
5729;0,37623912;-0,24725689;0,14060253;-0,42023888;1,0;130
5730;-0,2489278;-0,24745516;-1,2699863;0,8198513;0,0;110
5731;-0,30798358;-0,22729595;-1,9329231;0,26752624;0,0;100
5732;1,6895704;0,046113405;3,3798807;-0,44412264;1,0;170
5733;-0,6314765;0,1615599;-1,5613098;0,45066574;0,0;110
5734;-0,77384084;0,07520421;-1,8884239;1,117201;0,0;110
5735;-0,57683;-0,24825169;-0,49952567;0,78658557;0,0;120
5736;-0,06311162;-0,042585924;-0,55220723;-0,604408;1,0;120
5737;-0,2517582;0,3295164;-1,9766228;-2,008927;0,0;120
5738;-0,3886991;-0,04919696;-1,357885;-0,9249593;0,0;120
5739;0,60087997;-0,16496825;1,5832804;-0,90711105;1,0;157
5740;0,25581196;-0,30065942;-0,0072124153;-0,33285606;1,0;120
5741;-0,5931027;-0,37695974;-1,412006;0,48682228;0,0;120
5742;-0,08823073;-0,74211705;0,36599568;0,20944914;1,0;130
5743;-0,14770564;0,025951378;-1,0030948;-1,251034;1,0;120
5744;-0,20999418;-0,24845569;-0,3922069;0,1072986;1,0;120
5745;-1,4020227;0,7180365;-3,6817358;1,9930782;1,0;90
5746;1,2301923;0,26295355;2,5891109;0,9084101;1,0;150
5747;-0,055373132;-0,0026035383;-0,6580718;-0,77840173;0,0;120
5748;-0,7894934;-0,7081284;0,5213735;0,8050312;1,0;120
5749;-0,071115874;-0,63777363;-0,024726018;0,30845672;0,0;120
5750;1,6173842;0,49887407;2,8779233;-2,4580202;1,0;180
5751;0,7178429;-0,19318275;1,8598282;-1,6743046;1,0;170
5752;-0,53937894;0,0058269575;-1,9367683;0,735826;0,0;110
5753;-0,21349452;0,35583144;-1,0565681;-1,5689952;0,0;125
5754;0,07883778;0,2518925;0,4038753;-1,0890205;0,0;130
5755;-0,48016277;-0,25650173;-0,43249524;-0,3552593;0,0;120
5756;-0,56436205;-0,22553287;-1,2055416;0,15911327;0,0;120
5757;-0,21909165;-0,5225369;-0,15816918;0,9831655;1,0;120
5758;0,31567514;-0,36950475;-0,20997837;-0,592011;0,0;120
5759;0,2314699;-0,19719394;-0,034268387;0,12317915;1,0;120
5760;0,2356028;-0,04005424;0,38220665;0,32667;1,0;130
5761;0,39798516;-0,28197676;0,61196625;-0,45876405;1,0;120
5762;0,8197593;0,36714995;2,4038317;0,8092382;1,0;140
5763;-0,5071047;-0,478154;0,18778692;0,7880508;0,0;120
5764;-0,15300314;0,1713293;-0,49153274;-0,7676357;1,0;120
5765;-0,7166312;0,14056346;-2,5784078;1,4069352;0,0;100
5766;0,09381639;-0,9411171;0,2908544;0,7882918;0,0;120
5767;0,54723567;-0,26999074;0,75080466;-0,74328125;1,0;140
5768;-0,42631778;-0,03346751;-0,92440295;-0,54695845;1,0;120
5769;-0,054812398;-0,4532007;0,007996138;0,58843756;0,0;110
5770;-0,62164915;-0,29887307;-1,2968245;0,60204375;0,0;100
5771;0,62796736;-0,13822459;1,8722482;-1,2155114;1,0;140
5772;0,025519371;-1,0146792;0,2726596;0,5518477;0,0;110
5773;-0,9005342;-0,75779814;-0,061323628;0,44023752;1,0;140
5774;-0,2436019;-0,42058086;-0,76375926;1,8575139;0,0;110
5775;1,5294788;-0,021321498;3,3719;0,5139047;0,0;140
5776;-0,057256408;0,072907284;-0,73116326;-0,57327294;0,0;120
5777;-0,41604716;-0,14176404;-1,0059443;-0,25209045;0,0;120
5778;-0,45029858;-0,09463015;-1,2991829;-0,614946;0,0;120
5779;-0,35433522;-0,17767972;-1,0328699;0,579638;0,0;120
5780;-0,6239447;-0,3310238;-0,44012153;-0,8555428;1,0;150
5781;-0,11578225;-0,045688525;-0,7368103;-0,25366116;1,0;130
5782;0,45779005;-0,58314335;0,2660339;0,12271012;0,0;110
5783;-0,34170607;-0,12873861;-1,3805338;-0,7326834;1,0;120
5784;1,8701378;0,18652295;3,7320182;-0,74428546;1,0;140
5785;-0,41500247;-0,21642797;-0,66304934;0,081235334;0,0;120
5786;0,26326844;0,15029566;0,67541254;-0,5748509;1,0;130
5787;0,29129696;-0,11805385;1,1632777;0,8069829;1,0;120
5788;-0,077291906;-0,5140267;-0,16614752;0,7221314;0,0;110
5789;-0,08695215;0,070792094;-0,8484489;-0,5656222;0,0;120
5790;-0,09529393;0,045455642;-0,7155925;-0,71185553;0,0;120
5791;-0,48962376;-0,33743763;-0,038224377;1,0663002;0,0;120
5792;0,025250014;-0,6439044;-0,42908722;1,0301282;0,0;120
5793;-0,45715097;0,23818968;-1,8720951;-0,19499736;0,0;109
5794;-0,49693254;-0,3331324;-1,4207832;1,885501;1,0;110
5795;-0,7878293;-0,35495424;0,056939922;0,4783317;1,0;135
5796;-0,056412887;-0,024140589;-0,49545836;-0,33465463;1,0;120
5797;-0,4224958;-1,7766424;2,3646433;1,2213717;1,0;140
5798;-0,3721385;-0,15136091;-1,3301268;-0,34388813;0,0;125
5799;-0,16088219;-0,15575597;-1,4419416;0,4470912;0,0;110
5800;-0,4497152;0,09913516;-1,304822;0,5187868;0,0;110
5801;1,0401806;1,0281422;1,9082808;-1,5562627;1,0;160
5802;0,55903345;-0,58994824;0,5898216;0,031700246;1,0;130
5803;-0,8780942;0,02117561;-1,3834683;1,0483551;0,0;110
5804;0,6568385;-0,76437634;0,82895553;0,48423138;1,0;100
5805;-0,12068575;-0,9074884;-0,36513534;1,6064026;0,0;115
5806;-0,31049243;-0,23486902;-0,6146171;0,6676254;0,0;110
5807;-0,08232165;-0,7771474;0,21600647;0,6287223;0,0;120
5808;0,54697174;0,53982204;0,10216683;-1,4557312;0,0;150
5809;-0,5704035;-0,4216252;-1,2457715;0,9129528;0,0;120
5810;1,2351815;1,0875963;2,2264655;-1,7930593;1,0;160
5811;0,1246769;0,34086198;-0,18033722;-1,380214;0,0;130
5812;0,9062047;0,4363492;2,3665488;1,164838;1,0;140
5813;-0,035395343;-0,9262282;0,10155609;0,98212373;0,0;120
5814;-0,18174125;-0,45758355;0,14500676;0,54734254;1,0;130
5815;0,3961396;-0,16386566;0,46656454;-0,55501544;1,0;140
5816;0,22725345;-0,52991915;-2,018668;-0,06441379;1,0;100
5817;-0,62871784;-0,20179035;-1,7092429;-0,43364435;0,0;120
5818;-0,113817625;-0,4629138;0,6395526;0,7489449;0,0;120
5819;0,39210382;0,48923856;0,177688;-0,49646637;1,0;130
5820;-0,0960082;0,15466249;-0,6404005;-0,8086103;0,0;120
5821;0,8232267;-0,057262585;1,7185518;-2,2152407;1,0;140
5822;-0,46420458;-0,09976208;-1,3181268;-0,58781505;0,0;120
5823;-0,0880989;0,38166463;-0,9173601;-2,3927248;1,0;120
5824;-0,13170286;0,24700187;-0,42727885;-0,71560836;0,0;120
5825;-0,24542657;-0,5508339;0,25526607;1,2408272;0,0;120
5826;0,7001551;0,49146652;1,116416;-1,3526196;1,0;140
5827;-0,4824183;0,17137027;-1,8399262;-0,49525824;0,0;120
5828;0,2992492;0,34641254;0,44101453;-0,62521863;1,0;130
5829;-0,4461362;-0,1778525;-0,9301201;-0,013535369;0,0;120
5830;2,1129253;0,33469802;4,1611347;-0,8879342;1,0;160
5831;-0,51893705;-0,3306064;-0,61831045;0,8395183;1,0;120
5832;-0,8049769;0,39523137;-1,9639521;0,51238906;0,0;110
5833;-0,7216344;0,11382039;-1,7036257;1,593066;0,0;100
5834;-0,16846445;0,07465144;-1,0587182;-1,104229;0,0;120
5835;0,5417846;0,6707525;1,0281034;-1,3989594;1,0;160
5836;-0,7348945;0,082245864;-2,064055;1,0089447;0,0;110
5837;-0,41282117;0,12725064;-1,9988291;-0,15165527;0,0;110
5838;-0,44387546;-0,20046082;-1,1218746;-0,05487279;0,0;120
5839;-0,4397775;-3,0268915;3,7666397;3,1388474;1,0;140
5840;-0,5776752;-0,9330235;1,228049;0,37850282;1,0;140
5841;-0,040501766;0,029358465;-0,3934998;-0,34269398;1,0;120
5842;0,36490726;0,35265207;0,08289288;-0,31246254;1,0;140
5843;0,27733788;-0,35086256;-0,29714817;-0,9035599;1,0;120
5844;-0,5067288;-0,27596897;-0,91579413;0,5021231;0,0;120
5845;0,13025787;-0,18343285;-0,20019218;-0,20400634;0,0;120
5846;0,37934348;-0,052800864;1,7768509;1,0554494;1,0;130
5847;-0,2877504;-1,1541076;1,3339562;0,95573795;0,0;124
5848;-0,06344796;0,027969837;-0,7299262;-0,4670187;1,0;120
5849;0,03600752;-0,40027422;-1,3952382;0,81542706;1,0;120
5850;-0,47757944;0,11339769;-1,3343552;0,07023534;0,0;120
5851;-0,8583162;0,36802077;-2,2957053;1,6354091;0,0;100
5852;-0,4352843;-0,101162136;-1,2276673;-0,6736225;0,0;120
5853;-0,1259959;0,1439063;-0,77891505;-0,80223596;0,0;120
5854;-0,5390886;0,18188292;-1,9682431;0,029412761;0,0;110
5855;-0,7297644;0,3748917;-2,3406825;0,8592633;0,0;100
5856;-0,7004324;0,11683343;-1,9600463;0,64199185;0,0;110
5857;0,1081755;-0,056342103;-0,11257033;-0,30104482;0,0;130
5858;0,67163193;-0,6186812;1,088272;0,14149378;1,0;120
5859;-0,11439937;-0,6298331;0,42575157;0,77426994;1,0;120
5860;0,23527513;-0,061100423;0,21631691;-0,12190483;1,0;130
5861;0,4726281;-0,095413625;0,97894454;-1,2931073;1,0;140
5862;-0,20783617;-0,6594232;-0,1135461;1,0272714;0,0;120
5863;-0,12206853;0,052347854;-0,95528877;-1,1777174;0,0;120
5864;-0,44651452;-0,2232839;-1,3031815;-0,13913551;0,0;120
5865;-0,5052904;-0,28623623;-0,9698467;0,38183954;1,0;120
5866;-0,37387434;-0,22711371;-1,6196215;0,011689156;0,0;110
5867;-0,6935857;0,04789507;-2,6072197;0,60213745;0,0;110
5868;-0,7826864;-0,023908801;-2,7961707;-1,3067737;0,0;110
5869;1,448574;0,9639318;2,032862;-0,72975564;1,0;160
5870;-0,06065838;0,16028234;-0,17102425;-0,6563698;1,0;130
5871;0,34171396;-0,37305868;0,3165151;-0,27229822;1,0;120
5872;-0,24345854;-0,4929723;1,1514119;0,8693476;1,0;140
5873;0,81470513;0,9433784;1,8448116;-1,1849701;1,0;170
5874;-0,5284165;0,003149379;-1,0307646;0,7149185;0,0;120
5875;-0,014323179;-0,6464211;-0,021868095;0,06093756;0,0;120
5876;0,6129586;0,36853403;1,0611439;0,31859553;1,0;140
5877;-0,23543184;0,16907793;-0,98687947;-1,5877912;1,0;120
5878;-0,15140106;0,08872035;-0,8453567;-0,6963905;0,0;120
5879;-0,313877;-0,15219314;-0,5968493;-0,13281205;0,0;120
5880;0,12645063;-0,4770807;-0,7501222;0,533007;0,0;110
5881;-0,45659018;-0,31855565;-1,0720179;0,4016148;0,0;120
5882;-0,059616268;-0,64420587;0,19690306;0,91437876;0,0;110
5883;0,3073355;-0,33787352;0,053347774;0,04741036;0,0;120
5884;-0,096565776;-0,35782826;0,7423358;0,8147795;0,0;120
5885;0,107631125;-0,46575123;-1,8296325;1,6348346;0,0;90
5886;0,62637657;-0,15241991;1,5121658;-0,90938985;1,0;140
5887;-0,5829804;-0,441101;-1,4525964;0,71043825;0,0;120
5888;-0,33549723;-0,3068648;-0,4853239;0,70703864;0,0;120
5889;0,056153428;0,41972482;-0,5353755;-2,3726938;0,0;140
5890;-0,24187547;-1,4575497;0,9112618;1,6625633;0,0;120
5891;-0,9788737;0,55866;-4,0683775;0,39599162;0,0;90
5892;1,0538219;-0,99768203;2,673841;1,1408062;0,0;130
5893;0,59818316;0,7488247;1,247274;-0,8077022;1,0;160
5894;-0,15016967;0,1275537;-2,1761339;-1,722897;0,0;120
5895;-0,34112313;-0,1490396;-0,97299075;-0,35988677;1,0;120
5896;-0,05758924;0,018308962;-0,4972303;-0,30443096;1,0;120
5897;0,15873478;-0,7541581;-1,1297051;1,6956058;0,0;110
5898;-0,30573532;-0,24926735;-0,842409;0,08817516;0,0;120
5899;0,17451641;0,2875928;-0,5015273;-0,7157545;1,0;120
5900;0,9143;0,37124735;2,456981;1,1092346;1,0;140
5901;-0,18712842;0,061489798;-1,6541017;-1,3735383;0,0;120
5902;0,18105917;-0,5640232;-1,1547252;0,26445848;0,0;110
5903;-0,42323765;-0,028129742;-1,382095;-1,0477397;0,0;120
5904;-0,05258793;-1,3106227;0,962013;0,973691;1,0;120
5905;1,3430694;0,52712077;2,6975322;-0,86915624;0,0;150
5906;0,3021074;-0,15040328;0,62388396;0,12571557;1,0;130
5907;0,25673118;-0,87125826;-0,7436243;0,85722864;1,0;110
5908;0,5559822;0,40417302;0,44485778;-1,3977239;1,0;150
5909;-0,18250675;-0,39332038;0,42020684;1,8316104;1,0;140
5910;1,8071569;0,8288714;3,1826396;-0,29536462;1,0;180
5911;-0,5994991;-0,43038887;-1,0126996;0,98197246;0,0;120
5912;-0,41071382;-0,25097454;-0,73626566;0,27714136;0,0;120
5913;-0,034234766;-0,049491704;-0,7434937;-0,69173634;0,0;120
5914;-0,32494524;-0,61226124;-0,049360275;1,5064974;0,0;120
5915;0,009528512;-0,418266;-0,9116379;1,8358307;0,0;100
5916;-0,44328785;-0,2763188;0,043679178;-0,12920648;1,0;120
5917;1,4274317;-0,67738277;3,5380695;0,92631567;1,0;140
5918;0,46032158;0,13258952;1,3164104;0,67015684;1,0;140
5919;0,5815819;0,057955064;1,7571472;0,8149041;1,0;140
5920;-0,056630325;0,038880195;-1,2705055;-0,79990506;0,0;120
5921;-0,43481237;-0,94263226;1,079927;0,5037848;1,0;130
5922;-0,05841972;-0,64925665;0,19622646;0,2557407;1,0;140
5923;-0,17588271;0,02995826;-1,6931334;-1,5130727;0,0;120
5924;0,32297552;-0,32501614;0,33441442;-0,053730227;0,0;120
5925;-0,2001011;0,13974836;-1,6615837;-1,3788362;0,0;120
5926;-0,59081954;-0,37817925;-1,3357799;0,54871655;0,0;120
5927;2,6270971;-1,3605881;6,46239;3,9681144;1,0;140
5928;-0,6682652;-0,28855288;-1,5289136;0,19297256;0,0;120
5929;0,38348326;0,40862203;-0,91433203;-1,328332;1,0;130
5930;-0,2852324;-0,29929805;-1,2499111;0,2544097;0,0;120
5931;0,21317334;-1,2211517;0,9552187;1,0499132;0,0;120
5932;0,26702744;-0,3936221;-0,21067342;-0,37832734;1,0;130
5933;-1,2414945;0,5421193;-3,817132;0,05469811;0,0;100
5934;0,041458532;0,2518894;-0,179494;-1,7849228;1,0;130
5935;0,43507668;-0,12019837;0,7870718;-0,8223299;1,0;130
5936;1,2133503;0,2151109;2,3834589;-1,297656;1,0;155
5937;1,436204;1,0687444;2,1997108;-1,5913696;1,0;180
5938;-0,41559646;-0,18477368;-1,0746547;-0,13829389;0,0;120
5939;0,406614;-0,33782333;0,34974608;-0,7925581;1,0;140
5940;-0,09612812;0,003360562;-1,3516307;-1,0414438;1,0;120
5941;-0,08255249;0,05390423;-0,36868304;-0,6803249;0,0;120
5942;0,5580651;-0,46632272;0,61257714;0,12631597;1,0;120
5943;-0,4183533;-0,13380958;-0,9807569;-0,27779225;1,0;120
5944;0,007091807;-0,79623276;0,21095015;0,46029887;0,0;120
5945;0,10729072;0,4284141;-0,022975788;-0,63422513;0,0;120
5946;0,75951;-0,59586304;1,5073477;0,6340805;1,0;130
5947;-0,5552306;-0,16379945;-0,29931378;0,25599596;1,0;120
5948;-0,5220433;-0,2427174;-1,0029701;0,31796303;0,0;120
5949;-0,8997585;0,17651568;-3,015876;0,7830745;0,0;100
5950;1,4873403;0,12515375;3,0718312;-1,2190433;1,0;150
5951;-0,36629173;-0,30105984;0,06371474;0,4885358;0,0;130
5952;1,1052681;-0,59494233;2,9382558;0,13418671;1,0;140
5953;-0,98491;0,50342053;-3,0331538;1,2469897;0,0;90
5954;-0,4219758;-0,19951886;-0,421034;-0,13006821;0,0;130
5955;0,9943716;-0,20980741;2,2047873;-0,052775525;1,0;140
5956;1,510452;0,010137022;3,1931553;-0,30026025;1,0;160
5957;-0,3646554;-0,15961064;-0,5840826;-0,14035761;1,0;120
5958;0,27073237;-0,2078515;-0,16954947;-0,27269384;1,0;120
5959;0,49485484;0,5842508;-0,062057257;-1,4435961;1,0;150
5960;-0,16832235;0,33780164;-0,78846765;-0,8292029;1,0;120
5961;-0,12056377;-0,9787789;0,55892986;0,4947851;0,0;120
5962;0,13199374;-1,2107264;0,8052081;0,9424573;0,0;130
5963;0,31205782;-0,3103822;0,3467754;0,09556614;0,0;120
5964;-0,09494747;0,06112571;-0,8424057;-0,5776526;0,0;120
5965;0,15479441;0,3663259;-0,12957582;-1,1974382;1,0;150
5966;0,5285256;0,6557777;0,8456559;-0,6817949;1,0;150
5967;0,3891301;-0,33485305;-0,015285544;-0,98150563;1,0;120
5968;0,057789367;-0,9970328;0,77016556;0,86924505;1,0;130
5969;-0,44871703;-0,29453605;-0,35486045;0,2880065;0,0;130
5970;-0,611777;-0,91329634;1,0849795;3,1496034;1,0;120
5971;0,8950086;0,47972196;1,6009274;-0,6133759;1,0;160
5972;-0,1631954;0,14707194;-0,43453383;-0,3307858;1,0;120
5973;-0,53889316;0,26780856;-1,8242186;-0,33676502;0,0;110
5974;-0,80202985;0,07197236;-1,8753245;1,1109395;0,0;110
5975;0,3025536;-0,9239264;0,4640264;1,5403286;0,0;120
5976;-0,19405577;0,17864713;-1,2074544;-1,869408;1,0;120
5977;0,4136834;-0,60245854;-0,059494063;0,21078426;1,0;120
5978;1,2408102;-0,47615367;3,3278692;-0,015905619;1,0;150
5979;0,8930709;0,8208878;1,7658912;-1,9947542;1,0;150
5980;-0,22994788;-0,5876326;0,5761243;1,0469964;1,0;130
5981;-0,46613577;0,22249371;-1,7144581;-0,6914357;0,0;110
5982;-0,39902636;-0,050394632;-1,022824;-0,74204254;0,0;120
5983;-0,40870485;0,2258214;-1,4969668;-0,6633378;0,0;100
5984;-0,30778944;-0,30617493;-1,601515;0,32092002;0,0;110
5985;2,5014725;0,3473729;4,855318;0,7863803;1,0;160
5986;-0,15117013;0,18353444;-1,1657339;-1,4180474;1,0;120
5987;-0,36713386;-0,17742082;-1,0538083;-0,20639396;1,0;120
5988;-0,91676056;0,58081204;-3,2400553;-0,07027631;1,0;100
5989;-0,028643358;-0,7257152;-0,47072804;0,4270017;0,0;110
5990;-0,22820392;0,20045239;-0,94573;-1,6288049;1,0;120
5991;0,4635871;-1,292586;0,5405556;2,8626268;0,0;110
5992;-0,9929313;0,32824755;-3,7036588;0,18707572;0,0;90
5993;1,3859301;1,0177596;2,0740077;-0,9568584;1,0;160
5994;1,4023613;0,19956054;2,857162;-1,2676902;1,0;150
5995;-0,29705864;-0,08846448;-1,0284841;-0,6306722;1,0;120
5996;-0,49629882;-0,7852276;0,8822864;2,9525306;0,0;120
5997;0,25585935;-0,27556646;0,20736934;0,019808665;0,0;120
5998;0,6273285;0,0038829707;0,9564918;0,44462475;1,0;120
5999;-0,4011945;0,077443615;-1,4913135;0,40913948;0,0;110
